pid,caption
pid,caption
1731067387385121293,#เสื้อกันหนาวผู้หญิง #เสื้อคลุมผู้หญิง #แฟชั่นหน้าหนาว | #เสื้อกันหนาวแฟชั่น #เสื้อกันหนาวมีฮู้ด #เสื้อคลุมมีฮู้ด | #เสื้อกันหนาวเกาหลี #แฟชั่นผู้หญิง #เสื้อผ้าผู้หญิง
1729647881131363226,#พัดลมพกพา #พัดลมชาร์จแบต #พัดลมมินิ | #พัดลมตั้งโต๊ะ #พัดลมไร้สาย #พัดลมพับได้ | #พัดลมA077 #พัดลมพกพาA077 #พัดลมusb
1729680878913751957,#กางเกงขากระบอก #กางเกงเอวสูง #กางเกงผ้าวูลเวฟ | #กางเกงสาวอวบ #กางเกงไซส์ใหญ่ #กางเกงทำงาน | #กางเกงแฟชั่น #กางเกงราคาถูก #กางเกงผู้หญิง
1729695555067677640,#รองเท้าผ้าใบผู้หญิง #รองเท้าสวมผู้หญิง #รองเท้าแฟชั่น | #รองเท้านุ่มเบา #รองเท้าใส่สบาย #รองเท้าผู้หญิง | #รองเท้าตาข่าย #รองเท้าลำลอง #รองเท้าเดินเล่น
1729712959921686529,#CRXไฟฉายคาดหัว #ไฟฉายคาดหัวT998 #ไฟฉายLEDแรงสูง | #ไฟฉายกรีดยาง #ไฟฉายส่องสัตว์ #ไฟฉายเดินป่า | #ไฟฉายแคมป์ปิ้ง #ไฟฉายชาร์จUSB #ไฟฉายคาดหัวแรงสูง
1729764235929684435,#กรรไกรแต่งกิ่ง #กรรไกรตัดแต่งกิ่ง #กรรไกรตัดกิ่งไม้ | #กรรไกรด้ามยาว #กรรไกรตัดกิ่งสูง #กรรไกรตัดกิ่งไม้สูง | #กรรไกรตัดกิ่ง1.5เมตร #กรรไกรแต่งกิ่งไม้ #กรรไกรตัดกิ่งไม้ด้ามยาว
1729954998339144639,#ปลั๊กไฟ #ปลั๊กไฟมียูเอสบี #ปลั๊กไฟ2300W | #รางปลั๊กไฟ #ปลั๊กยูเอสบี #ปลั๊กพ่วง | #ปลั๊กอเนกประสงค์ #หัวชาร์จยูเอสบี #ปลั๊กไฟอเนกประสงค์
1729987082605267667,#รองเท้าหนังผู้ชาย #รองเท้าหนังลำลอง #รองเท้าทำงาน | #รองเท้าหนังนิ่ม #รองเท้าผู้ชาย #รองเท้าใส่สบาย | #รองเท้าสลิปออน #รองเท้าหนังแฟชั่น #รองเท้าหนังสีน้ำตาล
1729999416453335358,#กรรไกรแต่งสวน #กรรไกรตัดหญ้า #กรรไกรตัดกิ่ง | #กรรไกรทำสวน #อุปกรณ์แต่งสวน #ตัดกิ่งไม้ | #กรรไกรสวน #ของใช้ทำสวน #เครื่องมือสวน
1730187102535649461,#พัดลมมือถือ #พัดลมพกพา #พัดลมมินิ | #พัดลมUSB #พัดลมเล็ก #พัดลมไร้สาย | #พัดลมจิ๋ว #พัดลมมือถือพกพา #พัดลมพกพามินิ
1730275906273446657,#ร่มออโต้ #ร่มพับอัตโนมัติ #ร่มกันแดด | #ร่มกันยูวี #ร่มuv #ร่มพับ | #ร่มราคาถูก #ร่มกันฝน #ร่มแฟชั่น
1730383565980141778,#ปลั๊กไฟมอก #ปลั๊กไฟ3ช่อง #ปลั๊กไฟ6ช่อง | #ปลั๊กไฟตัวยาว #ปลั๊กไฟ3เมตร #ปลั๊กไฟ5เมตร | #ปลั๊กไฟ10เมตร #ปลั๊กไฟได้มาตรฐาน #ปลั๊กไฟปลอดภัย
1730479608040164245,#กางเกงกระโปรงแฟชั่น #กางเกงกระโปรงเอวสูง #กางเกงกระโปรงสาวอวบ | #กางเกงกระโปรงขายาว #กางเกงกระโปรงสีพื้น #กางเกงกระโปรงคนอ้วน | #กางเกงกระโปรงไซส์ใหญ่ #กางเกงกระโปรงเกาหลี #กางเกงกระโปรงสวยๆ
1730787487529273840,#ร่มปลอกถ้วย #ร่ม28นิ้ว #ร่มกันยูวี | #ร่มสีดำ #ร่มด้ามจับงอ #ร่มกันแดด | #ร่มกันฝน #ร่มขนาดใหญ่ #ร่มราคาถูก
1730853800657520772,#พัดลมเทอร์โบ #พัดลมZOLURA #พัดลมF85ProMax | #พัดลมมือถือ #พัดลมพกพา #พัดลมมินิ | #พัดลมชาร์จได้ #พัดลมดิจิตอล #พัดลมไร้สาย
1730871494149573505,#กางเกงผู้หญิง #กางเกงสีขาวนม #กางเกงผ้าไหม | #กางเกงYamamoto #กางเกงฤดูร้อน #กางเกงบาง | #กางเกงกรดอะซิติก #กางเกงสแล็ค #กางเกงขายาว
1731030418480138965,#เคียวแมงกานีส #เคียวเกี่ยวหญ้า #เคียวถางป่า | #เคียวเหล็ก #เคียวเกี่ยวข้าว #เคียวตัดกิ่งไม้ | #มีดถางหญ้า #เคียวด้ามเหล็ก #เคียวคมๆ
1731197053159246700,#เคียวแมงกานีส #เคียวเหล็กแมงกานีส #เคียวเกี่ยวหญ้า | #เคียวเกี่ยวข้าว #มีดถางหญ้า #เคียวตัดกิ่งไม้ | #เคียวเหล็ก #เคียวด้ามยาว #เคียวตัดไม้
1731275614067328029,#กางเกงยีนส์ #กางเกงยีนส์เอวสูง #กางเกงยีนส์ขากระบอก | #กางเกงยีนส์ผู้หญิง #กางเกงขากระบอกใหญ่ #กางเกงยีนส์แฟชั่น | #กางเกงเอวสูง #กางเกงยีนส์สวยๆ #กางเกงยีนส์ราคาถูก
1731294558930961737,#ร่มกันแดด #ร่มกันฝน #ร่มLhome | #ร่มกันUV #ร่มพับได้ #ร่มกันลม | #ร่มขนาดใหญ่ #ร่มสองชั้น #ร่มแฟชั่น
1731306119151716172,#ไฟฉายคาดหัว #ไฟฉายส่องสัตว์ #ไฟฉายTS56A | #ไฟฉายคาดหัวแรงสูง #ไฟฉายกรีดยาง #ไฟฉายส่องกบ | #ไฟฉายLED #ไฟคาดหัว #ไฟส่องสัตว์
1731448295413418956,#ปลั๊กไฟ8ช่อง #ปลั๊กไฟUSB #ปลั๊กไฟTypeC | #ปลั๊กไฟ2500W #ปลั๊กไฟตาอ #ปลั๊กไฟบ้าน | #ปลั๊กไฟยาว #ปลั๊กไฟอเนกประสงค์ #รางปลั๊กไฟ
1731653884213167689,#กรรไกรตัดกิ่ง1.5เมตร #กรรไกรตัดกิ่งไม้สูง #กรรไกรตัดกิ่งด้ามยาว | #กรรไกรตัดต้นไม้คมๆ #กรรไกรตัดกิ่งไม้ใหญ่ #กรรไกรตัดแต่งกิ่งไม้ | #กรรไกรตัดกิ่งไม้เบาแรง #กรรไกรตัดกิ่งไม้1.5ม #กรรไกรตัดกิ่งไม้สูง1.5เมตร
1731743073218168354,#กางเกงยีนส์ขาสั้น #กางเกงยีนส์ผู้หญิง #กางเกงยีนส์เกาหลี | #กางเกงยีนส์เอวสูง #กางเกงขาสั้นผู้หญิง #กางเกงยีนส์แฟชั่น | #กางเกงขากว้าง #กางเกงยีนส์ไซส์ใหญ่ #กางเกงใส่สบาย
1731800921136924804,#พัดลมห้อยเอว #พัดลมคาดเอว #พัดลมติดเอว | #พัดลมแรงสูง #พัดลมพกพา #พัดลมแคมป์ปิ้ง | #พัดลมZOLURA #พัดลมไร้สาย #พัดลมพีย์ซี
1731804745040954521,#กางเกงยีนส์เอวสูง #กางเกงยีนส์ขา5ส่วน #กางเกงยีนส์แฟชั่น | #กางเกงยีนส์ผู้หญิง #กางเกงยีนส์ทรงสวย #กางเกงยีนส์ราคาถูก | #กางเกงยีนส์สีฟอก #กางเกงยีนส์เกาหลี #กางเกงยีนส์ยอดฮิต
1731848076626331256,#กางเกง8ส่วน #กางเกงขากระบอก #กางเกงไมโคร | #กางเกงทำงาน #กางเกงผู้หญิง #กางเกงแฟชั่น | #กางเกงใส่เที่ยว #กางเกงสุภาพ #กางเกงสวยๆ
1731979861320828464,#กางเกงยีนส์ผู้หญิง #กางเกงยีนส์ขากว้าง #กางเกงยีนส์เอวสูง | #กางเกงยีนส์สีดำ #กางเกงยีนส์ทรงหลวม #กางเกงยีนส์แฟชั่น | #กางเกงยีนส์เกาหลี #กางเกงยีนส์ขายาว #กางเกงยีนส์สวยๆ
1732128111177009768,#โคมไฟติดผนังโซล่าเซลล์ #โคมไฟโซล่าเซลล์ #ไฟติดผนังโซล่าเซลล์ | #โคมไฟติดผนัง #โคมไฟLED #ไฟโซล่าเซลล์ | #ไฟติดผนัง #ไฟแต่งสวน #ไฟทางเดิน
1732185525521320007,#เครื่องวัดอุณหภูมิบาร์บีคิว #เกจวัดอุณหภูมิเตาอบ #เทอร์โมมิเตอร์บาร์บีคิว | #เครื่องวัดอุณหภูมิเตาปิ้งย่าง #เทอร์โมมิเตอร์เตาอบ #ที่วัดความร้อนเตาบาร์บีคิว | #เครื่องวัดอุณหภูมิสแตนเลส #เทอร์โมมิเตอร์สแตนเลส #เกจวัดความร้อนเตาย่าง
1732236921625152461,#ไม้สอยผลไม้ #ไม้สอยมะม่วง #ไม้สอยผลไม้ยืดได้ | #อุปกรณ์สอยผลไม้ #ตะกร้าสอยผลไม้ #ไม้สอยผลไม้สแตนเลส | #ไม้สอยผลไม้10เมตร #ไม้สอยผลไม้พกพา #ที่สอยผลไม้
1732244807262111716,#กางเกงยีนส์ขากว้าง #กางเกงยีนส์เอวสูง #กางเกงยีนส์เกาหลี | #กางเกงยีนส์ไซส์ใหญ่ #กางเกงยีนส์ผู้หญิง #กางเกงยีนส์แฟชั่น | #กางเกงยีนส์สวยๆ #กางเกงยีนส์ขาวยาว #กางเกงยีนส์ยอดฮิต
1732343790642169312,#หม้อน้ำโทรศัพท์มือถือ #พัดลมมือถือ #พัดลมระบายความร้อน | #พัดลมเกมเมอร์ #หม้อน้ำมือถือ #พัดลมโทรศัพท์ | #พัดลมระบายความร้อนมือถือ #พัดลมระบายความร้อนโทรศัพท์ #หม้อน้ำโทรศัพท์
1732702201635964358,#เคียวชักตอง #เคียวตราเพชร #เคียวเหล็กแมงกานีส | #เคียวตัดใบตอง #เคียวเกี่ยวข้าว #เคียวด้ามยาว | #เคียวคมๆ #เคียวตัดกิ่งไม้ #เคียวเกษตร
1732730260415612845,#ปลั๊กไฟUSB #ปลั๊กไฟ3ตา #ปลั๊กไฟหัวเตียง | #ปลั๊กไฟกันไฟกระชาก #ปลั๊กไฟมอก #ปลั๊กไฟ2300W | #ปลั๊กไฟPAE #ปลั๊กไฟอเนกประสงค์ #รางปลั๊กไฟ
1733522944063407258,#กางเกงขากว้าง #กางเกงลายทาง #กางเกงผู้หญิง | #กางเกงเอวยางยืด #กางเกงขายาวหญิง #กางเกงแฟชั่น | #กางเกงใส่เที่ยว #กางเกงทรงหลวม #กางเกงลายริ้วหญิง
1734062663117932437,#กางเกงทรงกระบอกใหญ่ #กางเกงทรงบอลลูน #กางเกงoversize | #กางเกงเอวสม็อค #กางเกงผ้าไหมหิมะ #กางเกงขาlong | #กางเกงใส่สบาย #กางเกงแฟชั่น #กางเกงยูนิเซ็กส์
1734109806353548865,#STถุงมือทำงาน #ถุงมือทำงานกันลื่น #ถุงมือกันลื่น | #ถุงมือผ้ากันลื่น #ถุงมือช่าง #ถุงมือสวน | #ถุงมือ12คู่ #ถุงมือราคาส่ง #ถุงมือราคาถูก
1734317929219000217,#จอบเล็ก #จอบพร้อมด้าม #จอบเหล็กแมงกานีส | #จอบผานด้ามแป๊บ #จอบสั้น #จอบจิ๋ว | #จอบขุดสับปะรด #จอบใบผลาน #จอบใบโพธิ์
1734353504119850350,#เคียวเหล็กแมงกานีส #เคียวด้ามยาว #เคียวด้ามสั้น | #เคียว #เคียวแมงกานีส #มีดตัดกล้วย | #มีดหวด #มีดขอ #มีดดายหญ้า
1734423499412178708,#กางเกงทรงบาเรียล #กางเกงบาเรียล #กางเกงพรางหุ่น | #กางเกงผ้าไอริส #กางเกงใส่สบาย #กางเกงทำงานผู้หญิง | #กางเกงแฟชั่น #กางเกงทรงกระบอก #กางเกงผู้หญิง
1734498345659172316,#โซล่าเซลล์ #ไฟติดผนัง #ไฟโซล่าเซลล์ | #ไฟแต่งสวน #ไฟโซล่าเซลล์แต่งสวน #ไฟถนนโซล่าเซลล์ | #ไฟพลังงานแสงอาทิตย์ #ไฟโซล่าเซลล์ภายนอก #ไฟติดผนังโซล่าเซลล์
1734521193546614754,#กางเกงยีนส์ขากระบอก #กางเกงยีนส์แฟชั่น #กางเกงยีนส์ผู้หญิง | #กางเกงยีนส์แต่งฟอก #กางเกงยีนส์ทรงใหญ่ #กางเกงยีนส์แนววินเทจ | #กางเกงยีนส์สวยๆ #กางเกงยีนส์ฮิต #กางเกงยีนส์ยอดฮิต
1734750758223578843,#ร่มกันฝน #ร่มกันแดด #ร่มพับ | #ร่มออโต้ #ร่มพกพา #ร่มกันยูวี | #ร่มแฟชั่น #ร่มกันน้ำ #ร่มน้ำหนักเบา
1735277107177686236,#เสื้อแฟชั่นผู้หญิง #เสื้อแขนสามส่วน #เสื้อผ้าแฟชั่น | #เสื้อแต่งจีบ #เสื้อผู้หญิงแฟชั่น #เสื้อสวยๆ | #เสื้อผู้หญิง #เสื้อแฟชั่น #เสื้อแขนสามส่วนผู้หญิง
1729424643763046525,#โฟมล้างรถ #ชุดล้างรถ #ล้างรถเอง | #โฟมล้างรถแรงดัน #เครื่องฉีดโฟม #สายล้างรถ | #อุปกรณ์ล้างรถ #คาร์แคร์ #ล้างรถบ้าน
1731291083811292709,#สเปรย์เคลือบเงา #เคลือบเงารถ #ทำความสะอาดรถ | #น้ำยาเคลือบรถ #เงางามทันที #ดูแลรถง่าย | #คาร์แคร์ #อุปกรณ์ล้างรถ #ดูแลรถยนต์
1731462178776254647,#กางเกงขาสั้นผู้ชาย #กางเกงลำลอง #กางเกงผ้ายืด | #กางเกงใส่สบาย #กางเกงเอวยางยืด #กางเกงแฟชั่นชาย | #กางเกงเที่ยว #กางเกงหน้าร้อน #เสื้อผ้าผู้ชาย
1731786223845869870,#สเปรย์เคลือบยาง #ยางเงาสวย #ล้อดูใหม่ | #ดูแลรถยนต์ #ของใช้รถ #สายแต่งรถ | #เคลือบยางรถ #เพิ่มความเงา #ล้อเงางาม
1731810102591063465,#กางเกงยีนส์ผู้ชาย #กางเกงทรงหลวม #ยีนส์ขากว้าง | #กางเกงยีนส์แฟชั่น #ยีนส์ใส่สบาย #กางเกงวัยรุ่น | #กางเกงสตรีท #กางเกงโอเวอร์ไซส์ #เสื้อผ้าผู้ชาย
1731952445329213505,#ซิลิโคนเคลือบยาง #เคลือบยางรถ #น้ำยาเคลือบยาง | #ยางเงาดำ #ฟื้นฟูยางรถ #ดูแลยางรถ | #คาร์แคร์ #อุปกรณ์ล้างรถ #ดูแลรถยนต์
1732010750484907088,#ปั๊มลมไฟฟ้า #ปั๊มลมพกพา #เติมลมยางรถ | #เครื่องเติมลมรถยนต์ #เติมลมอัตโนมัติ #ปั๊มลมดิจิตอล | #อุปกรณ์รถยนต์ #ของใช้ในรถ #คาร์แคร์
1732025614942374541,#ปลั๊กพ่วง30เมตร #สายไฟยาว #ปลั๊กพ่วง | #ปลั๊กไฟ4ช่อง #สายไฟVCT #ปลั๊กไฟบ้าน | #อุปกรณ์ไฟฟ้า #ปลั๊กไฟยาว30เมตร #สายไฟใช้งานหนัก
1732301696691833227,#ที่สูบลมจักรยาน #ที่สูบลมรถ #ปั๊มลมเท้าเหยียบ | #สูบลมพกพา #สูบลมเอนกประสงค์ #เติมลมง่าย | #อุปกรณ์รถยนต์ #อุปกรณ์จักรยาน #ของใช้จำเป็น
1733553322403923363,#กางเกงคาร์โก้ #กางเกงผู้ชาย #กางเกงขายาว | #กางเกงสตรีท #กางเกงทรงหลวม #แฟชั่นผู้ชาย | #กางเกงลุยๆ #กางเกงใส่เที่ยว #เสื้อผ้าผู้ชาย
1733632369810638483,#กางเกงคาร์โก้ผู้ชาย #กางเกงทรงหลวม #กางเกงลุย | #กางเกงสตรีทแฟชั่น #กางเกงใส่สบาย #กางเกงผู้ชาย | #กางเกงเดินป่า #กางเกงเอวยางยืด #เสื้อผ้าผู้ชาย
1734463649738949709,#พัดลมตั้งพื้น #พัดลม16นิ้ว #พัดลมแรงลมดี | #พัดลมเงียบ #พัดลมประหยัดไฟ #พัดลมปรับระดับ | #เครื่องใช้ไฟฟ้า #พัดลมในบ้าน #ของใช้หน้าร้อน
1734885012890551417,#กางเกงในผู้ชาย #กางเกงในไร้ขอบ #กางเกงในผ้านุ่ม | #บ็อกเซอร์ชาย #กางเกงในใส่สบาย #กางเกงในระบายอากาศ | #กางเกงในไร้ตะเข็บ #กางเกงในแฟชั่น #เสื้อผ้าผู้ชาย
1730417782843476404,#หมอนอิงราคาถูก #หมอนหนุนสบาย #ของใช้ในบ้าน | #หมอนนุ่มมาก #หมอนโรงแรม #หมอนใยสังเคราะห์ | #หมอนคุณภาพดี #หมอนนอนสบาย #หมอนหนุนหลัง
1730368255894129544,#ถังปั่น #ถังปั่นไม้ม็อบ #ถังปั่นถูพื้น | #ถังถูพื้น #ชุดถังถูพื้น #ถังปั่นถูพื้น | #ไม้ม็อบถูพื้น #อุปกรณ์ถูพื้น #ถังถูพื้นบ้าน | #ครีมกำจัดขนผู้หญิง #ครีมถอนขนขา #ครีมกำจัดขนจุดซ่อนเร้น | #ครีมกำจัดขนผิวเนียน #กำจัดขนเร็วทันใจ #ครีมกำจัดขนสูตรเย็น | #ครีมกำจัดขนราคาถูก #ครีมกำจัดขนขายดี #ครีมกำจัดขนรีวิวดี
1730840364068407961,#ครีมกำจัดขน #ครีมถอนขน #ครีมกำจัดขนรักแร้ | #ครีมกำจัดขนขา #ครีมกำจัดขนถาวร #ครีมกำจัดขนผู้หญิง | #กำจัดขนง่ายๆ #ครีมถอนขนเนียน #กำจัดขนไม่เจ็บ
1729799205367613646,#ดูแลตัวเอง #สุขภาพทั่วไป #ไลฟ์สไตล์ | #ชีวิตประจำวัน #ดูแลร่างกาย #สายสุขภาพ | #ผู้หญิงดูแลตัวเอง #ผู้ชายดูแลตัวเอง #สุขภาพดี | #probiotic #โพรไบโอติก #แคปซูล | #สินค้าพร้อมส่ง #ของแท้ #ราคาดี | #ของดีบอกต่อ #คุ้มค่า #ส่งไว | #ของใช้ทั่วไป #ใช้ได้ทุกวัน #ไลฟ์สไตล์ | #สินค้าแนะนำ #ของมันต้องมี #สายมินิมอล | #สินค้าพร้อมส่ง #ของแท้100 #คุ้มค่า
1731593952051628142,#ดูแลตัวเอง #สุขภาพทั่วไป #ไลฟ์สไตล์ | #ชีวิตประจำวัน #ดูแลร่างกาย #สายสุขภาพ | #ผู้หญิงดูแลตัวเอง #ผู้ชายดูแลตัวเอง #สุขภาพดี | #zinc #วิตามินซิงค์ #แคปซูล | #zincplus #สินค้าพร้อมส่ง #ของแท้ | #ของดีราคาดี #ส่งไว #คุ้มค่า | #ของใช้ทั่วไป #ใช้ได้ทุกวัน #ไลฟ์สไตล์ | #สินค้าแนะนำ #ของมันต้องมี #สายมินิมอล | #ของดีบอกต่อ #สินค้าพร้อมส่ง #คุ้มค่า
1730807867514259540,#เสื่อปูพื้น #เสื่อปูนั่ง #เสื่อปูนอน | #เสื่อพับได้ #เสื่อพกพา #เสื่อปิกนิก | #เสื่อ4ฟุต #เสื่อยางพารา #เสื่อปูบ้าน
1732535376148465470,#หมวกกันน็อค #หมวกกันน็อครถ #หมวกกันน็อคมอเตอร์ไซค์ | #หมวกกันน็อคเปิดหน้า #หมวกกันน็อคครึ่งใบ #หมวกกันน็อคแฟชั่น | #หมวกกันน็อคราคาดี #อุปกรณ์ขี่รถ #ของใช้มอเตอร์ไซค์
1733673666380661848,#กางเกงขากว้าง #กางเกงเอวยางยืด #กางเกงผู้หญิง | #กางเกงใส่สบาย #กางเกงลำลอง #กางเกงแฟชั่น | #กางเกงขายาว #กางเกงทรงหลวม #กางเกงราคาดี
1733765200830629570,#ลำโพงบลูทูธ #ลำโพงมินิ #ลำโพงพกพา | #ลำโพงไร้สาย #ลำโพงเสียงดัง #ลำโพงเบสแน่น | #ลำโพงราคาดี #แก็ดเจ็ตไอที #ลำโพงขนาดเล็ก
1734396359542736875,#พัดลมแอร์ #พัดลมไอเย็น #พัดลมพกพา | #พัดลมUSB #พัดลมตั้งโต๊ะ #พัดลมแรงลมดี | #พัดลมหน้าร้อน #ของใช้คลายร้อน #พัดลมราคาดี
1734656703513527646,#พัดลมพกพา #พัดลมมือถือ #พัดลมมินิ | #พัดลมUSB #พัดลมไร้สาย #พัดลมแรงลมดี | #พัดลมหน้าร้อน #ของใช้คลายร้อน #พัดลมราคาดี
1731779383576397978,#กางเกงลายริ้ว #กางเกงขากว้าง #กางเกงผู้หญิง | #กางเกงใส่สบาย #กางเกงแฟชั่น #กางเกงลำลอง | #กางเกงเอวยางยืด #กางเกงขายาว #กางเกงราคาดี
1731462686286185941,#รองเท้าผ้าใบ #รองเท้าผู้หญิง #รองเท้าลำลอง | #รองเท้าแฟชั่น #รองเท้าใส่สบาย #รองเท้าพื้นนุ่ม | #รองเท้าผ้าใบผู้หญิง #รองเท้าคู่สวย #รองเท้าราคาดี
1730385938812078824,#พัดลมในรถ #พัดลมติดรถ #พัดลมรถยนต์ | #พัดลมUSBรถ #พัดลม12โวลต์ #พัดลมแรงลมดี | #ของใช้ในรถ #อุปกรณ์รถยนต์ #ของแต่งรถ
1731020137545369694,#สกู๊ตเตอร์ไฟฟ้า #สกู๊ตเตอร์พับได้ #สกู๊ตเตอร์ผู้ใหญ่ | #จักรยานไฟฟ้า #สกู๊ตเตอร์แรง350w #สกู๊ตเตอร์วิ่งไกล | #สกู๊ตเตอร์ราคาถูก #สกู๊ตเตอร์ขี่สบาย #สกู๊ตเตอร์ใช้งานง่าย
1731580347612038765,#พัดลมตั้งพื้น #พัดลม16นิ้ว #พัดลม5ใบพัด | #พัดลมแรงลมดี #พัดลมเย็นเร็ว #พัดลมบ้าน | #พัดลมราคาถูก #พัดลมปรับระดับ #พัดลมใช้งานง่าย
1732302783181326778,#สเปรย์กันสนิม #สเปรย์เคลือบโลหะ #สเปรย์กันน้ำ | #สเปรย์เคลือบเหล็ก #สเปรย์ซ่อมโลหะ #สเปรย์อเนกประสงค์ | #สเปรย์ราคาถูก #สเปรย์งานช่าง #สเปรย์ใช้งานง่าย
1732474572975277827,#เครื่องโกนหนวดไฟฟ้า #เครื่องโกนหนวด3D #เครื่องโกนหนวดไร้สาย | #ที่โกนหนวดไฟฟ้า #เครื่องโกนหนวดพกพา #เครื่องโกนหนวดกันน้ำ | #เครื่องโกนหนวดราคาถูก #เครื่องโกนหนวดใช้งานง่าย #เครื่องโกนหนวดชาร์จไฟ
1734461666143667302,#พัดลมพกพา #พัดลมไอเย็น #พัดลมUSB | #พัดลมตั้งโต๊ะ #พัดลมขนาดเล็ก #พัดลมมีไฟLED | #พัดลมราคาถูก #พัดลมพกง่าย #พัดลมใช้งานง่าย
1730076114867882090,#เตาอบไฟฟ้า #เตาอบ12ลิตร #เตาอบอเนกประสงค์ | #เตาอบขนม #เตาอบปิ้งย่าง #เตาอบตั้งโต๊ะ | #เตาอบราคาถูก #เครื่องใช้ไฟฟ้าครัว #เตาอบขนาดเล็ก
1731965156316580418,#ดูแลผู้ชาย #สุขภาพผู้ชาย #ดูแลร่างกาย | #ผู้ชายดูแลตัวเอง #สายสุขภาพ #ชีวิตประจำวัน | #ของใช้ผู้ชาย #ดูแลตัวเอง #สุขภาพดี | #livtra #แคปซูล #สินค้าพร้อมส่ง | #ของแท้ #ราคาดี #ส่งไว | #สินค้าแนะนำ #ของมันต้องมี #สายดูแลตัวเอง
1731964970970614338,#ดูแลผู้ชาย #สุขภาพผู้ชาย #ดูแลตัวเอง | #ผู้ชายยุคใหม่ #ไลฟ์สไตล์ผู้ชาย #ชีวิตประจำวัน | #ของใช้ผู้ชาย #ดูแลร่างกาย #สุขภาพทั่วไป | #livtra #แคปซูล #สินค้าพร้อมส่ง | #ของแท้ #ราคาดี #ส่งไว | #สินค้าแนะนำ #ของมันต้องมี #สายดูแลตัวเอง | #ผู้ชายสายเฮลท์ #ดูแลตัวเองทุกวัน #สุขภาพดี | #ไลฟ์สไตล์ผู้ชาย #ดูแลตัวเองง่ายๆ #ชีวิตดีขึ้น | #ผู้ชายดูแลตัวเอง #สุขภาพทั่วไป
1731726974395779182,#ของใช้ทั่วไป #ใช้ได้ทุกวัน #ไลฟ์สไตล์ | #สินค้าแนะนำ #ของมันต้องมี #สายมินิมอล | #ของดีบอกต่อ #สินค้าพร้อมส่ง #คุ้มค่า | #ดูแลตัวเองทุกวัน #สุขภาพดีเริ่มที่ตัวเรา #ชีวิตดีขึ้น | #ไลฟ์สไตล์ง่ายๆ #ดูแลตัวเองง่ายๆ #สุขภาพทั่วไป | #ผู้หญิงยุคใหม่ #ผู้ชายยุคใหม่ #ดูแลตัวเอง | #โปรวันนี้ #ราคาพิเศษ #คุ้มค่า | #ของดีราคาดี #พร้อมส่ง #ส่งไว | #โปรแรงวันนี้ #ดีลคุ้ม #ของมันต้องมี
1733164109287360369,#แก้วเก็บความเย็น #แก้วน้ำพกพา #แก้วน้ำ790ml | #แก้วน้ำเก็บอุณหภูมิ #แก้วน้ำหลอดดูด #แก้วน้ำพกง่าย | #แก้วน้ำใช้ทุกวัน #แก้วน้ำขายดี #แก้วน้ำพกไปเรียน
1730156241042114862,#น้ำยาล้างหัวฉีดเบนซิน #หัวฉีดสะอาด #รถแรงขึ้น | #ดูแลรถยนต์ #ของใช้รถ #บำรุงเครื่อง | #น้ำยาล้างระบบเชื้อเพลิง #ล้างคราบคาร์บอน #เครื่องยนต์ลื่น
1731782986458302619,#โปรไบโอติก #ลำไส้ดี #สมดุลลำไส้ | #ลดท้องอืด #ขับถ่ายดี #สุขภาพลำไส้ | #วิตามินลำไส้ #ดูแลระบบขับถ่าย #จุลินทรีย์ดี
1730705670846515502,#น้ำยาล้างหัวฉีดรถยนต์ #หัวฉีดใส #เครื่องยนต์ลื่น | #ดูแลรถง่ายๆ #ของใช้รถยนต์ #บำรุงเครื่อง | #ล้างระบบเชื้อเพลิง #ลดคราบเขม่า #รถวิ่งดี
1733215562788799713,#ข้าวหอมมะลิ #ข้าวสาร #ข้าวสาร20กก | #ข้าวหอมมะลิไทย #ข้าวหอมมะลิใหม่ #ข้าวหอมมะลิหุงอร่อย | #ข้าวสารขายดี #ข้าวสารหุงนุ่ม #ข้าวสารครอบครัว
1733537205224048455,#เดรสผู้หญิง #เดรสสายเดี่ยว #เดรสสั้น | #เดรสแฟชั่น #เดรสผู้หญิงน่ารัก #เดรสใส่เที่ยว | #เดรสผู้หญิงขายดี #เดรสผู้หญิงสวย #เดรสแฟชั่นผู้หญิง
1733547719982614123,#ปืนฉีดน้ำ #ปืนฉีดน้ำเด็ก #ปืนฉีดน้ำของเล่น | #ปืนฉีดน้ำไฟฟ้า #ปืนฉีดน้ำแรงดัน #ปืนฉีดน้ำสงกรานต์ | #ปืนฉีดน้ำขายดี #ปืนฉีดน้ำเด็กเล่น #ปืนฉีดน้ำเล่นน้ำ
1733622023560791573,#น้ำมันถั่วเหลือง #น้ำมันพืช #น้ำมันทำอาหาร | #น้ำมันพืชทำกับข้าว #น้ำมันพืชทอดอาหาร #น้ำมันพืชขวดใหญ่ | #น้ำมันพืชขายดี #น้ำมันพืชครัวเรือน #น้ำมันพืชใช้ทุกวัน
1733743432045528769,#ลิปสติก #ลิปสติกผู้หญิง #ลิปสติกแท่ง | #ลิปสติกสีสวย #ลิปสติกแต่งหน้า #ลิปสติกปากสวย | #ลิปสติกขายดี #ลิปสติกพกพา #ลิปสติกผู้หญิงสวย
1734066644763575454,#กาแฟ #กาแฟซอง #กาแฟสำเร็จรูป | #กาแฟชงง่าย #กาแฟชงร้อน #กาแฟพร้อมดื่ม | #กาแฟขายดี #กาแฟพกพา #กาแฟทุกวัน
1734367218690655752,#ครีมรักแร้ #ครีมทารักแร้ #ครีมใต้วงแขน | #ครีมรักแร้เนียน #ครีมรักแร้ชุ่มชื้น #ครีมรักแร้ผู้หญิง | #ครีมรักแร้ขายดี #ครีมรักแร้พกพา #ครีมรักแร้ทุกวัน
1730068878661093678,#น้ำยาล้างหัวฉีดมอเตอร์ไซค์ #หัวเชื้อมอเตอร์ไซค์ #น้ำยาล้างหัวฉีด | #หัวเชื้อรถจักรยานยนต์ #น้ำยาบำรุงเครื่องมอไซค์ #หัวเชื้อเติมถัง | #น้ำยาล้างคราบเขม่า #หัวเชื้อเพิ่มสมรรถนะ #หัวเชื้อมอไซค์
1734375927915578774,#ปืนฉีดน้ำ #ปืนฉีดน้ำไฟฟ้า #ปืนฉีดน้ำเด็ก | #ปืนฉีดน้ำสงกรานต์ #ปืนฉีดน้ำแรง #ปืนฉีดน้ำของเล่น | #ปืนฉีดน้ำขายดี #ปืนฉีดน้ำเด็กเล่น #ปืนฉีดน้ำเล่นน้ำ
1734439572254590537,#โลชั่นผิวกาย #โลชั่นบำรุงผิว #โลชั่นทาผิว | #โลชั่นผิวชุ่มชื้น #โลชั่นทาผิวกาย #โลชั่นใช้ทุกวัน | #โลชั่นขายดี #โลชั่นผู้หญิง #โลชั่นบำรุงผิวกาย
1734471893770078094,#ขวดน้ำ #ขวดน้ำพกพา #ขวดน้ำเก็บเย็น | #ขวดน้ำมีหลอด #ขวดน้ำเด็ก #ขวดน้ำลายน่ารัก | #ขวดน้ำขายดี #ขวดน้ำใช้ทุกวัน #ขวดน้ำพกง่าย
1731184068523164878,#วิตามินรวม #มัลติวิตามิน #อาหารเสริมวิตามิน | #วิตามินบำรุงร่างกาย #วิตามินประจำวัน #วิตามินผู้ใหญ่ | #วิตามินขายดี #วิตามินเสริมสุขภาพ #วิตามินดูแลตัวเอง
1731286831471559688,#ยาจุดกันยุง #ยากันยุง #ยาจุดยุง | #ยาจุดกันยุงควันน้อย #ยาจุดกันยุงบ้าน #ยาจุดกันยุงกลางคืน | #ยากันยุงบ้าน #ยาจุดกันยุงขายดี #ยาจุดกันยุงกลิ่นหอม
1731511507154928951,#ปืนของเล่น #ธนูของเล่น #ปืนเด็กเล่น | #ของเล่นเด็ก #ของเล่นยิงเป้า #ของเล่นกลางแจ้ง | #ของเล่นเด็กผู้ชาย #ของเล่นฝึกเล็ง #ของเล่นขายดี
1731627766732064684,#รองเท้าบูท #รองเท้าบูทกันน้ำ #รองเท้าบูททำสวน | #รองเท้าบูททำนา #รองเท้าบูทไร่สวน #รองเท้าบูทชาวนา | #รองเท้าบูทยาง #รองเท้าบูททำงาน #รองเท้าบูทขายดี
1731860054911190352,#ปลั๊กไฟusb #ปลั๊กหลายช่อง #เสียบได้หลายเครื่อง | #ของใช้ในบ้าน #อุปกรณ์ไฟฟ้า #สายไอที | #ปลั๊กพ่วงusb #ปลั๊กยาว10เมตร #ปลั๊กมาตรฐาน
1734113834548036943,#น้ำยาล้างหัวฉีดรถ #หัวฉีดสะอาด #เครื่องยนต์ลื่น | #ดูแลรถยนต์ #ของใช้รถ #บำรุงเครื่อง | #ล้างระบบเชื้อเพลิง #ลดคราบคาร์บอน #รถวิ่งดี
1733130462098982024,#พัดลมแบตเตอรี่ #พัดลมไร้สาย #ใช้งานนอกบ้าน | #ของใช้แคมป์ปิ้ง #อุปกรณ์เดินทาง #ของใช้จำเป็น | #พัดลมพกพา #พัดลม8นิ้ว #พัดลมแรงลมดี
1731657613513688653,#น้ำหอมผู้ชาย #น้ำหอมผู้ชายเท่ #น้ำหอมผู้ชายขายดี | #น้ำหอมผู้ชายติดทน #น้ำหอมผู้ชายกลิ่นดี #น้ำหอมผู้ชายพกพา | #น้ำหอมผู้ชายราคาดี #น้ำหอมผู้ชายยอดนิยม #น้ำหอมผู้ชายทุกวัน
1731692886655470429,#ซิมเน็ต #ซิมเน็ตไม่อั้น #ซิมเน็ตแรง | #ซิมเน็ตรายเดือน #ซิมเน็ต30Mbps #ซิมเน็ตทรู | #ซิมเน็ตใช้งานคุ้ม #ซิมเน็ตเล่นเน็ต #ซิมเน็ตขายดี
1731608545516882754,#น้ำยาล้างหัวฉีดมอไซค์ #หัวฉีดสะอาด #เครื่องลื่นขึ้น | #ของใช้มอเตอร์ไซค์ #ดูแลรถ #บำรุงเครื่อง | #ล้างระบบเชื้อเพลิง #ลดคราบคาร์บอน #รถวิ่งดี
1731703750762858460,#รองพื้น #ครีมรองพื้น #รองพื้นBB | #รองพื้นหน้าเนียน #รองพื้นปกปิด #รองพื้นแต่งหน้า | #รองพื้นขายดี #รองพื้นผู้หญิง #รองพื้นทุกวัน
1731748047270415197,#ซิมเน็ต #ซิมเน็ตไม่อั้น #ซิมเน็ตแรง | #ซิมเน็ตรายเดือน #ซิมเน็ต8Mbps #ซิมเน็ตทรู | #ซิมเน็ตเล่นเน็ต #ซิมเน็ตขายดี #ซิมเน็ตคุ้มค่า
1731872457821161197,#ยางรถยนต์ #ยางรถยนต์เก๋ง #ยางรถยนต์ใหม่ | #ยางรถยนต์คุณภาพ #ยางรถยนต์นุ่มเงียบ #ยางรถยนต์ทนทาน | #ยางรถยนต์ขายดี #ยางรถยนต์มาตรฐาน #ยางรถยนต์ใช้งานดี
1731928538109086094,#แก้วเก็บความเย็น #แก้วเก็บความร้อน #แก้วเก็บอุณหภูมิ | #แก้วน้ำพกพา #แก้วน้ำ900ml #แก้วน้ำใหญ่ | #แก้วน้ำใช้ทุกวัน #แก้วน้ำขายดี #แก้วน้ำพกง่าย
1731965961513239666,#โซ่มอเตอร์ไซค์ #โซ่มอเตอร์ไซค์Wave #โซ่สเตอร์ | #ชุดโซ่สเตอร์ #โซ่สเตอร์มอเตอร์ไซค์ #โซ่มอไซค์ | #อะไหล่มอเตอร์ไซค์ #อะไหล่Wave #โซ่มอไซค์ขายดี
1732013389973784077,#ลิปกลอส #ลิปกลอสปากฉ่ำ #ลิปกลอสเงา | #ลิปกลอสปากสวย #ลิปกลอสแต่งหน้า #ลิปกลอสผู้หญิง | #ลิปกลอสขายดี #ลิปกลอสพกพา #ลิปกลอสทุกวัน
1732023189509997595,#น้ำยาล้างจาน #น้ำยาล้างจานครัว #น้ำยาล้างจานบ้าน | #น้ำยาล้างจานขจัดคราบ #น้ำยาล้างจานกลิ่นหอม #น้ำยาล้างจานคุ้มค่า | #น้ำยาล้างจานขายดี #น้ำยาล้างจานใช้ทุกวัน #น้ำยาล้างจานราคาดี
1732097343869585867,#วิทยุ #วิทยุพกพา #วิทยุFM | #วิทยุBluetooth #วิทยุAMFM #วิทยุใส่เมม | #วิทยุขายดี #วิทยุเสียงชัด #วิทยุพกง่าย
1732138925254675007,#กระติกน้ำ #ขวดน้ำ #ขวดน้ำพกพา | #กระติกน้ำเก็บเย็น #ขวดน้ำเก็บอุณหภูมิ #กระติกน้ำพกพา | #ขวดน้ำใช้ทุกวัน #ขวดน้ำขายดี #ขวดน้ำพกง่าย
1732186994403477182,#กาแฟดำ #กาแฟซอง #กาแฟ2in1 | #กาแฟดำไม่มีน้ำตาล #กาแฟดำชงง่าย #กาแฟดำพร้อมดื่ม | #กาแฟดำขายดี #กาแฟดำพกพา #กาแฟดำทุกวัน
1732611769991989050,#ข้าวหอมมะลิ #ข้าวสาร #ข้าวหอมมะลิสุรินทร์ | #ข้าวหอมมะลิแท้ #ข้าวหอมมะลิใหม่ #ข้าวหอมมะลิ10กก | #ข้าวสารหอมมะลิ #ข้าวหอมมะลิขายดี #ข้าวหอมมะลิหุงอร่อย
1732912127989744912,#รองเท้าบูท #รองเท้าบูทกันน้ำ #รองเท้าบูทลุยน้ำ | #รองเท้าบูททำสวน #รองเท้าบูททำนา #รองเท้าบูทไร่สวน | #รองเท้าบูทยาง #รองเท้าบูทกันลื่น #รองเท้าบูทขายดี
1733006554293044987,#หม้อทอดไร้น้ำมัน #หม้อทอดลมร้อน #หม้อทอดไร้น้ำมัน5ลิตร | #หม้อทอดทำอาหาร #หม้อทอดครัว #หม้อทอดไฟฟ้า | #หม้อทอดไร้น้ำมันขายดี #หม้อทอดใช้งานง่าย #หม้อทอดทำกับข้าว
1729571525547953145,#ปลั๊กพ่วง #ปลั๊กไฟพ่วง #ปลั๊กไฟยาว | #ปลั๊กพ่วงยาว10เมตร #ปลั๊กพ่วงยาว5เมตร #ปลั๊กพ่วงยาว3เมตร | #ปลั๊กไฟหลายช่อง #ปลั๊กพ่วงมาตรฐาน #ปลั๊กไฟคุณภาพ
1729742921053079958,#ครีมทาผิว #ครีมบำรุงผิว #ครีมผิวเนียน | #ครีมบำรุงผิวกาย #ครีมทาผิวกาย #ครีมทาผิวชุ่มชื้น | #ครีมสมุนไพร #ครีมดูแลผิว #ครีมผิวสุขภาพดี
1730222411182410731,#เครื่องสำอาง #ชุดเครื่องสำอาง #เซตเครื่องสำอาง | #เครื่องสำอางพกพา #เครื่องสำอางครบเซต #เครื่องสำอางแต่งหน้า | #เครื่องสำอางราคาดี #เครื่องสำอางผู้หญิง #เครื่องสำอางขายดี
1730258583556360454,#กันแดด #ครีมกันแดด #โลชั่นกันแดด | #กันแดดทาตัว #กันแดดผิวกาย #กันแดดทุกวัน | #กันแดดราคาดี #กันแดดขายดี #กันแดดพกง่าย
1730343350132902564,#หม้อไฟฟ้า #หม้อไฟฟ้าอเนกประสงค์ #หม้อไฟฟ้าพกพา | #หม้อไฟฟ้าทำอาหาร #หม้อไฟฟ้าต้ม #หม้อไฟฟ้าทอด | #หม้อไฟฟ้าห้องพัก #หม้อไฟฟ้าหอพัก #หม้อไฟฟ้าขนาดเล็ก
1733647850663740439,#เครื่องโกนหนวดไฟฟ้า #โกนหนวดผู้ชาย #ที่โกนหนวดพกพา | #เครื่องโกนหนวดพกพา #เครื่องโกนหนวดชาร์จUSB #โกนหนวดไร้สาย | #เครื่องโกนหนวดไฟฟ้าราคาถูก #เครื่องโกนหนวดขายดี #ของใช้จำเป็น
1729621712011102918,#รองเท้าผ้าใบผู้ชาย #รองเท้าลำลองผู้ชาย #รองเท้าแฟชั่นผู้ชาย | #รองเท้าผ้าใบสวม #รองเท้าผ้าใบใส่สบาย #รองเท้าผ้าใบราคาถูก | #รองเท้าผ้าใบพื้นยาง #รองเท้าผ้าใบผู้ชายเท่ๆ #รองเท้าใส่เที่ยว
1729624297854830621,#เก้าอี้พลาสติก #เก้าอี้พลาสติกมีพนักพิง #เก้าอี้พลาสติกราคาถูก | #เก้าอี้พลาสติกหนา #เก้าอี้พลาสติกทนแดด #เก้าอี้พลาสติกทนฝน | #เก้าอี้พลาสติกวางนอกบ้าน #เก้าอี้พลาสติกสนาม #เก้าอี้พลาสติกจัดงาน
1729707436098292141,#หมอนหนุน #หมอนหนุนใยสังเคราะห์ #หมอนหนุนนุ่มสบาย | #หมอนหนุน1แถม1 #หมอนหนุนพร้อมส่ง #หมอนหนุนคุณภาพดี | #หมอนหนุนโรงแรม #หมอนหนุนหนานุ่ม #หมอนหนุนราคาถูก
1730242130643749469,#แก้วน้ำ1300ml #แก้วน้ำหลอด #แก้วน้ำพกพา | #แก้วน้ำใหญ่ #แก้วน้ำสายสุขภาพ #แก้วน้ำใช้ทุกวัน | #แก้วน้ำพลาสติก #แก้วน้ำพกไปเรียน #แก้วน้ำพกไปทำงาน
1730866655319001951,#ปลั๊กไฟ4ช่อง #ปลั๊กไฟUSB #ปลั๊กไฟTypeC | #ปลั๊กไฟ2300w #ปลั๊กไฟคุณภาพ #ปลั๊กไฟใช้ง่าย | #ปลั๊กไฟตั้งโต๊ะ #ปลั๊กไฟชาร์จมือถือ #ปลั๊กไฟชาร์จเร็ว
1730882380010915987,#อาหารกระป๋อง #ของกินติดบ้าน #อาหารสำเร็จรูป | #ปลากระป๋อง #ปลาซาร์ดีน #ปลากระป๋องมะเขือเทศ | #ปลากระป๋องอร่อย #ปลากระป๋องกินง่าย #ปลากระป๋องราคาถูก
1731459716394617573,#หมวกกันน็อค #หมวกกันน็อควินเทจ #หมวกกันน็อคเปิดหน้า | #หมวกกันน็อคมอเตอร์ไซค์ #หมวกกันน็อครถมอเตอร์ไซค์ #หมวกกันน็อคขี่รถ | #หมวกกันน็อคผู้ชาย #หมวกกันน็อคแฟชั่น #หมวกกันน็อคเท่ๆ
1731935212760500823,#เครื่องฉีดน้ำแรงดัน #เครื่องฉีดน้ำไร้สาย #ปืนฉีดน้ำแรงดัน | #เครื่องล้างรถพกพา #เครื่องฉีดน้ำแบตเตอรี่ #เครื่องฉีดน้ำแรงดันสูง | #ล้างรถเองที่บ้าน #เครื่องฉีดน้ำล้างรถ #เครื่องฉีดน้ำพกพา
1732002323327779949,#สายชาร์จไว #สายชาร์จไอโฟนแอนดรอยด์ #สายชาร์จอเนกประสงค์ | #สายชาร์จtypec #สายชาร์จmicrousb #สายชาร์จlightning | #สายชาร์จ3in1 #สายชาร์จเร็ว100w #สายชาร์จมือถือ
1732116486797952016,#สายยางรดน้ำต้นไม้ #สายยางอเนกประสงค์ #สายยางล้างรถ | #สายยางครึ่งนิ้ว #สายยางยาว10เมตร #สายยางยาว20เมตร | #สายยางใช้งานบ้าน #สายยางรดน้ำสวน #สายยางใช้ง่าย
1732120259928949776,#สายยาง30เมตร #สายยางรดน้ำ #สายยางสวน | #สายยางรดต้นไม้ #สายยางล้างรถ #สายยางทำสวน | #สายยางครึ่งนิ้ว #สายยางยาว30เมตร #สายยางน้ำ
1732211827311610749,#กระเป๋าคาดอก #กระเป๋าสะพายอก #กระเป๋าคาดอกผู้ชาย | #กระเป๋าสะพายข้างผู้ชาย #กระเป๋าคาดอกแฟชั่น #กระเป๋าสะพายอกผู้ชาย | #กระเป๋าคาดอกสีดำ #กระเป๋าสะพายอกสีดำ #กระเป๋าคาดอกสตรีท
1731507797024474293,#พัดลมมือถือ #พัดลมพกพา #พัดลมมือถือพกพา | #พัดลมพกพาแรง #พัดลมพกพาเย็น #พัดลมมือถือแรง | #พัดลมมือถือชาร์จไฟ #พัดลมมือถือUSB #พัดลมมือถือแบตเตอรี่
1732584798639785036,#เสื้อยืดผู้หญิง #เสื้อยืดโอเวอร์ไซส์ #เสื้อยืดแฟชั่นผู้หญิง | #เสื้อยืดลายการ์ตูน #เสื้อยืดวัยรุ่นหญิง #เสื้อยืดแฟชั่นเกาหลี | #เสื้อยืดใส่สบาย #เสื้อยืดผู้หญิงสวยๆ #เสื้อยืดลายสวย
1734434512553674069,#ข้าวหอมปทุมธานี #ข้าวสาร #ข้าวถุง | #ข้าวหอมปทุม #ข้าวหุงนุ่ม #ข้าวหอมอร่อย | #ข้าวสารหุงกิน #ข้าวสารหุงง่าย #ข้าวสารคุณภาพ
1732647556746938332,#กางเกงยีนส์ผู้ชาย #กางเกงยีนส์ขายาว #กางเกงยีนส์แฟชั่น | #กางเกงยีนส์ผู้ชายเท่ๆ #กางเกงยีนส์ทรงตรง #กางเกงยีนส์ใส่เที่ยว | #กางเกงยีนส์ผู้ชายราคาถูก #กางเกงยีนส์ผู้ชายขายดี #กางเกงยีนส์ผู้ชายฮิต
1733015214389691869,#เสื้อยืดผู้ชาย #เสื้อยืดสีดำ #เสื้อยืดแฟชั่นผู้ชาย | #เสื้อยืดผู้ชายลำลอง #เสื้อยืดใส่เที่ยว #เสื้อยืดผู้ชายเท่ๆ | #เสื้อยืดผู้ชายราคาถูก #เสื้อยืดผู้ชายขายดี #เสื้อยืดผู้ชายฮิต
1733976039790249169,#โคมไฟโซล่าเซลล์ #ไฟโซล่าเซลล์ #ไฟสปอตไลท์โซล่า | #ไฟโซล่าร์กันน้ำ #ไฟโซล่าเซลล์ติดผนัง #ไฟโซล่าร์กลางแจ้ง | #ไฟโซล่าเซลล์สว่าง #ไฟโซล่าเซลล์อัตโนมัติ #ไฟโซล่าเซลล์บ้าน
1734329922058552490,#เสื้อลายไทยแลนด์ #เสื้อแฟชั่นไทยแลนด์ #เสื้อยืดลายไทย | #เสื้อยืดแฟชั่นผู้หญิง #เสื้อยืดลายสวย #เสื้อยืดแฟชั่น | #เสื้อยืดใส่เที่ยว #เสื้อยืดใส่เล่น #เสื้อยืดใส่สบาย
1731802143540218152,#กางเกงวอร์ม #กางเกงวอร์มขายาว #กางเกงวอร์มผู้ชาย | #กางเกงวอร์มผู้หญิง #กางเกงวอร์มแฟชั่น #กางเกงวอร์มลำลอง | #กางเกงวอร์มใส่สบาย #กางเกงวอร์มผ้ายืด #กางเกงวอร์มใส่ทุกวัน
1731757997999294882,#น้ำยาซักผ้า #น้ำยาซักผ้าไฮยีน #น้ำยาซักผ้าหอม | #น้ำยาซักผ้าถนอมผ้า #น้ำยาซักผ้าซักสะอาด #น้ำยาซักผ้าเข้มข้น | #น้ำยาซักผ้ากลิ่นหอม #น้ำยาซักผ้ากลิ่นติดทน #น้ำยาซักผ้าหอมติดผ้า
1731046302008051977,#ท็อปเปอร์ที่นอน #ท็อปเปอร์8นิ้ว #ที่นอนท็อปเปอร์ | #ท็อปเปอร์ปูที่นอน #ที่รองนอน #ที่นอนเสริม | #ท็อปเปอร์นุ่ม #ท็อปเปอร์หนานุ่ม #ท็อปเปอร์นอนสบาย
1731254676501791928,#กระเป๋าคาดอก #กระเป๋าคาดอกผู้ชาย #กระเป๋าคาดอกแฟชั่น | #กระเป๋าสะพายอก #กระเป๋าสะพายข้างผู้ชาย #กระเป๋าสะพายคาดอก | #กระเป๋าผู้ชาย #กระเป๋าแฟชั่นผู้ชาย #กระเป๋าใช้ง่าย
1729715933644752976,#ปืนนวดไฟฟ้า #เครื่องนวดไฟฟ้า #ปืนนวดกล้ามเนื้อ | #ปืนนวดแก้เมื่อย #ปืนนวดออกกำลังกาย #ปืนนวดหลัง | #เครื่องนวดกล้ามเนื้อ #ปืนนวดสั่นแรง #ปืนนวดใช้งานง่าย
1730123749688117327,#สายชาร์จไอโฟน #สายชาร์จเร็ว20W #สายชาร์จUSBc | #สายชาร์จไอโฟนเร็ว #สายชาร์จไอโฟนแท้ #สายชาร์จไอโฟน20W | #สายชาร์จเร็วtypec #สายชาร์จไอโฟน14 #สายชาร์จไอโฟน13
1729900628618611402,#คอนโดตากปลา #ตาข่ายตากปลา #ที่ตากปลา | #คอนโดตากอาหาร #ตาข่ายตากอาหาร #ตากอาหารแห้ง | #ตากปลาตากแดด #ที่ตากปลากันแมลง #ตากปลาไม่โดนแมลง
1729945641711733086,#ขาตั้งมือถือ #ที่วางโทรศัพท์ #แท่นวางมือถือ | #ขาตั้งมือถือมีลำโพง #ลำโพงมือถือ #ขาตั้งมือถือเสียงดัง | #ดูหนังมือถือ #ตั้งมือถือดูหนัง #ตั้งมือถือดูยูทูป
1731864079152022898,#กระเป๋าคาดอกผู้ชาย #กระเป๋าคาดเอวหนัง #กระเป๋าผู้ชาย | #กระเป๋าคาดอกหนัง #กระเป๋าผู้ชายเท่ๆ #กระเป๋าสะพายอก | #กระเป๋าคาดอกสีดำ #กระเป๋าหนังผู้ชาย #กระเป๋าแฟชั่นผู้ชาย
1732036422109922615,#ชั้นวางของมีล้อ #ชั้นวางของ4ชั้น #ชั้นวางของอเนกประสงค์ | #ชั้นวางของในครัว #ชั้นวางของในห้องน้ำ #ชั้นวางของในห้องนอน | #ชั้นวางของเคลื่อนที่ได้ #ชั้นวางของพลาสติก #ชั้นวางของขนาดเล็ก
1732041709735478447,#กางเกงขากว้าง #กางเกงเอวยางยืด #กางเกงผู้หญิง | #กางเกงขายาวผู้หญิง #กางเกงสไตล์เกาหลี #กางเกงแฟชั่นผู้หญิง | #กางเกงลำลองผู้หญิง #กางเกงใส่สบาย #กางเกงทรงหลวม
1732061220636821261,#รองเท้าแตะผู้ชาย #รองเท้าแตะลำลอง #รองเท้าแตะพื้นนุ่ม | #รองเท้าแตะใส่สบาย #รองเท้าแตะกันลื่น #รองเท้าแตะราคาถูก | #รองเท้าแตะใส่ในบ้าน #รองเท้าแตะใส่ออกบ้าน #รองเท้าแตะแฟชั่น
1732314541999948821,#กระเป๋าสะพายไหล่ #กระเป๋าผู้หญิง #กระเป๋าแฟชั่น | #กระเป๋าลายจุด #กระเป๋าสไตล์เกาหลี #กระเป๋าวัยรุ่น | #กระเป๋าสะพายข้างผู้หญิง #กระเป๋าใบเล็ก #กระเป๋าใส่ของจุกจิก
1734247941082940600,#กระเป๋าคาดอกผู้ชาย #กระเป๋าคาดอก #กระเป๋าสะพายอก | #กระเป๋าคาดอกแฟชั่น #กระเป๋าคาดอกหนัง #กระเป๋าคาดอกสีดำ | #กระเป๋าคาดอกกันน้ำ #กระเป๋าคาดอกหลายช่อง #กระเป๋าคาดอกผู้ชายเท่ๆ
1734268359826179626,#เครื่องเป่าลมไร้สาย #เครื่องเป่าลม #โบลเวอร์ไฟฟ้า | #เครื่องเป่าลมแรงสูง #เครื่องเป่าฝุ่น #เป่าลมทำความสะอาด | #เครื่องเป่าลม4in1 #เครื่องดูดเป่า #เครื่องเป่าลมพกพา
1734419729163585178,#เม็ดมะม่วงหิมพานต์ #เม็ดมะม่วงหิมพานต์1กก #มะม่วงหิมพานต์อบ | #เม็ดมะม่วงหิมพานต์คั่ว #เม็ดมะม่วงหิมพานต์เกรดเอ #เม็ดมะม่วงหิมพานต์เม็ดใหญ่ | #เม็ดมะม่วงหิมพานต์ราคาส่ง #เม็ดมะม่วงหิมพานต์พร้อมทาน #เม็ดมะม่วงหิมพานต์ถุงใหญ่
1734422841105941927,#ข้าวหอมมะลิ #ข้าวหอมมะลิ17กก #ข้าวสาร | #ข้าวตรานกยูง #ข้าวหอมมะลิแท้ #ข้าวถุงใหญ่ | #ข้าวหอมมะลิราคาดี #ข้าวกินทุกวัน #ข้าวสำหรับครอบครัว
1732705193676998005,#น้ำหอมผู้หญิง #น้ำหอมผู้หญิงยอดนิยม #น้ำหอมผู้หญิงกลิ่นหวาน | #น้ำหอมผู้หญิงติดทน #น้ำหอมผู้หญิงราคาดี #น้ำหอมผู้หญิงพร้อมส่ง | #น้ำหอมผู้หญิง25ml #น้ำหอมผู้หญิงขวดเล็ก #น้ำหอมผู้หญิงกลิ่นละมุน
1733092818015455138,#กระเป๋าคาดอกผู้ชาย #กระเป๋าสะพายไหล่ผู้ชาย #กระเป๋าผู้ชาย | #กระเป๋าผู้ชายราคาถูก #กระเป๋าแฟชั่นผู้ชาย #กระเป๋าลายตาราง | #ชุดของขวัญผู้ชาย #กระเป๋าพร้อมกระเป๋าสตางค์ #นาฬิกาผู้ชาย
1733196776486176250,#ปลั๊กไฟสนาม #ปลั๊กพ่วงสนาม #ปลั๊กไฟกันน้ำ | #ปลั๊กไฟกลางแจ้ง #ปลั๊กพ่วงยาว #ปลั๊กไฟ5เมตร | #ปลั๊กไฟ10เมตร #ปลั๊กไฟ20เมตร #ปลั๊กไฟ30เมตร
1733454460029731941,#เสื้อแจ็คเก็ต #แจ็คเก็ตผู้ชาย #แจ็คเก็ตผู้หญิง | #เสื้อแจ็คเก็ตโอเวอร์ไซส์ #แจ็คเก็ตไซซ์ใหญ่ #เสื้อคลุมแฟชั่น | #แจ็คเก็ตสตรีท #เสื้อแจ็คเก็ตเกาหลี #แจ็คเก็ตวัยรุ่น
1731385316758555143,#ถังปั่นไม้ม็อบ #ไม้ม็อบถังปั่น #ชุดถูพื้น | #ไม้ม็อบราคาถูก #ถังปั่นผ้าม็อบ #อุปกรณ์ทำความสะอาด | #ไม้ม็อบผ้าม็อบ2ผืน #ถูพื้นบ้าน #ไม้ม็อบพร้อมส่ง
1731685921366116713,#พัดลมมือถือ #พัดลมพกพา #พัดลมไร้สาย | #พัดลมตั้งโต๊ะ #พัดลมชาร์จUSB #พัดลมแบตเตอรี่ | #พัดลมเล็กพกพา #พัดลมปรับแรงลมได้ #พัดลม5ระดับ
1731266009843862405,#พัดลมไร้สาย #พัดลมไร้สาย8นิ้ว #พัดลมแบตเตอรี่ | #พัดลม40000mAh #พัดลมพกพา #พัดลมชาร์จไฟได้ | #พัดลมตั้งโต๊ะไร้สาย #พัดลมไซต์งาน #พัดลมใช้งานกลางแจ้ง
1730266058658188014,#หมวกแก๊ป #หมวกแก๊ปผู้ชาย #หมวกแก๊ปแฟชั่น | #หมวกแก๊ปใส่เที่ยว #หมวกแก๊ปใส่เล่นกีฬา #หมวกแก๊ปราคาถูก | #หมวกแก๊ปใส่ทุกวัน #หมวกแก๊ปสไตล์เกาหลี #หมวกแก๊ปผู้หญิง
1730666751517821326,#มะม่วงหิมพานต์ #เม็ดมะม่วงหิมพานต์ #มะม่วงหิมพานต์อบ | #มะม่วงหิมพานต์100กรัม #มะม่วงหิมพานต์พร้อมทาน #มะม่วงหิมพานต์ราคาถูก | #เม็ดมะม่วงหิมพานต์อบกรอบ #มะม่วงหิมพานต์ของกินเล่น #มะม่วงหิมพานต์โปร1แถม1
1730711603949767080,#แมคคาเดเมีย #แมคคาเดเมียอบเนย #ถั่วแมคคาเดเมีย | #แมคคาเดเมีย100กรัม #แมคคาเดเมียพร้อมทาน #แมคคาเดเมียราคาถูก | #แมคคาเดเมีย1แถม2 #แมคคาเดเมียอบกรอบ #แมคคาเดเมียขายดี
1730869752914151797,#น้ำหอมEnchant #น้ำหอมติดทน #กลิ่นผู้ดี | #น้ำหอม25ml #น้ำหอมยอดฮิต #ของแท้พร้อมส่ง | #น้ำหอมกลิ่นดอกไม้ #น้ำหอมหวานละมุน #น้ำหอมขายดี
1733446081837958196,#ผงซักฟอก #ผงซักฟอกหอม #ผงซักฟอกราคาถูก | #ผงซักฟอกซักสะอาด #ผงซักฟอกผ้านุ่ม #ผงซักฟอกขายดี | #ผงซักฟอกโปรโมชั่น #ผงซักฟอกคุ้มค่า #ของใช้แม่บ้าน
1729733138140662195,#เครื่องบดกาแฟ #เครื่องบดกาแฟไฟฟ้า #เครื่องบดเมล็ดกาแฟ | #เครื่องบดกาแฟพกพา #เครื่องบดกาแฟราคาถูก #เครื่องบดกาแฟขนาดเล็ก | #เครื่องบดกาแฟ4ใบมีด #เครื่องบดกาแฟสแตนเลส #เครื่องบดกาแฟความเร็วสูง
1729844697941969231,#หัวเชื้อน้ำมัน #น้ำยาล้างหัวฉีด #หัวเชื้อดีเซล | #หัวเชื้อเบนซิน #น้ำยาล้างเครื่องยนต์ #หัวเชื้อเพิ่มแรง | #หัวเชื้อลดควันดำ #น้ำยาทำความสะอาดหัวฉีด #หัวเชื้อรถยนต์
1732256305080992950,#เครื่องยิงตะปูคอนกรีต #เครื่องยิงตะปูเหล็ก #เครื่องยิงตะปูงานช่าง | #เครื่องยิงตะปู #ปืนยิงตะปู #เครื่องยิงตะปูแรงดัน | #เครื่องยิงตะปูราคาถูก #เครื่องยิงตะปูพร้อมส่ง #เครื่องยิงตะปูขายดี
1730005454770112837,#น้ำผึ้งเดือน5 #น้ำผึ้งแท้ #โปรน้ำผึ้ง4ขวด | #น้ำผึ้งขวดใหญ่ #น้ำผึ้งราคาดี #น้ำผึ้งกินทุกวัน | #เซตน้ำผึ้ง4ขวด #น้ำผึ้งสุดฮิต #น้ำผึ้งพร้อมส่ง
1730727129049434289,#รองเท้าผ้าใบผู้ชาย #รองเท้าผ้าใบแฟชั่น #รองเท้าผ้าใบราคาดี | #รองเท้าผ้าใบใส่สบาย #รองเท้าผ้าใบผู้ชายสตรีท #รองเท้าผ้าใบพื้นนุ่ม | #รองเท้าผ้าใบสีขาวผู้ชาย #รองเท้าผ้าใบเดินทั้งวัน #รองเท้าผ้าใบลุคเท่
1731318068685997402,#ตู้ลิ้นชักเก็บของ #ตู้เก็บของพลาสติก #ตู้เก็บของอเนกประสงค์ | #ตู้เก็บของมีล้อ #ตู้เก็บของ48ซม #ตู้เก็บของใส่ของเล่น | #ตู้เก็บของในบ้าน #ตู้ลิ้นชักใส #ตู้เก็บของจัดระเบียบ
1732059777846576909,#รองเท้าแตะผู้หญิง #รองเท้าแตะพื้นหนา #รองเท้าแตะกันลื่น | #รองเท้าแตะใส่ในบ้าน #รองเท้าแตะห้องน้ำ #รองเท้าแตะลำลอง | #รองเท้าแตะผู้หญิงสวยๆ #รองเท้าแตะใส่สบาย #รองเท้าแตะพื้นนุ่ม
1733154128100230314,#เสื้อบอลผู้ชาย #เสื้อบอลเบอร์10 #เสื้อบอลลายสปอร์ต | #เสื้อบอลแฟชั่น #เสื้อบอลผู้ชายสตรีท #เสื้อบอลใส่เชียร์ | #เสื้อบอลสีเขียวขาว #เสื้อบอลลายเต็มตัว #เสื้อบอลดีไซน์ใหม่
1733220216445044716,#กางเกงคาร์โก้ผู้ชาย #กางเกงคาร์โก้ทรงหลวม #กางเกงคาร์โก้สีดำ | #กางเกงคาร์โก้ขายาว #กางเกงคาร์โก้สตรีท #กางเกงคาร์โก้แฟชั่น | #กางเกงคาร์โก้ผู้ชาย2026 #กางเกงคาร์โก้ฮิตตอนนี้ #กางเกงคาร์โก้ใส่เที่ยว
1732105040426927885,#รองเท้าแตะผู้หญิง #รองเท้าแตะผู้หญิงพื้นหนา #รองเท้าแตะผู้หญิงกันลื่น | #รองเท้าแตะผู้หญิงใส่สบาย #รองเท้าแตะผู้หญิงแฟชั่น #รองเท้าแตะผู้หญิงลำลอง | #รองเท้าแตะผู้หญิงใส่ในบ้าน #รองเท้าแตะผู้หญิงห้องน้ำ #รองเท้าแตะผู้หญิงพื้นนุ่ม
1732528101377607272,#หมวกกันแดดผู้หญิง #หมวกกันแดดเต็มหน้า #หมวกกันแดดปิดหน้า | #หมวกกันแดดผู้หญิงใส่สวย #หมวกกันแดดแฟชั่น #หมวกกันแดดใส่เที่ยว | #หมวกกันแดดกันยูวี #หมวกกันแดดใส่ขับรถ #หมวกกันแดดผู้หญิงยอดนิยม
1734002351497184258,#กางเกงขาสั้นผู้หญิง #กางเกงเอวยางยืด #กางเกงขาสั้นทรงหลวม | #กางเกงขาสั้นใส่สบาย #กางเกงขาสั้นแฟชั่น #กางเกงขาสั้นผู้หญิง2026 | #กางเกงขาสั้นเอวสูง #กางเกงขาสั้นมินิมอล #กางเกงขาสั้นลุคชิล
1733466558414226686,#หูฟังบลูทูธX12 #หูฟังไร้สาย #หูฟังตัดเสียงENC | #หูฟังบลูทูธไร้สาย #หูฟังเสียงชัด #หูฟังเบสแน่น | #หูฟังใส่สบาย #หูฟังขนาดเล็ก #หูฟังดีไซน์มินิมอล
1732823609461605452,#เสื้อยืดโอเวอร์ไซส์ #เสื้อยืดผู้หญิง #เสื้อยืดลายการ์ตูน | #เสื้อยืดทรงหลวม #เสื้อยืดแฟชั่นผู้หญิง #เสื้อยืดใส่สบาย | #เสื้อยืดผู้หญิง2026 #เสื้อยืดแมตช์ง่าย #เสื้อยืดสายสตรีท
1730760772361029809,#รองเท้าผ้าใบ #รองเท้าผ้าใบแฟชั่น #รองเท้าผ้าใบผู้หญิง | #รองเท้าผ้าใบผู้ชาย #รองเท้าผ้าใบใส่สบาย #รองเท้าผ้าใบพื้นขาว | #รองเท้าผ้าใบสีดำ #รองเท้าผ้าใบแมตช์ง่าย #รองเท้าผ้าใบทรงฮิต
1730638407436568830,#หูฟังนอนหลับ #หูฟังบลูทูธไร้สาย #หูฟังตัดเสียง | #หูฟังไร้สาย2026 #หูฟังบลูทูธล่าสุด #หูฟังเสียงชัด | #หูฟังสำหรับนอน #หูฟังเบาสบายหู #หูฟังตัดเสียงรบกวน
1731514406709921367,#กระทะไฟฟ้าพร้อมฝา #กระทะไฟฟ้าทำอาหาร #กระทะไฟฟ้าบ้านหอ | #กระทะไฟฟ้าทอดได้ #กระทะไฟฟ้าต้มได้ #กระทะไฟฟ้าผัดได้ | #กระทะไฟฟ้าราคาดี #กระทะไฟฟ้าพร้อมส่ง #กระทะไฟฟ้ายอดฮิต
1731883236621518033,#โซลาเซลล์350000W #ไฟโซล่าเซลล์LED #ไฟโซล่าเซลล์กันน้ำIP69 | #ไฟโซล่าเซลล์ติดผนัง #ไฟโซล่าเซลล์ลานบ้าน #ไฟโซล่าเซลล์รีโมท | #โคมไฟโซล่าเซลล์ #ไฟโซล่าเซลล์หน้าบ้าน #ไฟโซล่าเซลล์สวน
1731387421529508051,#แชมพูเปลี่ยนสีผม #แชมพูปิดผมหงอก #แชมพูย้อมผม | #แชมพูย้อมผม3in1 #แชมพูเปลี่ยนสีผมดำ #แชมพูทำสีเองได้ | #แชมพูเปลี่ยนสีผมผู้ชาย #แชมพูเปลี่ยนสีผมผู้หญิง #แชมพูทำสีผมง่ายๆ
1731469410435173216,#น้ำยาหล่อเย็นรถยนต์ #น้ำยาหล่อเย็น2kg #น้ำยาหล่อเย็นกันสนิม | #น้ำยาหล่อเย็นหม้อน้ำ #น้ำยาหล่อเย็นรถยนต์พร้อมส่ง #น้ำยาหล่อเย็นคุณภาพดี | #น้ำยาหล่อเย็นป้องกันสนิม #น้ำยาหล่อเย็นระบายความร้อน #น้ำยาหล่อเย็นรถทุกรุ่น
1731488763680689148,#กระเป๋าสตางค์ผู้ชาย #กระเป๋าสตางค์หนัง #กระเป๋าสตางค์ใบสั้น | #กระเป๋าสตางค์ผู้ชายมินิมอล #กระเป๋าสตางค์เรียบหรู #กระเป๋าสตางค์บางเบา | #กระเป๋าสตางค์ธุรกิจ #กระเป๋าสตางค์พกพา #กระเป๋าสตางค์ใส่บัตร
1734290285250381724,#รองเท้าหนังผู้ชาย #รองเท้าคัทชู #รองเท้าหนังแท้ | #รองเท้าหนังสีดำ #รองเท้าทำงานผู้ชาย #รองเท้าทางการ | #รองเท้าหนังสลิปออน #รองเท้าหนังใส่สบาย #รองเท้าหนังนิ่ม
1730220057544591544,#กระเป๋าสะพายผู้หญิง #กระเป๋าสะพายมือถือ #กระเป๋าสะพายข้างผู้หญิง | #กระเป๋าสะพายผู้หญิงแฟชั่น #กระเป๋าสะพายผู้หญิงใบเล็ก #กระเป๋าสะพายผู้หญิงน่ารัก | #กระเป๋าสะพายมือถือผู้หญิง #กระเป๋าใส่โทรศัพท์ #กระเป๋าสะพายใส่มือถือ
1731759248243460950,#ไม้ถูพื้น #ถังปั่นไม้ม็อบ #ชุดถังปั่นไม้ม็อบ | #ไม้ม็อบถูพื้น #ไม้ถูพื้นพร้อมถังปั่น #ไม้ม็อบสแตนเลส | #ชุดถังปั่นถูพื้น #ไม้ถูพื้นหมุนได้ #ไม้ถูพื้นอเนกประสงค์
1730087799700229062,#กระบอกน้ำ #กระบอกน้ำเก็บอุณหภูมิ #กระบอกน้ำสแตนเลส | #กระบอกน้ำพกพา #กระบอกน้ำเก็บความเย็น #กระบอกน้ำเก็บความร้อน | #กระบอกน้ำขนาดใหญ่ #กระบอกน้ำ1700ml #กระบอกน้ำพกพาใหญ่
1733229087919932424,#ปลาอินทรีเค็ม #ปลาอินทรีแดดเดียว #ปลาอินทรี | #ปลาเค็ม #ปลาอินทรีชิ้นใหญ่ #ปลาอินทรีแพ็คสุญญากาศ | #ปลาอินทรีเค็มราคาถูก #ปลาอินทรีเค็มพร้อมส่ง #ปลาอินทรีเค็มขายดี
1729601301260896763,#รองเท้ากีฬา #รองเท้าวิ่งผู้ชาย #รองเท้าผ้าใบผู้ชาย | #รองเท้ากีฬาแฟชั่น #รองเท้าผ้าใบใส่สบาย #รองเท้ากีฬาใส่ออกกำลังกาย | #รองเท้าผ้าใบผู้ชายราคาถูก #รองเท้าผ้าใบผู้ชายพร้อมส่ง #รองเท้าผ้าใบผู้ชายขายดี
1732096231994985173,#หูฟังบลูทูธ #หูฟังไร้สาย #หูฟังบลูทูธครอบหู | #หูฟังบลูทูธเสียงดี #หูฟังบลูทูธเล่นเกม #หูฟังบลูทูธฟังเพลง | #หูฟังบลูทูธราคาถูก #หูฟังบลูทูธพร้อมส่ง #หูฟังบลูทูธขายดี
1734290011115587082,#แหนมหมู #แหนมหมูสด #แหนมหมูพร้อมทาน | #แหนมหมูทอด #แหนมหมูทำอาหาร #แหนมหมูอร่อย | #แหนมหมูราคาถูก #แหนมหมูพร้อมส่ง #แหนมหมูขายดี
1734108798312679324,#รองเท้าหนังผู้ชายแฟชั่น #รองเท้าหนังใส่ทำงาน #รองเท้าหนังลุคสุภาพ | #รองเท้าหนังผู้ชายราคาถูก #รองเท้าหนังผู้ชายพร้อมส่ง #รองเท้าหนังผู้ชายขายดี | #รองเท้าหนังผู้ชาย #รองเท้าหนังสีดำ #รองเท้าหนังทำงาน
1733915263174870110,#จักรยาน #จักรยานแม่บ้าน #จักรยานตะกร้าหน้า | #จักรยานผู้หญิง #จักรยานปั่นในเมือง #จักรยานใช้งานทั่วไป | #จักรยานแม่บ้านราคาถูก #จักรยานพร้อมส่ง #จักรยานขายดี
1730039854163396717,#โช๊ครถมอเตอร์ไซค์ #โช๊คหลังมอเตอร์ไซค์ #โช๊คแต่งมอเตอร์ไซค์ | #โช๊คแต่งเวฟ #โช๊คDreamSuperCub #โช๊คมอเตอร์ไซค์แต่ง | #โช๊ครถมอเตอร์ไซค์ราคาถูก #โช๊ครถมอเตอร์ไซค์พร้อมส่ง #โช๊ครถมอเตอร์ไซค์ขายดี
1732833082849134288,#เตาย่าง #เตาย่างอเนกประสงค์ #เตาย่างบาร์บีคิว | #เตาปิ้งย่าง #เตาย่างพกพา #เตาย่างถ่าน | #เตาย่างราคาถูก #เตาย่างพร้อมส่ง #เตาย่างขายดี
1731588993694074706,#พัดลมแบตเตอรี่ #พัดลมพกพา #พัดลมไร้สาย | #พัดลมชาร์จแบต #พัดลมแคมป์ปิ้ง #พัดลมพกพาแรงลมแรง | #พัดลมแบตเตอรี่ราคาถูก #พัดลมแบตเตอรี่พร้อมส่ง #พัดลมแบตเตอรี่ขายดี
1733302922387489922,#สมาร์ทวอทช์ #สมาร์ทวอทช์ผู้หญิง #สมาร์ทวอทช์ผู้ชาย | #สมาร์ทวอทช์ราคาถูก #สมาร์ทวอทช์พร้อมส่ง #สมาร์ทวอทช์ขายดี | #นาฬิกาอัจฉริยะ #สมาร์ทวอทช์X10 #สมาร์ทวอทช์จอใหญ่
1734341532398225294,#แก้วน้ำพกพา #แก้วเก็บอุณหภูมิ #แก้วน้ำสแตนเลส | #แก้วน้ำพกพาน่ารัก #แก้วน้ำลายน่ารัก #แก้วน้ำเด็ก | #แก้วน้ำเก็บความร้อน #แก้วน้ำเก็บความเย็น #แก้วน้ำพกพาพร้อมหลอด
1730068700936505346,#รองเท้าผ้าใบผู้หญิง #รองเท้าผ้าใบแฟชั่น #รองเท้าผ้าใบสีชมพู | #รองเท้าผ้าใบผู้หญิงแฟชั่น #รองเท้าผ้าใบสไตล์เกาหลี #รองเท้าผ้าใบลุคหวาน | #รองเท้าผ้าใบใส่สบาย #รองเท้าผ้าใบพื้นนุ่ม #รองเท้าผ้าใบเดินสบาย
1730515834996755177,#พาวเวอร์แบงค์ #พาวเวอร์แบงค์50000mah #แบตสำรองมือถือ | #พาวเวอร์แบงค์ราคาถูก #พาวเวอร์แบงค์พร้อมส่ง #พาวเวอร์แบงค์ขายดี | #พาวเวอร์แบงค์ชาร์จเร็ว #พาวเวอร์แบงค์fastcharge #พาวเวอร์แบงค์typec
1734123046229279968,#รองเท้าผ้าใบผู้ชาย #รองเท้าผ้าใบแฟชั่น #รองเท้าผ้าใบสีขาว | #รองเท้าผ้าใบผู้ชายแฟชั่น #รองเท้าผ้าใบใส่สบาย #รองเท้าผ้าใบลำลอง | #รองเท้าผ้าใบผู้ชายราคาถูก #รองเท้าผ้าใบพร้อมส่ง #รองเท้าผ้าใบขายดี
1729779125029866112,#ผ้าใบกันแดด #ผ้าใบกันฝน #ผ้าใบคลุมของ | #ผ้าใบกันแดดกันฝน #ผ้าใบคลุมรถ #ผ้าใบกันน้ำ | #ผ้าใบคลุมสินค้า #ผ้าใบคลุมมอเตอร์ไซค์ #ผ้าใบคลุมของกลางแจ้ง
1733096402844615937,#ไฟโซลาร์เซลล์ #โคมไฟโซลาร์เซลล์ #ไฟพลังงานแสงอาทิตย์ | ไฟโซลาร์เซลล์ติดผนัง #ไฟโซลาร์เซลล์กลางแจ้ง #ไฟโซลาร์เซลล์กันน้ำ | #ไฟโซลาร์เซลล์แบบหนีบ #โคมไฟคลิปหนีบ #ไฟโซลาร์เซลล์หนีบได้
1729568170792291232,#เครื่องชาร์จแบตเตอรี่รถยนต์ #ชาร์จแบตรถยนต์ #เครื่องชาร์จแบต12v | #เครื่องชาร์จแบตรถ #ชาร์จแบตรถยนต์12โวลต์ #เครื่องชาร์จแบตเตอรี่รถ | #เครื่องชาร์จแบตรถยนต์ราคาถูก #เครื่องชาร์จแบตพร้อมส่ง #เครื่องชาร์จแบตขายดี
1732280590080640545,#เครื่องปั่นไฟพกพา #เครื่องกำเนิดไฟฟ้าพกพา #เครื่องปั่นไฟอเนกประสงค์ | #เครื่องปั่นไฟเบนซิน #เครื่องปั่นไฟ4จังหวะ #เครื่องปั่นไฟบ้าน | #เครื่องกำเนิดไฟฟ้า #เครื่องปั่นไฟ #เครื่องปั่นไฟฟ้า
1730560796436761259,#ครีมอาบน้ำหอม #เจลอาบน้ำหอม #ครีมอาบน้ำกลิ่นหอม | #เจลอาบน้ำตัวหอม #ครีมอาบน้ำผิวหอม #อาบน้ำหอมติดผิว | #ครีมอาบน้ำกลิ่นฟุ้ง #ครีมอาบน้ำผิวนุ่ม #เจลอาบน้ำฟองเยอะ
1730385651645974728,#ไฟสปอร์ตไลท์โซล่าเซลล์ #ไฟฉุกเฉินLED #ไฟส่องสว่างกลางแจ้ง | #ไฟโซล่าเซลล์3000W #ไฟพลังงานแสงอาทิตย์ #โคมไฟสนาม | #ไฟติดผนังโซล่าเซลล์ #ไฟลานจอดรถ #ไฟส่องหน้าบ้าน
1732400972528977676,#เขียงสแตนเลส #เขียงหั่น #อุปกรณ์ครัว | #เขียงไม่ดูดกลิ่น #เขียงล้างง่าย #ครัวบ้าน | #เขียงสองด้าน #เขียงสับเนื้อ #ทำกับข้าว | #พรมเช็ดเท้าลายแมว #พรมเช็ดเท้าลายน้องหมา #พรมเช็ดเท้าลายสัตว์น่ารัก
1730822223469185983,#ปลั๊กพ่วง #ปลั๊กพ่วงสามเมตร #ปลั๊กพ่วงยาว | #ปลั๊กพ่วงไฟฟ้า #ปลั๊กพ่วงหลายช่อง #ปลั๊กพ่วงอเนกประสงค์ | #ปลั๊กพ่วงราคาดี #ปลั๊กพ่วงโปรแรง #ปลั๊กพ่วงน่าใช้
1731788045735659723,#กระโปรงสั้นผู้หญิง #กระโปรงทรงเอ #กระโปรงนักศึกษา | #กระโปรงเอวสูง #กระโปรงใส่ทำงาน #กระโปรงใส่เที่ยว | #กระโปรงทรงเอ #กระโปรงทรงเอผู้หญิง #กระโปรงทรงเอสีดำ
1731228914257201452,#น้ำยาซักผ้า #น้ำยาซักผ้าสูตรเข้มข้น #น้ำยาซักผ้ากลิ่นหอม | #น้ำยาซักผ้าFcity #น้ำยาซักผ้าดอกไม้ #น้ำยาซักผ้าขจัดคราบ | #น้ำยาซักผ้าราคาถูก #น้ำยาซักผ้าคุ้มค่า #น้ำยาซักผ้าโปรโมชั่น
1731921017822741798,#พัดลมตั้งพื้น #พัดลมตั้งพื้น16นิ้ว #พัดลมYOTEX | #พัดลมไฟฟ้า #พัดลมปรับแรงลม3ระดับ #พัดลมประหยัดไฟ | #พัดลมตั้งพื้นราคาถูก #พัดลมตั้งพื้นขายดี #พัดลมตั้งพื้นโปรโมชั่น
1730684054848637070,#กระโปรงยีนส์ยาว #กระโปรงยีนส์ผู้หญิง #กระโปรงยีนส์แฟชั่น | #กระโปรงยีนส์สไตล์เกาหลี #กระโปรงยีนส์ผู้หญิงมาใหม่ #กระโปรงยีนส์ลุคเท่ | #กระโปรงยีนส์ใส่เที่ยว #กระโปรงยีนส์ใส่ทำงาน #กระโปรงยีนส์ใส่ทุกวัน
1731470630171936871,#ชุดนอนผู้หญิง #ชุดนอนลายสวย #ชุดนอนผ้านิ่ม | #ชุดนอนแขนสั้นขายาว #ชุดนอนใส่สบาย #ชุดนอนแฟชั่นผู้หญิง | #ชุดนอนผู้หญิงลายเกาหลี #ชุดนอนผู้หญิงสวยๆ #ชุดนอนผู้หญิงน่ารัก
1729543159518628005,#นาฬิกาผู้หญิงOLEVS #นาฬิกาผู้หญิงแฟชั่น #นาฬิกาผู้หญิงสวยหรู | #นาฬิกาผู้หญิงสายสแตนเลส #นาฬิกาผู้หญิงกันน้ำ #นาฬิกาผู้หญิงของแท้ | #นาฬิกาผู้หญิงพร้อมสร้อย #นาฬิกาผู้หญิงเซ็ตของขวัญ #นาฬิกาผู้หญิงชุดคุ้ม
1729950806584560237,#น้ำหอมMACOLIN #น้ำหอมผู้ชายเซ็ต #น้ำหอมผู้ชาย30ml | #น้ำหอมผู้ชายกลิ่นพรีเมียม #น้ำหอมผู้ชายติดทน #น้ำหอมผู้ชายกลิ่นหรู | #น้ำหอมผู้ชายแพ็ค3ขวด #น้ำหอมผู้ชายชุดคุ้ม #น้ำหอมผู้ชายโปรแรง
1733892173896779559,#ซองอั่งเปาตรุษจีน #ซองอั่งเป้า3D #ซองแดงมงคล | #ซองอั่งเป้าปีใหม่จีน #ซองแต๊ะเอีย #ซองเงินขวัญถุง | #ซองอั่งเป้ามงคล #ซองอั่งเป้าลายม้า #ซองแดง
1731469432699716665,#กระเป๋าCowAndKitty #กระเป๋าผู้หญิงน่ารัก #กระเป๋าผู้หญิงลายการ์ตูน | #กระเป๋าผู้หญิงใส่ของเยอะ #กระเป๋าผู้หญิงใช้งานทุกวัน #กระเป๋าผู้หญิงพกสะดวก | #กระเป๋าสะพายผู้หญิง #กระเป๋าแฟชั่นผู้หญิง #กระเป๋าถือผู้หญิง
1731141753514002732,#น้ำยาล้างจาน #น้ำยาล้างจานขจัดคราบมัน #น้ำยาล้างจานสูตรเข้มข้น | #น้ำยาล้างจานราคาถูก #น้ำยาล้างจาน1ลิตร #น้ำยาล้างจานคุ้มค่า | #น้ำยาล้างจานทำความสะอาด #น้ำยาล้างจานครัวเรือน #น้ำยาล้างจานใช้ทุกวัน
1729643493522508087,#น้ำหอมผู้ชายJANUA #น้ำหอมผู้ชายกลิ่นหรู #น้ำหอมผู้ชายติดทน | #น้ำหอมผู้ชายPerfume #น้ำหอมผู้ชาย30ml #น้ำหอมผู้ชายใช้งานทุกวัน | #น้ำหอมผู้ชายกลิ่นเท่ #น้ำหอมผู้ชายกลิ่นสุภาพ #น้ำหอมผู้ชาย
1731299385569545105,#ที่นอนสปริงพ็อกเก็ต #ที่นอนSolomon #ที่นอนPylaPlus | #ที่นอนนุ่มสบาย #ที่นอนรองรับสรีระ #ที่นอนคุณภาพโรงแรม | #ที่นอนลดแรงกดทับ #ที่นอนหลับสบาย #ที่นอนสุขภาพ
1730269869980748122,#พัดลมไอซ์คูล #พัดลมเพิ่มความชื้น #พัดลมไอเย็นพกพา | #พัดลมUSBชาร์จไฟ #พัดลมTypeC #พัดลมประหยัดไฟ | #พัดลมไอเย็น #พัดลมพกพาUSB #พัดลมตั้งโต๊ะ
1733717131311548329,#ซองอั่งเปาตรุษจีน #ซองอั่งเป้าเด็ก #ซองอั่งเป้ามงคล | #ซองอั่งเป้าแจกเด็ก #ซองอั่งเป้าแจกหลาน #ซองอั่งเป้าแจกครอบครัว | #ซองอั่งเป้าชุด12ใบ #ซองอั่งเป้ากล่องของขวัญ #ซองอั่งเป้าชุดคุ้ม
1730498990006045575,#เคียวเกี่ยวหญ้า #มีดเคียวทำสวน #เครื่องมือทำสวน | #เคียวเกี่ยวหญ้าคม #มีดเคียวเหล็กแข็ง #เคียวตัดหญ้า | #เคียวเกี่ยวข้าว #เคียวเกี่ยวพืช #เคียวทำไร่
1734071024156641265,#แชมพูHeadAndShoulders #แชมพูขจัดรังแค #แชมพูลดคันหนังศีรษะ | #แชมพูเฮดแอนด์โชว์เดอร์ #แชมพูผมสะอาดล้ำลึก #แชมพูหนังศีรษะมัน | #แชมพูแพ็คคู่สุดคุ้ม #แชมพู370มล #แชมพูราคาพิเศษ
1732236319848041410,#น้ำหอมผู้ชายMatteo #น้ำหอมผู้ชายกลิ่นหอม #น้ำหอมผู้ชายติดทน | #น้ำหอมผู้ชายราคาถูก #น้ำหอมผู้ชายโปร1แถม1 #น้ำหอมผู้ชายขายดี | #น้ำหอมผู้ชายกลิ่นเท่ #น้ำหอมผู้ชายกลิ่นสุภาพ #น้ำหอมผู้ชายใช้ง่าย
1730024153206982693,#ทิชชู่เช็ดหน้า #กระดาษทิชชู่เช็ดหน้า #ทิชชู่เนื้อนุ่ม | #ทิชชู่เช็ดหน้าพกพา #ทิชชู่เช็ดหน้าราคาถูก #ทิชชู่เช็ดหน้าคุณภาพดี | #ทิชชู่เช็ดหน้าสะอาด #ทิชชู่เช็ดหน้าใช้ทุกวัน #ทิชชู่เช็ดหน้าแพ็คคุ้ม
1731300847326824375,#พรมเช็ดเท้าน่ารัก #พรมเช็ดเท้าหน้าบ้าน #พรมเช็ดเท้าราคาถูก | #พรมเช็ดเท้าลายสัตว์ #พรมเช็ดเท้าสัตว์เลี้ยง #พรมเช็ดเท้าคุมโทน | #พรมเช็ดเท้าหน้าประตู #พรมเช็ดเท้าบ้าน #พรมเช็ดเท้าออฟฟิศ
1732193237076182772,#ชุดนอนผู้หญิง #ชุดนอนเซต #ชุดนอนราคาถูก | #ชุดนอนผ้านิ่ม #ชุดนอนผ้าเบา #ชุดนอนใส่แล้วสบาย | #ชุดนอนแนวสปอร์ต #ชุดนอนวัยรุ่น #ชุดนอนวัยทำงาน
1734193212196685779,#ตู้เก็บของ #ตู้เก็บของอเนกประสงค์ #ตู้เก็บของในบ้าน | #ตู้เก็บของพลาสติก #ตู้เก็บของมีล้อ #ตู้เก็บของฝาปิด | #ตู้เก็บของไซส์ใหญ่ #ตู้เก็บของจุเยอะ #ตู้เก็บของหลายชั้น
1730889532438120617,#กระทะหินอ่อน #กระทะหินอ่อนเคลือบ #กระทะหินอ่อนราคาถูก | #กระทะไม่ติด #กระทะไม่ติดกระทะ #กระทะเคลือบหินอ่อน | #กระทะผัด #กระทะผัดผัก #กระทะผัดอาหาร
1729596200363067636,#ท็อปเปอร์ที่นอน #ท็อปเปอร์หนา #ท็อปเปอร์ราคาถูก | #ท็อปเปอร์ที่นอนนุ่ม #ท็อปเปอร์แก้ปวดหลัง #ท็อปเปอร์เพื่อสุขภาพ | #ท็อปเปอร์4นิ้ว #ท็อปเปอร์หนานุ่ม #ท็อปเปอร์นอนสบาย
1730268854913174393,#พรมเช็ดเท้าเซต #พรมเช็ดเท้า3ชิ้น #พรมเช็ดเท้าแพ็คคุ้ม | #พรมเช็ดเท้าซับน้ำ #พรมเช็ดเท้าดูดซับดี #พรมเช็ดเท้าแห้งไว | #พรมเช็ดเท้าหน้าประตู #พรมเช็ดเท้าหน้าห้อง #พรมเช็ดเท้าคอนโด
1731789799493568959,#ช่อดอกไม้ #ช่อดอกไม้ของขวัญ #ช่อดอกไม้ราคาถูก | #ช่อดอกไม้วันเกิด #ช่อดอกไม้แสดงความยินดี #ช่อดอกไม้เซอร์ไพรส์ | #ช่อดอกไม้พร้อมกล่อง #ช่อดอกไม้กล่องหรู #ช่อดอกไม้ดูแพง
1732082904646650410,#เครื่องเป่าลม #เครื่องเป่าลมไฟฟ้า #เครื่องเป่าลมราคาถูก | #เครื่องเป่าลมแรง #เครื่องเป่าลมกำลังสูง #เครื่องเป่าลม8000W | #เครื่องเป่าลมดูดฝุ่น #เครื่องเป่าลม2in1 #เครื่องเป่าลมอเนกประสงค์
1729992512739117475,#เปลผ้า #เปลผ้าพักผ่อน #เปลผ้าราคาถูก | #เปลผ้าแคมป์ปิ้ง #เปลผ้าเดินป่า #เปลผ้ากลางแจ้ง | #เปลผ้านอน #เปลผ้านอนสบาย #เปลผ้านุ่ม
1731608915496699946,#เจลดับกลิ่นชักโครก #เจลดับกลิ่นห้องน้ำ #เจลดับกลิ่นราคาถูก | #เจลดับกลิ่นโถส้วม #เจลดับกลิ่นโถสุขภัณฑ์ #เจลดับกลิ่นติดทน | #เจลห้องน้ำสีสวย #เจลห้องน้ำ6สี #เจลห้องน้ำน่ารัก
1732120638812619985,#ไฟโซล่าเซลล์ #ไฟโซล่าเซลล์กลางแจ้ง #ไฟโซล่าเซลล์ราคาถูก | #ไฟโซล่าเซลล์300000W #ไฟโซล่าเซลล์กำลังสูง #ไฟโซล่าเซลล์แสงขาว | #โคมไฟโซล่าเซลล์ #โคมไฟโซล่าเซลล์LED #โคมไฟโซล่าเซลล์สว่าง
1729671167294082002,#สว่านไร้สาย #สว่านไร้สายราคาถูก #สว่านไร้สายขายดี | #สว่านไร้สาย198V #สว่านไร้สายแรงบิดสูง #สว่านไร้สายกำลังแรง | #สว่านไร้สายงานช่าง #สว่านไร้สายซ่อมบ้าน #สว่านไร้สายงานDIY
1729989259475848139,#สเปรย์ทำความสะอาด #สเปรย์ทำความสะอาดอเนกประสงค์ #สเปรย์ทำความสะอาดราคาถูก | #สเปรย์ไม่ต้องล้าง #สเปรย์เช็ดออก #สเปรย์ใช้ง่าย | #น้ำยาขจัดคราบ #น้ำยาขจัดคราบฝังแน่น #น้ำยาขจัดคราบสกปรก
1731514563324904976,#กระทะไฟฟ้า #กระทะไฟฟ้าราคาถูก #กระทะไฟฟ้าขายดี | #กระทะไฟฟ้าอเนกประสงค์ #กระทะไฟฟ้าหม้อไฟ #กระทะไฟฟ้าปิ้งย่าง | #กระทะไฟฟ้าทำอาหาร #กระทะไฟฟ้าครัวบ้าน #กระทะไฟฟ้าใช้ในบ้าน
1731792605055060604,#หม้อทอดไร้น้ำมัน4ลิตร #หม้อทอดไร้น้ำมัน4จุด2ลิตร #หม้อทอดไร้น้ำมันขนาดใหญ่ | #หม้อทอดไร้น้ำมันHANRIVER #หม้อทอดไร้น้ำมัน1000วัตต์ #หม้อทอดไร้น้ำมันกำลังไฟสูง | #หม้อทอดไร้น้ำมัน #หม้อทอดไร้น้ำมันราคาถูก #หม้อทอดไร้น้ำมันขายดี
1732653783317841716,#พรมห้องครัว #พรมห้องครัวกันลื่น #พรมห้องครัวราคาถูก | #พรมห้องครัวดูดซับน้ำ #พรมห้องครัวซับน้ำดี #พรมห้องครัวแห้งไว | #พรมห้องครัวลายดอกไม้ #พรมห้องครัวลายใบไม้ #พรมห้องครัวสวย
1732120538786203474,#ไฟโซลาเซลล์300000W #ไฟโซลาร์เซลล์แรง #ไฟบ้านสวน | #ไฟโซล่าเซลล์กลางแจ้ง #ไฟติดผนังนอกบ้าน #ไฟกันน้ำ | #ไฟโซลาเซลล์ #ไฟโซลาร์เซลล์บ้าน #ไฟส่องสว่างนอกบ้าน
1733587085823411396,#ปลั๊กพ่วง #ปลั๊กพ่วงยาว #ปลั๊กพ่วงราคาถูก | #ปลั๊กพ่วงสายยาว10เมตร #ปลั๊กพ่วงสายยาว20เมตร #ปลั๊กพ่วงสายยาว30เมตร | #ปลั๊กพ่วงไฟฟ้า #ปลั๊กพ่วงคุณภาพดี #ปลั๊กพ่วงใช้งานทน
1733450107156465012,#ยาสีฟัน #ยาสีฟันราคาถูก #ยาสีฟันแพ็คคุ้ม | #ยาสีฟันมัลติแอคชัน #ยาสีฟันฟลูออไรด์ #ยาสีฟันขายดี | #ยาสีฟันปากสดชื่น #ยาสีฟันฟองนุ่ม #ยาสีฟันคุณภาพ
1733587410864539046,#น้ำยาซักผ้า #น้ำยาซักผ้าหอม #น้ำยาซักผ้าราคาถูก | #น้ำยาซักผ้าขายดี #น้ำยาซักผ้าผ้านุ่ม #น้ำยาซักผ้ากลิ่นหอม | #น้ำยาซักผ้าผ้าไม่อับ #น้ำยาซักผ้าผ้าหอม #ของใช้แม่บ้าน
1733127306227582137,#ครีมอาบน้ำ #ของใช้ประจำวัน #ของดีบอกต่อ | #ครีมอาบน้ำสมุนไพร #ผิวสะอาด #ใช้ทุกวัน | #ครีมอาบน้ำขวดใหญ่ #ซื้อซ้ำแน่นอน #ใช้ได้นาน
1729763355619068357,#กระทะสแตนเลส #กระทะผัด #อุปกรณ์ครัว | #กระทะไม่ติด #กระทะทำอาหาร #ของใช้ในครัว | #กระทะสแตนเลสแท้ #กระทะไม่อมกลิ่น #ครัวประหยัด
1732876892218034130,#ไฟโซล่าเซลล์ติดบ้าน #ไฟโซล่าเซลล์หน้าบ้าน #ไฟโซล่าเซลล์สวน | #ไฟโซล่าเซลล์ลานบ้าน #ไฟโซล่าเซลล์ทางเดิน #ไฟโซล่าเซลล์รั้วบ้าน | #ไฟโซล่าเซลล์ #ไฟโซล่าเซลล์บ้าน #ไฟโซล่าเซลล์กลางแจ้ง
1731238981034543049,#ลำโพงบลูทูธ #ลำโพงพกพา #ลำโพงไร้สาย | #ลำโพงบลูทูธพกพา #ลำโพงขนาดเล็ก #ลำโพงเสียงดัง | #ลำโพงไร้สายพกพา #ลำโพงใช้ได้ทุกที่ #ลำโพงพกง่าย
1732148492433393553,#ที่นอนสปริง #ที่นอนนุ่มแน่น #ที่นอนผ่อนได้ | #ที่นอนรองรับน้ำหนัก #ที่นอนสปริงแน่น #นอนหลับสบาย | #ที่นอนสปริงบ้านๆ #ที่นอนใช้งานจริง #ที่นอนผ่อนได้
1732019805143927134,#ลำโพงคอมพิวเตอร์ #ลำโพงไร้สาย #ลำโพงLED | #ลำโพงบลูทูธ #ลำโพงตั้งโต๊ะ #ลำโพงเล่นเกม | #ลำโพงเสียงดัง #ลำโพงเสียงดี #ลำโพงราคาถูก
1732305758050616963,#กระเป๋าสะพายข้าง #กระเป๋าแฟชั่น #กระเป๋าราคาถูก | #กระเป๋าผู้หญิง #กระเป๋ามินิมอล #กระเป๋าน่ารัก | #กระเป๋าไปเที่ยว #กระเป๋าใช้ทุกวัน #ของมันต้องมี
1731646185688368933,#เครื่องปั่นน้ำผลไม้ #เครื่องปั่น2จุด5ลิตร #เครื่องปั่นราคาถูก | #เครื่องปั่นสมูทตี้ #เครื่องปั่นครัว #เครื่องปั่นอเนกประสงค์ | #เครื่องปั่นน้ำแข็ง #เครื่องปั่นแรง #เครื่องปั่นพลังสูง
1730973304958716736,#ปลอกหมอนลายน่ารัก #ปลอกหมอนราคาถูก #ปลอกหมอนแฟชั่น | #ปลอกหมอนขนาดใหญ่ #ปลอกหมอน18x26 #ปลอกหมอนนุ่มสบาย | #ปลอกหมอนเด็ก #ปลอกหมอนการ์ตูน #ปลอกหมอนห้องนอน
1731126025680817034,#เสื้อแจ็คเก็ตผู้ชาย #เสื้อคลุมผู้ชาย #เสื้อกันหนาว | #เสื้อแจ็คเก็ตแฟชั่น #เสื้อแฟชั่นผู้ชาย #แฟชั่นผู้ชาย | #เสื้อแจ็คเก็ตแขนยาว #เสื้อแขนยาวผู้ชาย #ใส่กันลม
1730069270590621976,#กระเป๋าสไตล์เกาหลี #กระเป๋ามินิมอล #กระเป๋าญี่ปุ่น | #กระเป๋าสะพายข้าง #กระเป๋าวินเทจ #กระเป๋าRetro | #กระเป๋าสะพายไหล่ผู้หญิง #กระเป๋าแฟชั่นราคาดี #กระเป๋าฮิต
1729597598576969903,#เครื่องปั่นสับ #เครื่องบด500วัตต์ #เครื่องปั่นอเนกประสงค์ | #เครื่องปั่นพกพา #เครื่องปั่นครัวเรือน #เครื่องปั่นไฟฟ้า | #เครื่องปั่นสับอาหาร #เครื่องสับไฟฟ้า #เครื่องสับอเนกประสงค์
1730389350597364529,#ที่รองนอนปิคนิค #ที่นอนปิคนิค #ที่นอนพับได้ | ที่รองนอนพื้น #ที่นอนปูพื้น #ที่นอนพกพา | #ที่นอนปิคนิคลายการ์ตูน #ที่นอนเด็ก #ที่นอนครอบครัว
1730415014033328331,#ถังน้ำพลาสติก #ถังน้ำ200ลิตร #ถังน้ำใบใหญ่ | #ถังพลาสติก200ลิตร #ถังเก็บน้ำ #ถังน้ำอุตสาหกรรม | #ถังน้ำสีน้ำเงิน #ถังพลาสติกหนา #ถังน้ำแข็งแรง
1729790917942544603,#กางเกงคาร์โก้ #กางเกงขายาวผู้หญิง #กางเกงแฟชั่น | #กางเกงy2k #แฟชั่นy2k #สายแต่งตัว | #กางเกงคาร์โก้ผู้หญิง #cargoผู้หญิง #กางเกงทรงหลวม
1732180383769266185,#ถังน้ำ150ลิตร #ของใช้ในบ้าน #ของดีบอกต่อ | #FYP #ของใช้ในสวน #ไอเทมบ้านสวน | #เกษตรไทย #ของใช้เกษตร #ของดีราคาถูก | #ขายดีบนTikTok #ของใช้ในชีวิตประจำวัน #ของดีมีคุณภาพ
1732813423664858990,#เสื้อผ้าแฟชั่นผู้หญิง #ชุดไปเที่ยว #ชุดชิคๆ | #แฟชั่นสาวๆ #เสื้อครอปน่ารัก #กางเกงลายเก๋ | #ชุดเซ็ตสุดฮิต #ชุดเที่ยวทะเล #ชุดไปคาเฟ่
1730203058746460729,#ตุ๊กตาแมว #ตุ๊กตาแมวน่ารัก #ตุ๊กตาแมวตัวใหญ่ | #ตุ๊กตาแมวอ้วน #ตุ๊กตาแมวขนนุ่ม #ตุ๊กตาแมวสุดน่ารัก | #ตุ๊กตาของขวัญ #ตุ๊กตาของขวัญแฟน #ตุ๊กตาของขวัญวันเกิด
1732326294091172558,#กระเป๋าถือผู้หญิง #กระเป๋าสะพายผู้หญิง #กระเป๋าผู้หญิงแฟชั่น | #กระเป๋าผู้หญิงสวยๆ #กระเป๋าผู้หญิงเกาหลี #กระเป๋าผู้หญิงมินิมอล | #กระเป๋าผู้หญิงใบเล็ก #กระเป๋าผู้หญิงใช้ง่าย #กระเป๋าผู้หญิงยอดนิยม
1733549417653831032,#เสื้อแจ็คเก็ตผู้ชาย #แจ็คเก็ตผู้ชาย #เสื้อกันหนาวผู้ชาย | #เสื้อคลุมผู้ชาย #เสื้อคลุมผู้ชายแฟชั่น #เสื้อคลุมกันลมผู้ชาย | #แจ็คเก็ตผู้ชายใส่เที่ยว #แจ็คเก็ตผู้ชายใส่ทำงาน #แจ็คเก็ตผู้ชายใส่ทุกวัน
1729613277993273504,#น้ำหอมผู้ชาย #น้ำหอมผู้ชายติดทน #น้ำหอมผู้ชายกลิ่นหอม | #เซ็ตน้ำหอมผู้ชาย #ชุดน้ำหอมผู้ชาย #น้ำหอมผู้ชายหลายกลิ่น | #น้ำหอมผู้ชายกลิ่นเท่ #น้ำหอมผู้ชายกลิ่นสะอาด #น้ำหอมผู้ชายยอดนิยม
1729993786814401514,#ของขวัญวาเลนไทน์ #ของขวัญวันเกิดแฟน #ของขวัญให้แฟน | #เซ็ตของขวัญ #เซ็ตของขวัญผู้หญิง #กล่องของขวัญ | #ของขวัญเซอร์ไพรส์ #ของขวัญโรแมนติก #ของขวัญแทนใจ
1731398916535650126,#ไฟฉายดำน้ำ #ไฟฉายใต้น้ำ #ไฟฉายดำน้ำLED | #ไฟฉายใต้น้ำแรงสูง #ไฟฉายดำน้ำสว่างมาก #ไฟฉายดำน้ำกำลังสูง | #ไฟฉายดำน้ำกันน้ำ #ไฟฉายกันน้ำลึก #ไฟฉายกันน้ำคุณภาพ
1733552857143018869,#เซรั่มน้ำหอม #เซรั่มน้ำหอมผู้หญิง #น้ำหอมผู้หญิง | #น้ำหอมติดทน #น้ำหอมกลิ่นหอม #น้ำหอมผู้หญิงติดทน | #น้ำหอมกลิ่นหวาน #น้ำหอมกลิ่นผู้ดี #น้ำหอมกลิ่นหรู
1732407883156194513,#ไฟฉายคาดหัว #ไฟฉายคาดหัวLED #ไฟฉายคาดหัวแรงสูง | #ไฟฉายLED #ไฟฉายสว่างมาก #ไฟฉายกำลังสูง | #ไฟฉายชาร์จUSB #ไฟฉายชาร์จไฟได้ #ไฟฉายแบตอึด
1734256625470506788,#รองเท้าผ้าใบผู้หญิง #รองเท้าผ้าใบแฟชั่น #รองเท้าผ้าใบใส่สบาย | #รองเท้าผ้าใบพื้นหนา #รองเท้าผ้าใบทรงสวย #รองเท้าแฟชั่นผู้หญิง | #รองเท้าผ้าใบราคาถูก #รองเท้าผ้าใบลดราคา #รองเท้าผ้าใบโปรแรง
1731343047996181479,#จักรยานไฟฟ้า #จักรยานไฟฟ้าราคาถูก #รถไฟฟ้าพับได้ | #รถไฟฟ้าผู้ใหญ่ #จักรยานไฟฟ้า48V #จักรยานพับไฟฟ้า | #จักรยานไฟฟ้า400W #จักรยานไฟฟ้าแรงดี #จักรยานไฟฟ้าคุ้มค่า
1732184895400086350,#ปลั๊กไฟ #รางปลั๊กไฟ #ปลั๊กไฟUSB | #ปลั๊กไฟมีUSB #ปลั๊กไฟหลายช่อง #ปลั๊กไฟอเนกประสงค์ | #ปลั๊กไฟยาว3เมตร #ปลั๊กไฟยาว5เมตร #ปลั๊กไฟยาว10เมตร
1732219371253828569,#กระทะทำอาหาร #กระทะครัวเรือน #กระทะราคาถูก | #กระทะเทฟล่อน #กระทะทอดไข่ดาว #กระทะกันติด | #กระทะไม่ติดกระทะ #กระทะทอดง่าย #ของดีราคาถูก
1729589611307501882,#ท็อปเปอร์นุ่มมาก #ท็อปเปอร์หนา #ที่นอนเสริม | #ท็อปเปอร์รองนอน #ท็อปเปอร์แก้ปวดหลัง #ท็อปเปอร์นอนสบาย | #ที่นอนบนพื้น #รองนอนหนานุ่ม #ท็อปเปอร์พรีเมียม
1730669049807407135,#เสื้อฮู้ดผู้หญิง #เสื้อกันหนาวแฟชั่น #เสื้อฮู้ดเกาหลี | #เสื้อคลุมผู้หญิง #เสื้อกันลมผู้หญิง #เสื้อฮู้ดแฟชั่น | #เสื้อใส่เที่ยว #เสื้อกันหนาวราคาประหยัด #เสื้อคลุมเกาหลี
1730255425167264732,#เครื่องวัดความดัน #วัดความดันดิจิตอล #เครื่องวัดความดันพกพา | #เครื่องวัดความดันผู้สูงอายุ #อุปกรณ์ดูแลสุขภาพ #ของใช้ดูแลตัวเอง | #เครื่องวัดความดันแขน #เครื่องวัดความดันจอใหญ่ #หน้าจอLCD
1729595408900459430,#ผ้าห่มนาโน #ผ้าห่มน่ารัก #เครื่องนอน | #ผ้าห่มลายการ์ตูน #ผ้าห่มเด็ก #ห้องนอน | #ผ้าห่มขนาดสี่ฟุต #ผ้าห่มเตียง #บ้านน่าอยู่
1729724353901857671,#กระเป๋าคาดอกผู้ชาย #กระเป๋าคาดเอวเท่ๆ #กระเป๋าผู้ชายราคาดี | #กระเป๋าผู้ชายสะพายข้าง #กระเป๋าหนังผู้ชาย #กระเป๋าคาดอกแฟชั่น | #คาดอกผู้ชายเท่ๆ #กระเป๋าผู้ชายสวยๆ #กระเป๋าคาดอกขายดี
1732171283308512756,#สายยางรดน้ำ #หัวฉีดน้ำแรงดัน #ชุดสายยางพร้อมหัวฉีด | #สายยาง20เมตร #สายยางทนทาน #สายยางยืดหยุ่นดี | #สายยาง4หุน #หัวฉีดน้ำสวนน้ำ #อุปกรณ์ทำสวน
1730364975059995398,#กางเกงขายาวผู้หญิง #กางเกงแฟชั่นผู้หญิง #กางเกงเอวยางยืด | #กางเกงขายาวแฟชั่น #กางเกงใส่สบาย #กางเกงผ้านุ่ม | ##กางเกงขายาวทรงหลวม #กางเกงลำลองผู้หญิง #กางเกงแฟชั่นเกาหลี
1729700366524582174,#เสื้อยืดผู้ชาย #เสื้อผู้ชายใส่สบาย #เสื้อผู้ชายราคาดี | #เสื้อยืดคอกลมผู้ชาย #เสื้อผ้าผู้ชายเท่ๆ #เสื้อไซส์ใหญ่ผู้ชาย | #เสื้อผู้ชายผ้านิ่ม #เสื้อยืดผ้านิ่ม #เสื้อผู้ชายขายดี
1732287196849474197,#จักรยานไฟฟ้าพับได้ #จักรยานไฟฟ้าราคาถูก #จักรยานไฟฟ้าใช้งานจริง | #จักรยานไฟฟ้าเดินทาง #จักรยานไฟฟ้าประหยัด #จักรยานไฟฟ้ามอเตอร์แรง | #จักรยานไฟฟ้าล้อใหญ่ #จักรยานไฟฟ้าพกพา #จักรยานไฟฟ้ารุ่นฮิต
1734014059729815456,#ที่เติมลมยางรถยนต์ #เครื่องเติมลมยาง #ปั๊มลมรถยนต์ไฟฟ้า | #ปั๊มลมยางรถยนต์12โวลต์ #เครื่องเติมลมพกพา #เครื่องสูบลมยางรถ | #ปั๊มลมรถยนต์พกพา #เครื่องสูบลมรถยนต์ #ปั๊มลมติดรถ
1731121968078883197,#รองเท้ากันลื่น #รองเท้าใส่สบาย #รองเท้าลุยงาน | #รองเท้าใส่ทำงาน #รองเท้าเดินป่าเบาๆ #รองเท้าใช้ง่าย | #รองเท้าลุยสวน #รองเท้าEVA #รองเท้าเตะสวน
1731489140009634192,#รองเท้าใส่นิ่ม #รองเท้าเตะแฟชั่น #รองเท้าผู้หญิงราคาดี | #รองเท้าลำลองผู้หญิง #รองเท้าใส่สบายมาก #รองเท้าพื้นนิ่ม | #รองเท้าสีครีม #รองเท้าแมทช์ง่าย #รองเท้าใส่ได้ทุกวัน
1732092806021940360,#เครื่องตัดผมไร้สาย #ปัตตาเลี่ยนตัดผม #ปัตตาเลี่ยนช่างผม | #ชุดตัดผมที่บ้าน #ตัดผมเองได้ #เครื่องตัดผมผู้ชาย | #เครื่องตัดผมราคาดี #เครื่องตัดผมคุณภาพ #เครื่องตัดผมแรงดี
1732476156673426453,#ไฟฉายแรงสูง #ไฟฉายส่องไกล #ไฟฉายพกพา | #ไฟฉายชาร์จได้ #ไฟฉายกันน้ำ #ไฟฉายใช้งานกลางแจ้ง | #ไฟฉายออกค่าย #ไฟฉายเดินป่า #ไฟฉายเที่ยวป่า
1732095435891181995,#เสื้อผ้าแฟชั่นผู้หญิง #ชุดลำลองผู้หญิง #เสื้อผ้าใส่เที่ยว | #เสื้อสายเดี่ยว #กางเกงขาสั้นผู้หญิง #แฟชั่นวัยรุ่น | #เสื้อผ้าพร้อมส่ง #เสื้อผ้าราคาถูก #แฟชั่นเกาหลี
1731614084519659030,#กระทะไม่ติด #เครื่องครัวคุณภาพ #ครัวไทย | #กระทะเคลือบ #อุปกรณ์ทำอาหาร #ครัวบ้าน | #กระทะทอดไข่ #กระทะทำอาหาร #ครัวเรือน
1729728360430865388,#เครื่องดูดฝุ่น #เครื่องดูดฝุ่นพกพา #ของใช้ในรถ | #เครื่องดูดฝุ่นรถ #ดูแลรถยนต์ #อุปกรณ์รถ | #เครื่องดูดฝุ่นแรง #ดูดฝุ่นรถ #รถสะอาด
1732016540999058782,#พัดลมมือถือ #พัดลมพกพา #พัดลมมินิ | #พัดลมห้องเรียน #พัดลมพกติดตัว #พัดลมราคาถูก | #พัดลมชาร์จได้ #ของมันต้องมี #ของใช้ประจำวัน
1729447205677795859,#ปัตตาเลี่ยนตัดผม #ปัตตาเลี่ยนไร้สาย #ตัดผมเอง | #ปัตตาเลี่ยนไฟฟ้า #เครื่องตัดผม #ช่างตัดผม | #ปัตตาเลี่ยนแบตเตอรี่ #อุปกรณ์เสริมสวย #สไตล์ผู้ชาย
1732938771806454826,#รองเท้าผ้าใบผู้ชาย #รองเท้าวิ่งผู้ชาย #รองเท้ากีฬา | #รองเท้าลำลอง #รองเท้าออกกำลังกาย #คนรักสุขภาพ | #รองเท้าระบายอากาศ #รองเท้านุ่ม #ใส่สบาย
1731624946866750673,#โคมไฟLED #ไฟอ่านหนังสือ #ไฟหัวเตียง | #ไฟถนอมสายตา #โคมไฟนอน #อ่านหนังสือสบาย | #โคมไฟดีไซน์สวย #โคมไฟน่ารัก #ไอเทมแต่งบ้าน
1731193885279224885,#เครื่องตัดผมไร้สาย #ปัตตาเลี่ยนชาร์จไฟ #เครื่องตัดผม | #ปัตตาเลี่ยนตัดผม #อุปกรณ์ตัดผม #ที่ตัดผมไฟฟ้า | #ปัตตาเลี่ยนผู้ชาย #ปัตตาเลี่ยนเด็ก #ตัดผมเองที่บ้าน
1732304354996684584,#เก้าอี้นวดไฟฟ้า #เก้าอี้รีไคลเนอร์ #เก้าอี้พักผ่อน | #เก้าอี้โซฟานวด #เก้าอี้สุขภาพ #เก้าอี้เอนได้ | #เก้าอี้นวดราคาถูก #เก้าอี้นวดคุ้มค่า #เก้าอี้นวดบ้าน
1732005996405950067,#เครื่องปั่นไฟ #ปั่นไฟ3000w #เครื่องปั่นไฟราคาถูก | #เครื่องปั่นไฟสนาม #เครื่องปั่นไฟพกพา #ปั่นไฟใช้งานจริง | #เครื่องปั่นไฟสำรอง #ปั่นไฟเสียงเบา #ไฟดับใช้ได้
1729941462941469142,#ที่นอนยางพารา #ที่นอนสุขภาพดี #ที่นอนเด้งสบาย | #ที่นอนคุณภาพดี #ที่นอนนุ่มแน่น #ที่นอนนอนสบาย | #ที่นอนลดราคา #ที่นอนคุ้มค่า #ที่นอนราคาถูก
1731270945686259093,#กางเกงขายาว #กางเกงผู้หญิง #กางเกงทรงตรง | #มินิมอลลุค #คาเฟ่ลุค #แต่งตัวทุกวัน | #กางเกงใส่ทำงาน #กางเกงใส่เที่ยว #กางเกงผ้านิ่ม
1732881250985477369,#รถไฟฟ้า #จักรยานไฟฟ้า #มอเตอร์ไซค์ไฟฟ้า | #รถไฟฟ้า500วัตต์ #รถไฟฟ้า36โวลต์ #รถไฟฟ้า12แอมป์ | #รถไฟฟ้าชาร์จง่าย #รถไฟฟ้านั่งสบาย #รถไฟฟ้าวิ่งลื่น
1731361132225661555,#ปั๊มลมช่าง #ปั๊มลมโรงงาน #ปั๊มลมซ่อมรถ | #ปั๊มลมเสียงเงียบ #ปั๊มลมใช้งานหนัก #ปั๊มลมคุณภาพดี | #ปั๊มลมอเนกประสงค์ #ปั๊มลมแรงดี #ปั๊มลมราคาดี
1732406162864113133,#สกู๊ตเตอร์ไฟฟ้า #สกู๊ตเตอร์ไฟฟ้าพับได้ #สกู๊ตเตอร์ไฟฟ้าราคาถูก | #สกู๊ตเตอร์ไฟฟ้าเด็กผู้ใหญ่ #สกู๊ตเตอร์ไฟฟ้าปรับสปีด #สกู๊ตเตอร์ไฟฟ้า24โวลต์ | #สกู๊ตเตอร์ไฟฟ้าแรงดี #สกู๊ตเตอร์ไฟฟ้ามอเตอร์แรง #สกู๊ตเตอร์ไฟฟ้าเดินทาง
1732570031978939960,#กางเกงวอร์ม #กางเกงขากว้าง #กางเกงฮิปฮอป | #กางเกงลายเท่ #ใส่ง่ายไม่ต้องคิด #จับคู่เสื้ออะไรก็สวย | #แฟชั่นสไตล์สตรีท #ลุคสตรีท #สตรีทแฟชั่น
1732267295967839778,#ลู่วิ่งไฟฟ้า #ลู่วิ่งออกกำลังกาย #ลู่วิ่งผู้ใหญ่ | #ลู่วิ่งปรับชันได้ #ลู่วิ่งปรับสปีดได้ #ลู่วิ่งฟิตเนส | #อุปกรณ์ฟิตเนส #เครื่องออกกำลังกาย #ฟิตเนสที่บ้าน
1732083379033703992,#กางเกงทรงใหญ่ #กางเกงสตรีท #กางเกงผู้หญิงน่ารัก | #กางเกงเต้น #กางเกงฮิปฮอป #แต่งตัวไปเรียน | #กางเกงโคตรใหญ่ #สาวสตรีท #โทนมินิมอล
1729768577742374914,#รองเท้าผ้าใบผู้หญิง #รองเท้าผ้าใบผู้ชาย #รองเท้าสีขาว | #แต่งตัวผู้หญิง #แต่งตัวผู้ชาย #แฟชั่นเกาหลี | #รองเท้าคู่รัก #สไตล์มินิมอล #แต่งตัวไปคาเฟ่
1732281308189393961,#ที่นอนพกพา #ปิคนิค #แต่งบ้านสไตล์มินิมอล | #ห้องมินิมอล #โทนอบอุ่น #นอนสบายทุกวัน | #ที่นอนปิคนิค #ฟูกพกพา #เสื่อปูพื้นนุ่ม
1731354167400893015,#ลำโพงบลูทูธ #ลำโพงพกพา #ของใช้ในบ้าน | #ลำโพงบลูทูธ #ลำโพงเบส #เสียงดังชัด | #ลำโพงพกพา #เปิดได้ทั้งวัน #ต่อบลูทูธง่าย
1731079470132398874,#กางเกงคาโก้ผู้ชาย #กางเกงลายทหารเท่ๆ #กางเกงแนวสตรีท | #กางเกงคาโก้แฟชั่นชาย #กางเกงแนวเท่ #กางเกงลายพรางผู้ชาย | #กางเกงลายทหารแฟชั่น #กางเกงผู้ชายขายดี #กางเกงราคาเบาๆ
1732040558909162671,#กางเกงขากว้าง #กางเกงลายพราง #กางเกงขายาวผู้หญิง | #กางเกงสวยๆราคาถูก #กางเกงสตรีทหญิง #แฟชั่นราคาดี | #แฟชั่นผู้หญิง2025 #กางเกงลายพรางแฟชั่น #แต่งตัวดูผอม
1731919161886870278,#เสื้อผ้าราคาถูก2025 #แฟชั่นถูกและดี #สินค้าปังดันยอดขาย | #กางเกงสาวๆ #มินิมอล #สินค้าปังดันยอดขาย | #กางเกงเท่ๆ #ใส่สบาย #สินค้าปังดันยอดขาย
1732568231656785464,#กางเกงเอวสูง #กางเกงวอร์ม #สไตล์เกาหลี | #กางเกงสวยๆ #กางเกงใส่เที่ยว #กางเกงOversize | #กางเกงวอร์มขากว้าง #แฟชั่นเกาหลี #สินค้าปังดันยอดขาย
1732510987703714877,#กางเกงใส่เล่นบอล #คอนทนต์ปังอัพยอด #กางเกงแฟชั่นผู้ชาย | #เสื้อผ้าแฟชั่นผู้ชาย #แฟชั่นผู้หญิงราคาถูก #ของดีราคาน่ารัก | #เสื้อผ้าราคาส่ง #เสื้อยืดเท่ๆ #กางเกงขาสั้นผู้ชาย #ลุคมินิมอล
1731514891295295175,#กางเกงขาสั้นผู้ชาย #กางเกงสวยๆราคาถูก #กางเกงเที่ยว | #คอนทนต์ปังอัพยอด #กางเกงขาสั้น #กางเกงผู้ชาย | #กางเกงแฟชั่นชาย #กางเกงผู้ชายสวยๆ #กางเกงสีพื้น
1731289478251054360,#กระเป๋าคาดอกผู้ชาย #กระเป๋าใส่ของจุกจิก #คาดอกเท่ๆ | #กระเป๋าคาดอกผู้หญิง #สายคาดอกเท่ๆ #แฟชั่นคาดอก | #กระเป๋าคาดอกกันฝน #กระเป๋าราคาเบาๆ #คาดอกมินิมอล
1730959519362156779,#กางเกงลูกฟูก #กางเกงขากว้างผู้หญิง #กางเกงขายดี | #กางเกงเอวยืด #กางเกงใส่สบาย #ของถูกในติ๊กต่อก | #กางเกงทำงานผู้หญิง #กางเกงชิคๆ #ไอเทมผู้หญิง
1732432090295207738,#ฮู้ดผู้ชาย #เสื้อกันหนาวผู้ชาย #ฮู้ดดี้เท่ๆ | #ฮู้ด oversize ผู้ชาย #เสื้อโอเวอร์ผู้ชาย #ลุคเท่ๆผู้ชาย | #เสื้อกันหนาวหล่อๆ #เสื้อผ้าผู้ชาย #ไอเทมผู้ชาย
1731579068765932249,#เสื้อยืดแฟชั่น #เสื้อลายเกาหลี #เสื้อสตรีทผู้หญิง | #เสื้อoversizeผู้หญิง #เสื้อoversizeผู้ชาย #เสื้อคู่แฟชั่น | #เสื้อแนววินเทจ #เสื้อลำลองผู้หญิง #แต่งตัวง่ายๆ
1731887844990682446,#รองเท้าผู้หญิง #รองเท้าแตะผู้หญิง #รองเท้าใส่ในบ้าน | #รองเท้าแตะแฟชั่น #แตะนุ่มเด้ง #รองเท้าแตะผู้หญิงน่ารัก | #รองเท้าแตะทรงสวย #แตะฟองน้ำ #รองเท้าแตะเบาสบาย
1731375325553854217,#สกู๊ตเตอร์ไฟฟ้า #สกู๊ตเตอร์ผู้ใหญ่ #สกู๊ตเตอร์ราคาถูก | #รถไฟฟ้าพับได้ #สกู๊ตเตอร์พับได้ #สกู๊ตเตอร์ของแท้ | #สกู๊ตเตอร์ประหยัด #สกู๊ตเตอร์คุณภาพดี #รถไฟฟ้าคุ้มค่า
1731399140118398906,#สกู๊ตเตอร์พับได้ #สกู๊ตเตอร์สองล้อ #สกู๊ตเตอร์ราคาถูก | #สกู๊ตเตอร์ไปเรียน #สกู๊ตเตอร์ไปทำงาน #รถเข็นพับได้แบบล้อ | #สกู๊ตเตอร์เดินทาง #ของใช้ผู้ใหญ่ #ของใช้ทั่วไป
1733221825051854155,#สินค้าปังดันยอดขาย #กระเป๋าสวยๆราคาถูก #กระเป๋าเกาหลียอดฮิต | #กระเป๋าสะพายเท่ๆ #กระเป๋าผู้หญิงต้องมี #กระเป๋าทรงเกาหลี | #กระเป๋าผู้หญิงน่ารัก #กระเป๋าแฟชั่นใหม่ๆ #กระเป๋าสไตล์ผู้หญิง
1732479810938962960,#เครื่องวัดความดัน #เครื่องวัดความดันดิจิตอล #เครื่องวัดความดันอัตโนมัติ | #เครื่องวัดความดันพกพา #เครื่องวัดความดันผู้สูงอายุ #เครื่องวัดความดันบ้าน | #เครื่องวัดความดันแขน #เครื่องวัดความดันแม่นยำ #เครื่องวัดความดันคุณภาพ
1730829037223577632,#สินค้าปังดันยอดขาย #ฮู้ดดี้ผู้ชาย #เสื้อหนาวผู้ชาย | #ฮู้ดดี้ผู้หญิง #เสื้อฮู้ดผู้หญิง #แฟชั่นหน้าหนาว | #เสื้อฮู้ดโอเวอร์ไซส์ #โอเวอร์ไซส์ผู้ชาย #โอเวอร์ไซส์ผู้หญิง
1731028463523564192,#เสื้อฮู้ดราคาส่ง #ฮู้ดดี้ผู้ชายผู้หญิง #ฮู้ดดี้สีดำ | #ฮู้ดดี้แฟชั่น #เสื้อหนาวถูกๆ #เสื้อกันหนาวผู้หญิง | #เสื้อฮู้ดสีดำ #เสื้อคลุมหน้าหนาว #ฮู้ดดี้สตรีท
1729783160659675433,#กางเกงวอร์มผู้หญิง #กางเกงขากว้าง #กางเกงเอวสูง | #กางเกงเกาหลี #กางเกงแฟชั่นผู้หญิง #กางเกงงานดี | #กางเกงทรงสวย #กางเกงผู้หญิงราคาถูก #กางเกงขายดี
1731380438972533108,#เต็นท์แคมป์ปิ้ง #เต็นท์กางออโต้ #เต็นท์เดินป่า | #อุปกรณ์แคมป์ปิ้ง #ของตั้งแคมป์ #แคมป์ปิ้งราคาถูก | #เต็นท์พกพา #เต็นท์ตั้งง่าย #เต็นท์สปริง
1729445079343860219,#รองเท้าผ้าใบราคาถูก #รองเท้าผ้าใบผู้ชาย #รองเท้าผ้าใบผู้หญิง | #รองเท้าแฟชั่นราคาถูก #รองเท้าใส่สบายมาก #รองเท้าวิ่งเบาสบาย | #รองเท้าใส่ทำงาน #รองเท้าเดินทั้งวัน #รองเท้าราคาประหยัด
1733234545600201768,#เสื้อฮู้ดราคาถูก #ฮู้ดกันหนาว #เสื้อแขนยาวผู้ชาย | ฮู้ดสวยๆ #เสื้อกันหนาวผู้ชาย #ฮู้ดใส่สบาย | #เสื้อฮู้ดผู้ใหญ่ #เสื้อฮู้ดเท่ๆ #เสื้อผู้ชายแฟชั่น
1731794064309324744,#เสื้อสเวตเตอร์ผู้ชาย #เสื้อแขนยาวราคาถูก #สเวตเตอร์ลายสวย | #เสื้อกันหนาวลายเท่ #แฟชั่นผู้ชายเกาหลี #เสื้อคลุมสตรีท | #เสื้อผู้ชายใส่เที่ยว #เสื้อแต่งตัวผู้ชาย #เสื้อผู้ชายลำลอง
1731855260328233734,#เสื้อแขนยาวผู้หญิง #เสื้อตัวหลวม #เสื้อสวยราคาถูก | #เสื้อลายทางผู้หญิง #เสื้อแขนยาวเกาหลี #เสื้อใส่สบาย | #เสื้อสไตล์มินิมอล #เสื้อโอเวอร์ไซส์ผู้หญิง #เสื้อใส่เที่ยว
1732663134855267619,#กางเกงลายทหาร #กางเกงแฟชั่นผู้หญิง #กางเกงขายาวผู้หญิง | #กางเกงขากว้างผู้หญิง #กางเกงสไตล์สตรีท #กางเกงเท่ๆผู้หญิง | #กางเกงเอวสูงผู้หญิง #กางเกงทรงหลวมผู้หญิง #กางเกงพรางตัว
1730799244904860260,#เสื้อฮู้ดผู้หญิง #ฮู้ดดี้ผู้หญิง #เสื้อหนาวผู้หญิง | #เสื้อฮู้ดสไตล์เกาหลี #เสื้อคลุมกันหนาว #ฮู้ดแขนยาว | #ฮู้ดโอเวอร์ไซส์ #ฮู้ดเกาหลี #เสื้อสวยราคาถูก
1732081660815639601,#สกู๊ตเตอร์พับได้ #สกู๊ตเตอร์เด็กผู้ใหญ่ #สกู๊ตเตอร์ราคาถูก | #สกู๊ตเตอร์ล้อใหญ่ #สกู๊ตเตอร์ปรับสูงได้ #สกู๊ตเตอร์ใช้ง่าย | #สกู๊ตเตอร์ผู้ใหญ่ #สกู๊ตเตอร์เด็ก #สกู๊ตเตอร์เดินทาง
1731265301696973148,#พัดลมแบตเตอรี่ #พัดลมพกพา #แบตอึด | #พัดลมไร้สาย #พัดลมแรง #40000mAh | #พัดลม8นิ้ว #ไม่ต้องเสียบไฟ #ลด46%
1729634036475530155,#ไฟโซล่าเซลล์พกพา #ไฟแคมป์ปิ้ง #ไฟฉุกเฉินพกพา | #กันน้ำIP65 #ไฟสปอตไลท์ #แบต1200mAh | #ชาร์จMicroUSB #ไฟพลังงานแสงอาทิตย์ #ไฟแม่เหล็ก
1729650574729644266,#ผ้าเช็ดไมโครไฟเบอร์ #ผ้าไมโครไฟเบอร์ #ผ้าเช็ดรถ | #ผ้าไมโครไฟเบอร์30x30 #ผ้าเช็ดรถยนต์ #ผ้าไมโครไฟเบอร์300g | #ผ้าอเนกประสงค์ #ผ้าเช็ดฝุ่น #ผ้าไมโครไฟเบอร์แพ็ค10ผืน
1729667564189419592,#ปลอกแฮนด์ #ปลอกมือ #ปลอกแฮนด์มอเตอร์ไซค์ | #ปลอกมือมีเนียม #ปลอกแฮนด์แต่ง #ปลอกมือแต่ง | #ปลอกแฮนด์อลูมิเนียม #ปลอกมือมอเตอร์ไซค์ #ปลอกแฮนด์ลายจุด
1729749686809102660,#OJOCARน้ำยาขัดไฟหน้า #นํ้ายาขัดไฟหน้ารถ #ครีมขัดไฟหน้ารถ | #นํ้ายาขัดโคมไฟหน้า #ครีมขัดไฟหน้า #ขัดไฟหน้ารถยนต์ | #นํ้ายาเคลือบไฟหน้า #นํ้ายาลบรอยไฟหน้า #ชุดขัดไฟหน้ารถ
1730041875952928814,#เตาปิ้งย่าง #เตาปิ้งย่างพกพา #เตาปิคนิค | #เตาย่างใช้ถ่าน #เตาปิ้งย่างแคมป์ปิ้ง #เตาย่างพกพา | #เตาปิ้งย่างพับได้ #เตาปิคนิคพกพา #เตาย่างถ่าน
1730097924576676598,#เครื่องวัดความดัน #เครื่องวัดความดันโลหิต #ที่วัดความดัน | #เครื่องวัดความดันพกพา #เครื่องวัดความดันดิจิตอล #เครื่องวัดความดันหน้าจอLCD | #เครื่องวัดความดันราคาถูก #เครื่องวัดความดันผู้สูงอายุ #เครื่องวัดความดันที่บ้าน
1730238310281873959,#ที่ยึดโทรศัพท์มือถือ #ที่วางโทรศัพท์มือถือ #ที่จับมือถือในรถ | #ที่ยึดมือถือติดแอร์ #ที่วางมือถือรถยนต์ #ที่จับโทรศัพท์ช่องแอร์ | #ที่ยึดโทรศัพท์รถยนต์ #ที่วางมือถือในรถ #ที่จับโทรศัพท์มือถือ
1730241119472290343,#ที่ยึดโทรศัพท์ในรถ #ที่จับมือถือในรถ #ที่วางมือถือในรถ | #ที่หนีบโทรศัพท์ในรถ #ที่ยึดมือถือในรถ #ที่จับโทรศัพท์ในรถ | #ที่ยึดโทรศัพท์รถยนต์ #ที่จับมือถือหน้ารถ #ที่วางโทรศัพท์ในรถ
1730332319363533674,#เตาแก๊สเดี่ยว #เตาแก๊สตั้งโต๊ะ #เตาแก๊สประหยัดพลังงาน | #เตาแก๊สไฟสูง #เตาแก๊สสแตนเลส #เตาแก๊สแรงดัน | #เตาแก๊สทำอาหาร #เตาแก๊สบ้าน #เตาแก๊สราคาถูก
1730536204968298674,#รถเข็นพับได้ #รถเข็นCart #รถเข็นยืดได้ | #รถเข็นล้อPU #รถเข็นล้อยาง #รถเข็นพกพา | #รถเข็นของ #รถเข็นอเนกประสงค์ #รถเข็นของพับได้
1730690570692103165,#ถังโยก #ถังพ่นยา #ถังพ่นยามือโยก | #ถังฉีดยาแบบโยก #ถังพ่นยาแบบโยก #ถังโยก16ลิตร | #ถังโยก20ลิตร #ถังพ่นยาAKI #ถังพ่นยา16ลิตร
1730729728185633525,#หม้อหุงข้าวไฟฟ้า #หม้อหุงข้าวGaabor #หม้อหุงข้าว2ลิตร | #หม้อหุงข้าวราคาถูก #หม้อหุงข้าวอัจฉริยะ #หม้อหุงข้าวไฟฟ้าGaabor | #หม้อข้าวไฟฟ้า #หม้อหุงข้าวรุ่นใหม่ #หม้อหุงข้าวคุณภาพดี
1730872394078063452,#ไฟฉายคาดหัว #ไฟฉายส่องไกล1000ม #ไฟฉายชาร์จได้ | #ไฟฉายกันน้ำ #ไฟฉายแบตอึด #ไฟฉายLEDพลังสูง | #ไฟฉายเดินป่า #ไฟฉายพกพาสะดวก #Nova6707
1730938300125907198,#ไฟฉายคาดหัว #ไฟฉายPM610 #ส่องไกล2000ม | #ไฟฉายชาร์จได้ #แบต20ชม #ไฟแรงสูง | #ไฟฉายตกปลา #ไฟฉายจับแมลง #ไฟฉายกลางคืน
1731023864869784264,#ไฟฉาย #ไฟฉายพกพา #ไฟฉายแรงสูง | #ไฟฉายโซล่าเซลล์ #ไฟฉายชาร์จได้ #ไฟฉายLED | #ไฟฉายอสารพัดประโยชน์ #ไฟฉายเดินป่า #ไฟฉายตั้งแคมป์
1731184892781037004,#ตู้เชื่อมTOMA #ตู้เชื่อมไฟฟ้า #ตู้เชื่อมมินิ | #เครื่องเชื่อมTOMA #ตู้เชื่อมอินเวอร์เตอร์ #ตู้เชื่อมIGBT | #ตู้เชื่อม2in1 #ตู้เชื่อมพาวเวอร์แบงค์ #ตู้เชื่อมราคาถูก
1731430725761205322,#หลอดไฟLED #ไฟฉุกเฉินพกพา #ชาร์จUSB | #ไฟตั้งแคมป์ #ตลาดกลางคืน #กันน้ำIPX6 | #ซูเปอร์สว่าง #หลอดไฟไร้สาย #3โหมดไฟ
1731600766640556437,#หลอดไฟLED #ชาร์จUSB #กันน้ำIPX7 | #ไฟแคมป์ปิ้ง #ไฟตลาดกลางคืน #ไฟ3000W | #ลด71% #ราคา129 #ไฟใช้ในบ้าน
1731666116667738156,#ไฟฉายคาดหัว #ไฟฉายส่องไกล2000ม #ไฟฉายชาร์จได้ | #ไฟฉายแรง2000W #ไฟฉายตกปลา #ไฟฉายจับแมลง | #ไฟฉายแคมป์ปิ้ง #ไฟฉายพกพา #ไฟฉายสีขาวเหลือง
1731684294673925625,#เลื่อยวงเดือน7นิ้ว #เลื่อยวงเดือนไฟฟ้า #เลื่อยวงเดือนไร้สาย | #เลื่อยวงเดือนREAIM #เลื่อยวงเดือน7นิ้ว5800NB #เลื่อยตัดไม้ไฟฟ้า | #เลื่อยวงเดือน1000W #เครื่องมือช่างไม้ #เลื่อยวงเดือนงานช่าง
1731904894718805619,#เครื่องตัดหญ้า #เครื่องตัดหญ้าไฟฟ้า #เครื่องตัดหญ้าไร้สาย | #ตัดหญ้าไฟฟ้า #เครื่องตัดหญ้าแบต #เครื่องตัดหญ้าพกพา | #ตัดหญ้าไร้สาย #เครื่องตัดหญ้าขนาดเล็ก #เครื่องตัดหญ้าสนาม
1732106730450356779,#โซฟาขี้เกียจ #BeanBag #โซฟาบ้านสุนัข | #โซฟาโฟม #เก้าอี้นอน #ที่นั่งคู่เดี่ยว | #โซฟามินิมอล #โซฟากุนเชียง #โซฟาโยก
1732109311548294521,#แท็บเล็ตQOOMI #แท็บเล็ตราคาถูก #แท็บเล็ตจอใหญ่ | #แท็บเล็ตใส่ซิมได้ #แท็บเล็ตแบตอึด #แท็บเล็ตAndroid | #แท็บเล็ต10นิ้ว #แท็บเล็ตเล่นเกม #แท็บเล็ตเรียนออนไลน์
1732196592464922029,#ไฟฉายLED #สว่างไกล1000ม #แบตLiion | #ชาร์จด่วน #ไฟฉายทนทาน #ไฟฉายแคมป์ปิ้ง | #ไฟฉาย4800mAh #ไฟสูง #ไฟฉายราคาดี
1732328393610004592,#ไฟฉายคาดหัว #ไฟฉายLED #ชาร์จได้ | #ไฟสว่างสูง #ปรับความสว่าง #สายชาร์จแถม | #ไฟฉายตกปลา #ไฟฉายแคมป์ #ไฟฉายกลางคืน
1732328766362585342,#ไฟฉายคาดหัว #ไฟฉายLED #ชาร์จได้ | #ไฟฉายตกปลา #ไฟคาดหัวแรงสูง #ไฟส่องกบ | #ไฟสว่างกลางคืน #หาปลา #ไฟฉายพกพา
1732394080792381418,#คิวสตาร์ #กล้องกีฬา #กล้องHD | #กล้องติดหน้าอก #กล้องWIFI #กล้องบอดี้แคม | #กล้องโกโปร #กล้องติดเสื้อ #กล้องจิ๋ว
1732397975059531526,#พัดลมแบตเตอรี่ไร้สาย #พัดลมไร้สาย #พัดลมพกพา | #พัดลม8นิ้ว #พัดลมแบตสว่าน #พัดลมพลังสูง | #พัดลมแบตเตอรี่ #พัดลมไร้สาย8นิ้ว #พัดลมมินิไร้สาย
1732943777239106884,#ซิงค์ล้างจาน #ซิงค์ล้างจานสแตนเลส #อ่างล้างจาน | #ซิงค์2หลุม #อ่างล้างจาน2หลุม #ซิงค์สแตนเลส | #ซิงค์ล้างจาน120ซม #อ่างล้างจานมีชั้นวาง #ซิงค์ล้างจานพร้อมชั้นวาง
1733115628437996624,#เครื่องปั๊มลมไฟฟ้า #ที่เติมลมยางรถ #เครื่องสูบลมไฟฟ้า | #ปั๊มลมไฟฟ้า #ปั๊มลมพกพา #ที่เติมลมยางรถยนต์ | #ปั๊มลมมอเตอร์ไซค์ #เครื่องเติมลมยาง #ปั๊มลมอเนกประสงค์
1733232102666175837,#ที่สูบลม #ที่สูบลมจักรยาน #ที่สูบลมมอเตอร์ไซค์ | #ที่สูบลมพกพา #ที่สูบลม160PSI #ที่สูบลมแรงดันสูง | #ที่สูบลมรถยนต์ #ที่สูบลมบอล #ที่สูบลมล้อรถ
1733397992429945902,#เครื่องดูดฝุ่นอุตสาหกรรม #เครื่องดูดฝุ่น18L #เครื่องดูดฝุ่น1800W | #เครื่องดูดฝุ่นดูดน้ำ #เครื่องดูดฝุ่นถังสแตนเลส #เครื่องดูดฝุ่นพลังสูง | #เครื่องดูดฝุ่นเป่าลม #เครื่องดูดฝุ่นทำความสะอาด #เครื่องดูดฝุ่นในบ้าน
1733451207337215864,#moketaตู้เชื่อมMIG #ตู้เชื่อมMIG #ตู้เชื่อมไฟฟ้า | #ตู้เชื่อม3ระบบ #ตู้เชื่อมอาร์กอน #ตู้เชื่อมอินเวอร์เตอร์ | #เครื่องเชื่อมMIG #เครื่องเชื่อมไฟฟ้า #เครื่องเชื่อม3ระบบ
1733571058386371775,#เคียวแมงกานีส #เคียวตัดหญ้า #เคียวเกี่ยวข้าว | #มีดดายหญ้า #มีดถางหญ้า #มีดตัดหญ้า | #เคียวเหล็กSK5 #มีดอเนกประสงค์ #เคียวด้ามยาว
1733604773273896272,#ไฟตั้งแคมป์LED #ไฟแคมป์ปิ้ง #โคมไฟพกพา | #ไฟRGB #ปรับระดับความสว่าง #ชาร์จTypeC | #โคมไฟแขวน #ตั้งเวลาได้ #ไฟวินเทจ
1734570823854294857,#เครื่องเชื่อมไฟฟ้า #DECKERMMA950 #IGBTInverter | #ตู้เชื่อม #กำลังแรง #พร้อมส่ง | #ซื้อเครื่องเชื่อม #ทนทาน #อุปกรณ์ครบชุด
1734571010872018761,#ตู้เชื่อมDECKER #ตู้เชื่อมMMA950 #ตู้เชื่อมราคาถูก | #ตู้เชื่อมไฟฟ้า #เครื่องเชื่อมอินเวอร์เตอร์ #ตู้เชื่อมIGBT | #อุปกรณ์งานเชื่อม #เครื่องเชื่อมไฟฟ้า #ตู้เชื่อมพกพา
1734583297560184407,#Deckerชุดเครื่องมือ #ชุดเครื่องมือCRV #ชุดเครื่องมือ82ชิ้น | #ชุดเครื่องมือช่าง #ชุดประแจ #เซ็ตเครื่องมือซ่อมรถ | #ชุดบล็อก #ToolSet #เครื่องมือช่างยนต์
1734900425584903282,#ไฟโซลาร์ #ไฟฉุกเฉิน #ไฟกลางแจ้ง | #ไฟ3โหมด #ไฟมีแม่เหล็ก #ชาร์จมือถือได้ | #ไฟพกพา #ไฟส่องสว่างนาน #ลด52%
1735226851779052587,#เตาแก๊ส #เตาแก๊ส2หัว #เตาแก๊สหน้ากระจก | #เตาแก๊สหัวคู่ #เตาแก๊สทนทาน #เตาแก๊สไฟแรง | #เตาแก๊สปลอดภัย #เตาแก๊สประหยัด #เตาแก๊สทำความสะอาดง่าย
1735244337658038191,#FNKvision #กล้องวงจรปิด8MP #กล้องวงจรปิดเลนส์คู่ | #กล้องวงจรปิดYooSee #กล้องวงจรปิดไร้สาย #กล้องวงจรปิดHD | #กล้องIPcamera #กล้องวงจรปิดไวไฟ #กล้องวงจรปิดบ้าน
1735580380148958577,#เครื่องตัดหญ้าไฟฟ้า #เครื่องตัดหญ้าไร้สาย #เครื่องตัดหญ้าแบต | #ตัดหญ้า #ตัดกิ่งไม้ #กำจัดวัชพืช | #เครื่องตัดหญ้าพกพา #เครื่องตัดหญ้าไร้สายแบต #เครื่องตัดหญ้าไฟฟ้าไร้สาย
1735889011381470344,#ผ้าเช็ดรถ #ผ้าไมโครไฟเบอร์ #ผ้าอเนกประสงค์ | #ผ้าเช็ดรถไมโครไฟเบอร์ #ผ้าไมโครไฟเบอร์หนา #ผ้าเช็ดรถยนต์ | #ผ้าไมโครไฟเบอร์30x30 #ผ้าเช็ดรถราคาถูก #ผ้าเช็ดรถเกรดพรีเมียม
1735532065578976317,#BSIMONE #ลิปไวนิล #ลิปกลอส | #ลิปติดทน #ลิปฉ่ำวาว #ลิปสติก | #เครื่องสำอาง #ลิปสีสวย #รีวิวลิป
1735311559930840125,#ลิปดูโอ้สองหัว #ลิปสติกติดทน #ลิปแมตต์ | #ลิปกลอสฉ่ำวาว #ลิปทินท์ #ลิปสวยบอกต่อ | #เครื่องสำอาง #ลิปสติก #ลิปสติกกันน้ำ
1736012497711892046,#สกุชชี่ #สกุชชี่พร้อมส่ง #สกุชชี่น่ารัก | #สกุชชี่ราคาถูก #สกุชชี่ของเล่น #สกุชชี่ไทย | #สกุชชี่นุ่มๆ #ของเล่นสกุชชี่ #สกุชชี่ซาลาเปา
1732723295162238963,#พัดลมไร้สาย #พัดลม12นิ้ว #พัดลมGGG | #พัดลมแบตเตอรี่ #พัดลมพกพา #พัดลมแคมป์ปิ้ง | #พัดลมไร้สาย12นิ้ว #พัดลมไร้สายพกพา #พัดลมไร้สายแคมป์ปิ้ง
1731197052082817192,#หมอนตุ๊กตา #หมอนKuromi #หมอนSanrio | #หมอนMelody #หมอนนุ่ม #หมอนการ์ตูน | #ของขวัญวันเกิด #ของแต่งห้อง #หมอนข้างน่ารัก
1731178143988484264,#หมอนตุ๊กตาหมู #ตุ๊กตาหมูนุ่ม #ตุ๊กตาหมูสีชมพู | #หมอนตุ๊กตา #ตุ๊กตาของขวัญ #หมอนนุ่มนิ่ม | #ตุ๊กตาน่ารัก #ของขวัญวันเกิด #ตุ๊กตาเด็ก
1735325651748488360,#NeeDoh #ลูกบอลบีบ #ของเล่นคลายเครียด | #NeeDohของแท้ #ลูกบอลบีบแก้เครียด #ของเล่นน่ารัก | #NeeDohรีวิว #ลูกบอลบีบมือ #ของเล่นยอดฮิต
1731040201318435677,#เคสiPad #เคสไอแพด #เคสiPadGen10 | #เคสไอแพดหมุนได้ #เคสiPadสวยๆ #เคสไอแพดAir5 | #เคสiPadPro11 #เคสไอแพดน่ารัก #เคสiPadลายการ์ตูน
1730315425847675133,#เตาย่างไฟฟ้า #เตาย่างOXYGEN #เตาย่างKW302 | #เตาปิ้งย่างไฟฟ้า #เตาย่างบาบีคิว #เตาปิ้งย่างราคาถูก | #เตาย่างไฟฟ้าพกพา #อุปกรณ์ทำอาหาร #เตาย่างมินิมอล
1735894793965766334,#เครื่องทำวาฟเฟิล #เครื่องทำวาฟเฟิลมินิ #SMARTAA | #เตาวาฟเฟิล #เครื่องทำขนม #เครื่องทำวาฟเฟิลหัวใจ | #อุปกรณ์เบเกอรี่ #เครื่องทำวาฟเฟิลพกพา #ทำวาฟเฟิลกินเอง
1731883849267905613,#กระทะไฟฟ้า #เตาปิ้งย่าง #หม้อสุกี้ชาบู | #กระทะไฟฟ้ามินิมอล #เตาปิ้งย่างไฟฟ้า #หม้อชาบูอเนกประสงค์ | #กระทะไฟฟ้าลดราคา #เตาปิ้งย่างพกพา #หม้อสุกี้ไฟฟ้า
1732976488632452626,#กระทะไฟฟ้า #กระทะไฟฟ้ามินิ #กระทะไฟฟ้าพกพา | #กระทะไฟฟ้าอเนกประสงค์ #กระทะไฟฟ้า26ซม #กระทะปิ้งย่างไฟฟ้า | #เครื่องครัวเด็กหอ #กระทะไฟฟ้าไร้ควัน #กระทะไฟฟ้าเกาหลี
1732029155934242144,#เครื่องปั่นอเนกประสงค์ #เครื่องปั่นSeagull #เครื่องปั่นน้ำผลไม้ | #เครื่องปั่นอาหาร #เครื่องปั่นคุณภาพดี #เครื่องปั่นทนทาน | #เครื่องปั่นราคาถูก #เครื่องปั่น1.5ลิตร #เครื่องปั่นสมูทตี้
1736224321772881644,#เลื่อยไฟฟ้าไร้สาย #เลื่อยโซ่ไร้สาย #เลื่อยไฟฟ้าMarkura | #เลื่อยตัดกิ่งไม้ #เลื่อยตัดต้นไม้ #เลื่อยยนต์ไร้สาย | #เครื่องมือช่าง #อุปกรณ์ทำสวน #เลื่อยโซ่ไฟฟ้า
1735707099947566585,#เตาแม่เหล็กไฟฟ้า #เตาแม่เหล็กไฟฟ้าSeagull #เตาไฟฟ้า2หัว | #เตาแม่เหล็กไฟฟ้าโมเดิร์น #เตาไฟฟ้าทำอาหาร #เครื่องครัวSeagull | #เตาแม่เหล็กไฟฟ้ามินิมอล #เตาไฟฟ้าฝังเคาน์เตอร์ #อุปกรณ์ครัว
1729824183902833459,#วิทยุธานินท์ #วิทยุAMFM #วิทยุคลาสสิก | #วิทยุทรานซิสเตอร์ #วิทยุพกพา #วิทยุรับคลื่นชัด | #วิทยุราคาถูก #เครื่องเสียงวิทยุ #วิทยุโบราณ
1734421374899029930,#เครื่องกรองน้ำดื่ม #เครื่องกรองน้ำRO #เครื่องกรองน้ำตั้งโต๊ะ | #PureDrop #เครื่องกรองน้ำดื่มสะอาด #เครื่องกรองน้ำไม่ต้องติดตั้ง | #เครื่องกรองน้ำดื่มระบบRO #เครื่องกรองน้ำดื่มในบ้าน #เครื่องกรองน้ำราคาพิเศษ
1734365558904555207,#เครื่องนวดตา #เครื่องนวดรอบดวงตา #เครื่องนวดหน้า | #เครื่องนวดผิวหน้า #อุปกรณ์นวดหน้า #เครื่องนวดคอ | #เครื่องนวดไฟฟ้า #อุปกรณ์ดูแลผิว #เครื่องนวดพกพา
1736328624727098705,#เซตออมS #วิธีเก็บเงิน #ออมเงินฉบับคนงบน้อย | #สมุดออมเงิน #เก็บเงินในกล่อง #เทคนิคออมเงิน | #กระดาษออมเงิน #วินัยการออม #วางแผนการเงิน
1736331706971817173,#กล่องออมเงินตู้เซฟ #กระปุกออมสิน #กล่องเก็บเงิน | #กล่องออมเงินเหล็ก #ตู้เซฟเก็บเงิน #กระปุกออมสินล็อคได้ | #กล่องออมเงินน่ารัก #กระปุกออมสินเหล็ก #กล่องเก็บเงินตู้เซฟ
1733337871330215458,#ลู่วิ่งไฟฟ้า #ลู่วิ่งไฟฟ้าพับได้ #ลู่วิ่งไฟฟ้าในบ้าน | #อุปกรณ์ออกกำลังกาย #เครื่องออกกำลังกาย #ลู่วิ่งออกกำลังกาย | #ลู่วิ่งลดน้ำหนัก #ลู่วิ่งที่บ้าน #ลู่วิ่งราคาถูก
1731416210470831359,#ลู่วิ่งไฟฟ้า #ลู่วิ่งMYHI #ลู่วิ่งJC700 | #เครื่องออกกำลังกาย #ลู่วิ่งพับได้ #อุปกรณ์ฟิตเนส | #ลู่วิ่ง5แรงม้า #ลู่วิ่งลดน้ำหนัก #เครื่องวิ่งออกกำลังกาย
1732363315395069440,#ชั้นเก็บของ #ชั้นวางของ #ชั้นวางของอเนกประสงค์ | #ชั้นวางของในครัว #ชั้นวางของในห้องน้ำ #ชั้นเก็บของประหยัดพื้นที่ | #ชั้นวางของ5ชั้น #ชั้นวางของมินิมอล #ชั้นวางของจัดระเบียบ
1732091030790309410,#ลู่วิ่งไฟฟ้า #ลู่วิ่งมินิ #ลู่วิ่งพับได้ | #เครื่องออกกําลังกาย #ลู่วิ่งไฟฟ้าในบ้าน #ลู่วิ่งราคาถูก | #ลู่วิ่งอัจฉริยะ #ลู่วิ่งออกกำลังกาย #เครื่องวิ่งไฟฟ้า
1731664439698950125,#น้ำหอมปรับอากาศ #น้ำหอมปรับอากาศบ้าน #น้ำหอมปรับอากาศห้อง | #น้ำหอมปรับอากาศรถยนต์ #น้ำหอมปรับอากาศออฟฟิศ #น้ำหอมปรับอากาศกลิ่นหอม | #น้ำหอมปรับอากาศธรรมชาติ #น้ำหอมปรับอากาศรีวิว #น้ำหอมปรับอากาศขายดี
1735840302775239878,#เซตออมเงิน #วิธีเก็บเงิน #ออมเงิน100วัน | #เซตออมเงินหมื่น #เคล็ดลับเก็บเงิน #สมุดออมเงิน | #กระปุกออมเงิน #เก็บเงินแสน #วินัยการเงิน
1734981697260389574,#เซตออมเงิน #วิธีเก็บเงิน #ออมเงินให้รวย | #สมุดออมเงิน #เก็บเงิน1000 #เทคนิคออมเงิน | #กระดาษออมเงิน #เป้าหมายการออม #ออมเงินฉบับพกพา
1735680603332314257,#อุปกรณ์โทรศัพท์ไร้สาย #ViaimOpenNote #AIตัวช่วยประชุม | #อุปกรณ์บันทึกเสียง #เครื่องช่วยบันทึกการประชุม #AIอัจฉริยะ | #อุปกรณ์สำนักงาน #Gadgetทำงาน #เครื่องบันทึกเสียงไร้สาย
1736233986919728341,#กระปุกออมสิน #กระปุกออมเงิน #กระปุกออมสินใส | #กระปุกออมสินน่ารัก #กระปุกออมสินเหลี่ยม #กล่องเก็บเงิน | #กระปุกออมสินตารางออม #กระปุกออมสินDIY #กระปุกออมสินฝาดึง
1735246686032529275,#ฝาครอบหัวเตาแก๊ส #ที่บังลมเตาแก๊ส #ฝาครอบเตาแก๊ส | #จานรองหม้อ #ขาตั้งหม้อ #อุปกรณ์เตาแก๊ส | #ที่กันลมเตาแก๊ส #บังลมเตาแก๊ส #อะไหล่เตาแก๊ส
1732645120467699582,#พัดลมโซล่าเซลล์ #พัดลม14นิ้ว #พัดลมพกพา | #พัดลมโซล่าเซลล์แรงๆ #พัดลมโซล่าเซลล์ประหยัดไฟ #พัดลมโซล่าเซลล์กันน้ำ | #พัดลมโซล่าเซลล์แคมป์ปิ้ง #พัดลมโซล่าเซลล์ไร้สาย #พัดลมโซล่าเซลล์ยอดฮิต
1735215528061732703,#รถเข็นพับได้ #รถเข็นแคมป์ปิ้ง #รถเข็นล้อหนา | #รถเข็นของ #รถเข็นอเนกประสงค์ #รถเข็นสวน | #รถเข็นช้อปปิ้ง #รถเข็นพกพา #รถเข็นเครื่องมือ
1733916581709055597,#โซฟาlazy #โซฟาญี่ปุ่น #โซฟาเบด | #โซฟานุ่ม #โซฟาเด็ก #โซฟาผู้ใหญ่ | #โซฟามินิมอล #โซฟาแต่งห้อง #โซฟาห้องนั่งเล่น
1736376310423455628,#เซทกล่องเงินน้อยค่อยโต #กระปุกออมสิน #กล่องเก็บเงิน | #วิธีเก็บเงิน #ออมเงิน30500 #ทริคเก็บเงิน | #กระปุกออมเงิน #วินัยการออม #ออมเงินสนุกๆ
1731376178002363948,#กล่องเก็บอาหารในตู้เย็น #กล่องเก็บอาหาร #จัดระเบียบตู้เย็น | #กล่องใส่ผักผลไม้ #กล่องใส่อาหาร #จัดระเบียบครัว | #กล่องอเนกประสงค์ #กล่องเก็บของ #อุปกรณ์จัดระเบียบ
1735129396217349333,#กล่องออมเงินอะคริลิค #กล่องเก็บเงิน #กล่องออมสิน | #กล่องออมเงินน่ารัก #กระปุกออมสินใส #ออมเงิน | #กล่องออมเงินล็อคได้ #กล่องออมเงินมีตาราง #กล่องออมเงินยอดฮิต
1735143366337725777,#ถุงฝากาว #ถุงใสฝากาว #ถุงใส่ของ | #ถุงฝากาวแบ่งขาย #ถุงฝากาวราคาถูก #ถุงฝากาวเอนกประสงค์ | #ถุงฝากาวแพ็คของ #ถุงฝากาวอเนกประสงค์ #ถุงฝากาวใส
1735464666873562966,#ตู้เซฟออมเงิน #ตู้เซฟเด็ก #ตู้เซฟของเล่น | #ตู้เซฟเก็บเงิน #ตู้เซฟใส่เงิน #ตู้เซฟรหัส | #ตู้เซฟอัจฉริยะ #ตู้เซฟยอดฮิต #ตู้เซฟน่ารัก
1734959890491606763,#แก้วสแตนเลสเก็บอุณหภูมิ #แก้วเก็บความเย็น #แก้วมินิมอล | #แก้วสแตนเลส #แก้วพกพา #แก้วเก็บอุณหภูมิ | #แก้วน้ำสแตนเลส #แก้วเก็บร้อนเย็น #แก้วสแตนเลส316
1729950515395594441,#ตะกร้าใส่ของ #กล่องเก็บของ #อุปกรณ์จัดโต๊ะ | #ตะกร้าจัดระเบียบ #กล่องใส่เงิน #ลิ้นชักเก็บของ | #ตะกร้าแบ่งช่อง #อุปกรณ์ร้านค้า #กล่องใส่เหรียญ
1731293237070169369,#หุ่นยนต์ดูดฝุ่น #เครื่องดูดฝุ่น #หุ่นยนต์ถูพื้น | #หุ่นยนต์ดูดฝุ่นอัตโนมัติ #เครื่องดูดฝุ่นไร้สาย #โรบอทดูดฝุ่น | #หุ่นยนต์ดูดฝุ่นราคาถูก #หุ่นยนต์ดูดฝุ่นอัจฉริยะ #อุปกรณ์ทำความสะอาดบ้าน
1735670181281826109,#ชุดโต๊ะเก้าอี้แค้มปิ้ง #โต๊ะปิกนิก #โต๊ะแคมป์ปิ้ง | #โต๊ะพกพา #ชุดโต๊ะพับแคมป์ปิ้ง #ชุดโต๊ะพับ | #โต๊ะทานอาหาร #ชุดโต๊ะสนาม #โต๊ะเก้าอี้พกพา
1729582399752800711,#กระปุกออมสิน #กระปุกออมสินยักษ์ #กระปุกออมสินถัง | #กระปุกออมสินน่ารัก #กระปุกออมสินการ์ตูน #กระปุกออมสินออมเงิน | #กระปุกออมสินใบใหญ่ #กระปุกออมสินราคาถูก #กระปุกออมสินถังใหญ่
1731939029447967853,#เบาะรองนั่ง #เบาะรองนั่งมินิมอล #เบาะรองนั่งสไตล์ญี่ปุ่น | #เบาะรองนั่งน่ารัก #เบาะรองนั่งเก้าอี้ #เบาะรองนั่งทำงาน | #เบาะรองนั่งพื้น #เบาะรองนั่งโซฟา #เบาะรองนั่งนุ่มๆ
1732868733778364152,#ผ้าปิดข้างเต็นท์ #เต็นท์ตลาดนัด #อุปกรณ์เต็นท์พับ | #ผ้าใบปิดข้าง #ผ้าคลุมเต็นท์ #เต็นท์ขายของ | #ผ้าเต็นท์กันฝน #เต็นท์พับตลาดนัด #อุปกรณ์ร้านค้า
1731467677990421939,#เตาปิ้งย่างปิกนิกขนาดพกพา #เตาปิ้งย่างราคาถูก #เตาปิ้งย่างพกพา | #อุปกรณ์แคมป์ปิ้ง #เตาปิ้งย่างกลางแจ้ง #เตาปิ้งย่างสนาม | #เตาปิ้งย่างบาร์บีคิว #เตาปิ้งย่างเกาหลี #เตาปิ้งย่างปาร์ตี้
1733970015304909983,#ชุดโซฟาปรับเอนได้ #โซฟาปรับเอนได้ #ชุดโซฟาแต่งบ้าน | #โซฟาปรับนอน #โซฟาห้องนั่งเล่น #เฟอร์นิเจอร์แต่งบ้าน | #โซฟาราคาถูก #โซฟาสไตล์มินิมอล #ชุดคลุมโซฟา
1731403667496470366,#สกู๊ตเตอร์ขาไถ #สกู๊ตเตอร์เด็ก #สกู๊ตเตอร์ผู้ใหญ่ | #สกู๊ตเตอร์พับได้ #สกู๊ตเตอร์ล้อใหญ่ #สกู๊ตเตอร์ราคาถูก | #รถสกู๊ตเตอร์ #สกู๊ตเตอร์ออกกำลังกาย #สกู๊ตเตอร์พกพา
1732752116069860910,#เสื่อเก้าอี้สวิง #เบาะรองนั่งเปลญวน #เบาะเก้าอี้ไข่ | #เบาะรองนั่งหนา #เสื่อเก้าอี้โยก #เบาะรองนั่งกลางแจ้ง | #เบาะนั่งนุ่ม #เบาะเก้าอี้หวาย #ของแต่งระเบียง
1735036788860749282,#ราวตากผ้า #ราวตากผ้าสแตนเลส #ราวตากผ้าxseries | #ราวตากผ้าพับได้ #ราวตากผ้ายืดหดได้ #ราวตากผ้าคอนโด | #ราวตากผ้าประหยัดพื้นที่ #อุปกรณ์จัดเก็บผ้า #ราวตากผ้าแข็งแรง
1732028273745495919,#น้ำพริกรุ่งเจริญ #น้ำพริกอร่อย #น้ำพริกพร้อมทาน | #น้ำพริกขายดี #น้ำพริกออนไลน์ #น้ำพริกส่งฟรี | #น้ำพริกฮาลาล #น้ำพริกถ้วย #น้ำพริกแซ่บ
1732016884686490205,#กาน้ำร้อนไฟฟ้า #กาน้ำร้อน1.8ลิตร #กาน้ำร้อนราคาถูก | #กาต้มน้ำไฟฟ้า #กาต้มน้ำประหยัด #กาต้มน้ำมินิมอล | #กาต้มน้ำร้อน #กาน้ำร้อนอัตโนมัติ #กาต้มน้ำต้มเร็ว
1731679086619166885,#เครื่องดูดควัน #เครื่องดูดควันครัว #พัดลมดูดอากาศ | #เครื่องดูดควันKONO #พัดลมระบายอากาศ #พัดลมดูดควัน | #เครื่องดูดกลิ่น #เครื่องดูดควันห้องครัว #พัดลมท่อ
1732503044438787869,#ชุดถ้วยเซรามิค #ชุดถ้วยน่ารัก #ของขวัญมินิมอล | #ของชำร่วยงานแต่ง #ของที่ระลึกงานเกษียณ #ของขวัญขึ้นบ้านใหม่ | #ถ้วยเซรามิคน่ารัก #ชุดชามเซรามิค #ของขวัญจับฉลาก
1732213052833827128,#หม้ออลูมิเนียม #หม้อตราหัวม้า #หม้อทำอาหาร | #หม้อแกง #หม้อเบอร์16 #อุปกรณ์ครัว | #หม้อหุงต้ม #หม้อราคาถูก #หม้อครัวเรือน
1734307991542596722,#จานอาหารเด็ก #จานสแตนเลสเด็ก #จานหลุมเด็ก | #จานข้าวเด็กเล็ก #อุปกรณ์ทานอาหารเด็ก #จานสแตนเลส304 | #จานแบ่งช่อง #จานใส่อาหารเด็ก #เครื่องใช้เด็ก
1729687149045254456,#ช้อนส้อมสแตนเลส #ช้อนส้อมยกโหล #ชุดช้อนส้อมสแตนเลส | #ช้อนส้อมราคาถูก #ช้อนส้อมขายดี #ช้อนส้อมร้านอาหาร | #ช้อนส้อมใช้ในบ้าน #ช้อนส้อมสแตนเลสแท้ #ช้อนส้อมตราควีนฟิช
1734355025447912562,#กระบวยตักน้ำ #กระบวยสแตนเลส #กระบวยตักซุป | #อุปกรณ์ครัว #เครื่องครัวสแตนเลส #กระบวยทำอาหาร | #กระบวยตักน้ำแกง #ของใช้ในครัว #กระบวยสแตนเลสแท้
1730002657201850692,#พรมWELCOME #พรมเช็ดเท้า #พรมราคาถูก | #พรมกันลื่น #พรมดักฝุ่น #พรมPVC | #พรมแต่งบ้าน #พรมหน้าห้อง #พรมปูพื้น
1729663745594722542,#ร่ม #ร่มพับ #ร่มลายผลไม้ | #ร่มกันแดด #ร่มกันฝน #ร่มEVA | #ร่มพกพา #ร่มราคาถูก #ร่มน่ารัก
1732644289399391273,#ผ้าห่ม6ฟุต #ผ้านวม6ฟุต #ผ้าห่มนุ่มๆ | #ผ้านวมเกรดเอ #ชุดเครื่องนอน #ผ้าห่มใยสังเคราะห์ | #ผ้าห่มคอตตอน #ผ้านวมราคาถูก #ผ้าห่มน่ารัก
1731177862292146903,#หมวกกันน็อค #หมวกกันน็อคครึ่งใบ #หมวกกันน็อคผู้หญิง | #หมวกกันน็อคชาย #หมวกกันน็อคเท่ๆ #หมวกกันน็อคราคาถูก | #หมวกนิรภัย #helmet #motorcycle
1733484377681593648,#หม้อบะหมี่ #หม้อเคลือบหินอ่อน #หม้อหินอ่อน | #หม้อทำอาหาร #หม้อด้ามจับไม้ #หม้อเคลือบกันติด | #หม้อลายหินอ่อน #หม้อต้มมาม่า #หม้อใบเล็ก
1731693723410532287,#ปลั๊กไฟ #ปลั๊ก2300W #รางปลั๊กไฟ | #ปลั๊กพ่วง #ปลั๊กอเนกประสงค์ #ปลั๊กไฟบ้าน | #ปลั๊กไฟคุณภาพ #ปลั๊กไฟนิรภัย #ปลั๊กไฟปลอดภัย
1731160146645060311,#หมวกกันน็อค #หมวกกันน็อคYOSON #หมวกกันน็อคครึ่งใบ | #หมวกกันน็อคมอเตอร์ไซค์ #หมวกกันน็อคเลนส์คู่ #หมวกกันน็อคเท่ๆ | #หมวกกันน็อคผู้หญิง #หมวกกันน็อคชาย #helmet
1729653531985414433,#สร้อยข้อมือวินเทจ #สร้อยข้อมือผู้หญิง #เครื่องประดับแฟชั่น | #สร้อยข้อมือทอง #สร้อยข้อมือสวยๆ #สร้อยข้อมือไฮเอนด์ | #สร้อยข้อมือเก๋ๆ #สร้อยข้อมือออกงาน #สร้อยข้อมือมินิมอล
1730668185030199519,#แปรงสีฟันผู้ใหญ่ #แปรงสีฟันขนนุ่ม #แปรงสีฟันจัดเซต | #แปรงสีฟันชาโคล #แปรงสีฟันราคาถูก #แปรงสีฟันเกาหลี | #แปรงสีฟันพรีเมียม #แปรงสีฟันแพ็คสุดคุ้ม #แปรงสีฟันทำความสะอาดลึก
1730871550355344223,#ปลั๊กไฟ #รางปลั๊กไฟ #ปลั๊กพ่วง | #ปลั๊กไฟบ้าน #ปลั๊กไฟออฟฟิศ #ปลั๊กไฟคอมพิวเตอร์ | #ปลั๊กไฟคุณภาพ #รางปลั๊กไฟพ่วง #ปลั๊กไฟUSB
1734570359808689604,#พัดลม #พัดลมตั้งพื้น #พัดลม16นิ้ว | #พัดลมไฟฟ้า #พัดลมราคาถูก #พัดลมตั้งพื้นสไลด์ | #พัดลมลดราคา #พัดลมลมแรง #พัดลมคุณภาพดี
1731754844266727852,#ราวตากผ้า #ราวตากผ้าสแตนเลส #ราวตากผ้าพับได้ | #ที่หนีบผ้า #ไม้แขวนเสื้อ #ไม้แขวนผ้าอเนกประสงค์ | #ราวตากกางเกงใน #ราวตากถุงเท้า #อุปกรณ์จัดเก็บในบ้าน
1729727552790956573,#ถังขยะ30ลิตร #ถังขยะพลาสติก #ถังขยะราคาถูก | #ถังขยะมีฝาปิด #ถังขยะแบบเหยียบ #ถังขยะแยกประเภท | #ถังขยะในบ้าน #ถังขยะออฟฟิศ #ถังขยะทนทาน
1731417919868471465,#หม้อซอสสแตนเลส #หม้อซอสขนาดเล็ก #หม้อสแตนเลสด้ามไม้ | #อุปกรณ์ทำอาหาร #เครื่องครัวสแตนเลส #หม้อด้ามจับ | #หม้ออุ่นซอส #อุปกรณ์เบเกอรี่ #หม้อต้มซอสเล็ก
1734279124264650018,#ชั้นเก็บของเล่นเด็ก #ชั้นวางของเล่น #ชั้นเก็บของ | #ชั้นวางของอเนกประสงค์ #ชั้นเก็บของเล่น #ชั้นวางของเล่นเด็ก | #ชั้นวางของเล่นราคาถูก #ชั้นวางของ #ชั้นเก็บของ
1732304644176841182,#กระติกน้ำแข็ง #กระติกน้ำแข็งเก็บความเย็น #กระติกน้ำแข็งพกพา | #กระติกน้ำแข็งราคาถูก #กระติกเก็บความเย็น #กระติกน้ำแข็งเหลี่ยม | #ถังแช่เบียร์ #ถังแช่แข็ง #ถังแช่น้ำแข็ง
1730693327157954762,#เครื่องดูดฝุ่น #หุ่นยนต์ดูดฝุ่น #หุ่นยนต์กวาดพื้น | #เครื่องดูดฝุ่นอัตโนมัติ #หุ่นยนต์ดูดฝุ่นราคาถูก #หุ่นยนต์ทำความสะอาด | #เครื่องดูดฝุ่นไร้สาย #หุ่นยนต์ถูพื้น #หุ่นยนต์ดูดฝุ่นอัจฉริยะ
1731437803145693731,#เครื่องทำน้ำอุ่น #เครื่องทำน้ำอุ่น6500W #เครื่องทำน้ำอุ่นราคาถูก | #เครื่องทำน้ำอุ่นติดตั้งง่าย #เครื่องทำน้ำอุ่นประหยัดไฟ #เครื่องทำน้ำอุ่นร้อนเร็ว | #เครื่องทำน้ำอุ่นพร้อมฝักบัว #waterheater #ของใช้ในห้องน้ำ
1729946941156985625,#โต๊ะปิ้งย่างพับได้ #โต๊ะปิ้งย่างพกพา #โต๊ะปิ้งย่างแคมป์ปิ้ง | #โต๊ะปิ้งย่างอเนกประสงค์ #โต๊ะปิ้งย่างเตาถ่าน #โต๊ะปิ้งย่างบาร์บีคิว | #เตาปิ้งย่างพับได้ #เตาปิ้งย่างพกพา #เตาปิ้งย่างบาร์บีคิว
1732224742126748690,#ชุดจานชาม #จานชามเมลามีน #จานชามลายคราม | #ชุดจานชามเมลามีน #จานชามราคาถูก #ชุดจานชามสวยๆ | #จานเมลามีน #ชามเมลามีน #ของใช้ในครัว
1734445723032782766,#เครื่องเป่าฝุ่น #เครื่องเป่าลมไร้สาย #เครื่องดูดฝุ่นไร้สาย | #เครื่องเป่าลมDecker #เครื่องดูดฝุ่นDecker #Deckerเครื่องเป่าลม | #อุปกรณ์ทำความสะอาด #เครื่องมือช่างไร้สาย #เครื่องเป่าลมดูดฝุ่น
1735355069279995567,#เครื่องเป่าลม #โบเวอร์เป่าลม #เครื่องเป่าลมไฟฟ้า | #เครื่องเป่าลมไร้สาย #โบเวอร์ไร้สาย #เครื่องเป่าลมแรงดันสูง | #ที่เป่าลม #เครื่องเป่าลมพกพา #เครื่องเป่าลมแรงสูง
1731117152102680971,#กระทะทอดไข่ดาว #กระทะ4หลุม #กระทะนอนสติก | #กระทะทอดไข่ #กระทะลายหินอ่อน #กระทะทำอาหารเช้า | #กระทะหลุม #เครื่องครัวมินิมอล #อุปกรณ์ทำอาหาร
1735359044832625835,#ปลั๊กไฟสนาม #ปลั๊กพ่วงสนาม #ปลั๊กไฟบล็อกยาง | #ปลั๊กพ่วงงานช่าง #ปลั๊กไฟสายVCT #ปลั๊กไฟทนทาน | #ปลั๊กพ่วงคุณภาพดี #ปลั๊กไฟขยายได้ #ปลั๊กพ่วงครบชุด
1731109732559719261,#เคสiPad #เคสไอแพด #เคสiPadAir6 | #เคสiPadGen10 #เคสiPadGen9 #เคสiPadPro | #เคสไอแพดน่ารัก #เคสiPadพร้อมช่องปากกา #อุปกรณ์เสริมiPad
1735372692212647814,#พาวเวอร์แบงก์ #พาวเวอร์แบงค์ชาร์จเร็ว #แบตสำรองพกพา | #พาวเวอร์แบงก์ราคาถูก #PowerBankชาร์จไว #พาวเวอร์แบงก์ความจุสูง | #พาวเวอร์แบงก์ของแท้ #พาวเวอร์แบงก์ลดราคา #พาวเวอร์แบงก์ยอดฮิต
1729976523187129191,#ชุดหูฟังบลูทูธ #หูฟังM6 #ชุดหูฟังไร้สาย | #หูฟังบลูทูธ #หูฟังครอบหู #ชุดหูฟังเกมมิ่ง | #หูฟังเสียงดี #ชุดหูฟังคุณภาพ #หูฟังตัดเสียงรบกวน
1729461251728181637,#ลำโพงBluetooth #ลำโพงบลูทูธเสียงดี #ลำโพงพกพา | #ลำโพงBluetoothไร้สาย #ลำโพงซับวูฟเฟอร์ #ลำโพงบลูทูธราคาถูก | #ลำโพงบลูทูธพกพา #ลำโพงไร้สาย #ลำโพงBluetoothตัวเล็ก
1729461972227491894,#เครื่องเล่นคาราโอเกะ #ไมค์คาราโอเกะ #ไมค์บลูทูธ | #เครื่องเล่นคาราโอเกะพกพา #ไมค์ร้องเพลง #ไมค์ไร้สาย | #เครื่องเล่นคาราโอเกะบลูทูธ #ไมค์ลำโพงในตัว #ไมค์คอนเดนเซอร์
1732316251427932544,#ที่วางโทรศัพท์มือถือ #ที่วางมือถือ #แท่นวางโทรศัพท์ | #ที่วางโทรศัพท์ตั้งโต๊ะ #ที่วางโทรศัพท์มือถือราคาถูก #อุปกรณ์เสริมมือถือ | #ที่วางมือถือโต๊ะทำงาน #ที่วางโทรศัพท์ปรับระดับได้ #ขาตั้งโทรศัพท์
1731539240890632807,#ตู้โชว์พลาสติกใส #ตู้โชว์โมเดล #ชั้นวางของเล่น | #ตู้เก็บเบบี้ทรี #ตู้อาร์ตทอย #ตู้โชว์ฟิกเกอร์ | #ชั้นวางโมเดล #ตู้โชว์ใส #ตู้โชว์DIY
1735484058451281866,#MAKITA #เลื่อยโซ่ไร้สาย #เลื่อยไฟฟ้า | #เลื่อยโซ่8นิ้ว #เลื่อยยนต์ไร้สาย #เลื่อยไร้สาย | #เครื่องมือช่าง #เลื่อยแต่งกิ่งไม้ #เลื่อยตัดไม้
1734296598835921973,#มุมชั้นวางของติดผนัง #ชั้นวางของแต่งบ้าน #ชั้นวางของมินิมอล | #ชั้นวางของเข้ามุม #ชั้นวางของติดผนัง #ชั้นวางของห้องนั่งเล่น | #ชั้นวางของโชว์โมเดล #ชั้นวางของสวยๆ #ชั้นวางของประหยัดพื้นที่
1732386889341699206,#กล่องใส่ฝุ่น #กล่องใสใส่โมเดล #กล่องโชว์โมเดล | #กล่องอะคริลิก #กล่องใสarttoy #กล่องเก็บlabubu | #กล่องโชว์ฟิกเกอร์ #กล่องใสเก็บของ #กล่องแม่เหล็ก
1734387714257225508,#สตูลดอกไม้ #สตูลแต่งห้อง #สตูลมินิมอล | #สตูลน่ารัก #สตูลนั่งเล่น #สตูลเกาหลี | #สตูลสวยๆ #สตูลห้องนอน #สตูลแต่งบ้าน
1732427495910835203,#โคมไฟแมงกะพรุน #โคมไฟตั้งโต๊ะ #ไฟกลางคืน | #โคมไฟตกแต่งห้อง #โคมไฟเปลี่ยนสี #โคมไฟมินิมอล | #ของขวัญวันเกิด #โคมไฟled #ของตกแต่งบ้าน
1734096180987397394,#ตุ๊กตาแมว #ตุ๊กตาแมวน่ารัก #หมอนแมว | #ตุ๊กตาแมวตัวใหญ่ #หมอนข้างแมว #ตุ๊กตานุ่มนิ่ม | #ตุ๊กตาแมวราคาถูก #ของขวัญวันเกิด #ตุ๊กตาแมวแต่งห้อง
1730385392913254749,#WTHBเก้าอี้สนาม #เก้าอี้สนามพับได้ #เก้าอี้สนามพกพา | #WTHBเก้าอี้พับ #เก้าอี้พับแคมป์ปิ้ง #เก้าอี้พับพกพา | #WTHBเก้าอี้แคมป์ปิ้ง #เก้าอี้แคมป์ปิ้งนั่งคู่ #เก้าอี้แคมป์ปิ้งพับได้
1735874361297700053,#กระปุกออมสิน #กระปุกออมสินใส #กระปุกออมสินอะคริลิค | #กระปุกออมสินน่ารัก #กระปุกออมสินเด็ก #กระปุกออมเงิน | #กระปุกออมสินตารางออม #กระปุกออมสินตั้งเป้าหมาย #วิธีเก็บเงิน
1732589565328131158,#หมอนข้าง #หมอนข้างยาว #หมอนข้างน่ารัก | #หมอนข้างมินิมอล #หมอนข้างนุ่มๆ #หมอนข้างหอพัก | #หมอนข้างลายสก๊อต #หมอนข้างกอด #หมอนข้างเด็กหอ
1731693310418847055,#โต๊ะเครื่องแป้ง #โต๊ะเครื่องแป้งมินิมอล #โต๊ะแต่งหน้า | #โต๊ะเครื่องแป้งราคาถูก #โต๊ะเครื่องแป้งสวยๆ #โต๊ะเครื่องแป้งขนาดเล็ก | #โต๊ะเครื่องแป้งกระจก #เฟอร์นิเจอร์แต่งห้อง #แต่งห้องนอน
1731241935461320391,#เก้าอี้สตู #ม้านั่ง #สตูล | #เก้าอี้สตูแต่งห้อง #ม้านั่งมินิมอล #สตูลหนัง | #เก้าอี้สตูน่ารัก #ม้านั่งสตูล #สตูลวางเท้า
1734332300199823130,#ตะกร้าใส่ผ้า #ตะกร้าผ้า #ตะกร้าพลาสติก | #ตะกร้าใส่ผ้ามีล้อ #ตะกร้าผ้ามีฝาปิด #ตะกร้าใส่เสื้อผ้า | #ตะกร้าผ้าใบใหญ่ #ตะกร้าเก็บผ้า #ตะกร้าอเนกประสงค์
1733078878606034445,#เตาปิ้งย่าง #เตาปิ้งย่างพกพา #เตาปิ้งย่างถ่าน | #เตาปิ้งย่างกลางแจ้ง #เตาปิ้งย่างแคมป์ปิ้ง #เตาปิ้งย่างทรงกลม | #อุปกรณ์แคมป์ปิ้ง #เตาย่างBBQ #เตาปิ้งย่างอเนกประสงค์
1733449636648158992,#บ้านลูกเต๋า #เก้าอี้ลูกเต๋า #เก้าอี้แต่งห้อง | #เก้าอี้มินิมอล #เก้าอี้สตูล #เก้าอี้น่ารัก | #เก้าอี้สี่เหลี่ยม #ของแต่งบ้าน #เฟอร์นิเจอร์แต่งห้อง
1732334133674936007,#ไม้ถูพื้น #ชุดถังปั่นไม้ถูพื้น #ไม้ม็อบถูพื้น | #ไม้ถูพื้นราคาถูก #ไม้ม็อบทำความสะอาด #อุปกรณ์ทำความสะอาด | #ไม้ม็อบถังปั่น #ชุดไม้ถูพื้น #ไม้ม็อบดันฝุ่น
1731704656503407951,#โต๊ะเครื่องแป้ง #โต๊ะเครื่องแป้งนอร์ดิก #โต๊ะเครื่องแป้งมินิมอล | #โต๊ะเครื่องแป้งราคาถูก #โต๊ะเครื่องแป้งพร้อมกระจก #เฟอร์นิเจอร์แต่งห้อง | #โต๊ะแต่งหน้า #โต๊ะเครื่องแป้งไม้ #โต๊ะเครื่องแป้งสวยๆ
1731642802031658888,#ม้านั่งเก็บของ #เก้าอี้เก็บของ #ม้านั่งแต่งบ้าน | #เก้าอี้ใส่ของ #กล่องเก็บของ #เก้าอี้นั่งพัก | #ม้านั่งวางของ #เก้าอี้อเนกประสงค์ #ม้านั่งพับได้
1733976690366383871,#กล่องเก็บของ #กล่องเก็บของลายการ์ตูน #กล่องใส่ของน่ารัก | #กล่องเก็บของมีฝาปิด #กล่องใส่ของเล่น #กล่องใส่ขนม | #กล่องจัดระเบียบ #กล่องพลาสติก #กล่องอเนกประสงค์
1732843380708902703,#ชั้นวางรองเท้าสแตนเลส #ชั้นวางรองเท้าหลายชั้น #ชั้นวางรองเท้าหน้าบ้าน | #ชั้นวางรองเท้าจัดระเบียบ #ชั้นวางรองเท้าประหยัดพื้นที่ #ชั้นวางรองเท้าแข็งแรง | #ชั้นวางรองเท้าคอนโด #ชั้นวางรองเท้ามินิมอล #ชั้นวางรองเท้าสแตนเลสแท้
1732870796944246744,#ราวตากผ้า #ราวแขวนเสื้อผ้า #ราวตากผ้าสแตนเลส | #ราวแขวนผ้า #ราวแขวนเสื้อ #ราวแขวนผ้าคอนโด | #ราวตากผ้าแข็งแรง #ราวตากผ้าราคาถูก #ราวตากผ้าในห้องนอน
1731948064148195883,#โซฟาเด็ก #เก้าอี้เด็ก #โซฟานั่งพื้น | #เฟอร์นิเจอร์เด็ก #โซฟาแต่งห้อง #เก้าอี้คุณหนู | #ของใช้เด็ก #โซฟามินิมอล #เก้าอี้หัดนั่ง
1733307374862763805,#ชั้นวางอ่างล้างจาน #ชั้นวางจานสแตนเลส #ชั้นวางของในครัว | #ชั้นวางจานคร่อมซิงค์ #ชั้นวางอ่างล้างจานสแตนเลส #ที่วางจานในครัว | #ชั้นวางของอเนกประสงค์ #ชั้นคว่ำจานสแตนเลส #ชั้นวางจานประหยัดพื้นที่
1730879715692153408,#ชั้นวางร่ม #ที่เก็บร่ม #ที่วางร่มสวยๆ | #ชั้นวางร่มเหล็ก #ชั้นวางร่มมินิมอล #ที่ใส่ร่ม | #อุปกรณ์จัดเก็บร่ม #ชั้นวางของอเนกประสงค์ #ของแต่งบ้าน
1733728089122375558,#ถังขยะ #ถังขยะมินิมอล #ถังขยะมีฝาปิด | #ถังขยะพลาสติก #ถังขยะในบ้าน #ถังขยะห้องครัว | #ถังขยะห้องน้ำ #ถังขยะสวยๆ #ถังขยะราคาถูก
1732816155005453845,#ชั้นวางไข่ #ที่เก็บไข่ #กล่องใส่ไข่ | #ชั้นวางไข่ในตู้เย็น #กล่องเก็บไข่อัตโนมัติ #อุปกรณ์จัดเก็บในครัว | #ชั้นวางไข่กลิ้งได้ #ที่ใส่ไข่ #จัดระเบียบตู้เย็น
1731546637021448001,#โต๊ะกาแฟ #โต๊ะกลางโซฟา #โต๊ะรับแขก | #โต๊ะไม้มินิมอล #โต๊ะแต่งบ้าน #เฟอร์นิเจอร์แต่งห้อง | #โต๊ะกาแฟไม้ #โต๊ะนั่งพื้น #โต๊ะญี่ปุ่น
1731236849035412771,#ไม้ถูพื้นสเปรย์ #ไม้ถูพื้น #SprayMop | #ไม้ม๊อบ #ม๊อบดันฝุ่น #ไม้ถูพื้นดันฝุ่น | #อุปกรณ์ทำความสะอาด #ของใช้ในบ้าน #ไม้ถูพื้นราคาถูก
1732709384803485581,#ภาชนะเก็บอาหาร #กล่องเก็บอาหาร #กล่องถนอมอาหาร | #ชุดกล่องเก็บอาหาร #กล่องใส่อาหาร #กล่องเก็บของในครัว | #ภาชนะใส่อาหาร #กล่องถนอมอาหาร5ชิ้น #กล่องเก็บอาหารแห้ง
1730251013099849977,#โต๊ะกาแฟ #โต๊ะกาแฟมินิมอล #โต๊ะกาแฟโมเดิร์น | #โต๊ะกลางโซฟา #โต๊ะข้างเตียง #โต๊ะทำงาน | #โต๊ะแต่งบ้าน #เฟอร์นิเจอร์แต่งบ้าน #โต๊ะไม้60ซม
1731906451230197051,#ชุดหม้อจิ้มจุ่มดินเผา #หม้อจิ้มจุ่ม #หม้อดินเผา | #ชุดหม้อแจ่วฮ้อน #หม้อแจ่วฮ้อน #แจ่วฮ้อน | #หม้อดินจิ้มจุ่ม #หม้อดินเผาจิ้มจุ่ม #ชุดหม้อดินเผา
1731783731729238390,#รถวิบากเด็ก #รถจักรยานเด็ก #มอเตอร์ไซค์เด็ก | #รถวิบากเด็กราคาถูก #รถจักรยานเด็กโต #มอเตอร์ไซค์เด็กของเล่น | #รถวิบากเด็กซิ่ง #รถจักรยานเด็กวิบาก #มอเตอร์ไซค์เด็กชาร์จไฟ
1731725748238255731,#เตียงโซฟาพับได้ #โซฟาเตียงพับ #เตียงพับสแตนเลส | #เตียงสแตนเลส #โซฟาพับได้ #เตียงนอนสแตนเลส | #เตียงโซฟา #เตียงพับได้ #โซฟาปรับนอน
1732575339679679784,#รถวิบากเด็ก #รถเด็กเล่นไฟฟ้า #รถเด็กเล่น | #มอเตอร์ไซค์เด็ก #รถแบตเตอรี่เด็ก #รถวิบากของเล่น | #รถของเล่นเด็ก #รถไฟฟ้าเด็ก #รถเด็กขับได้
1733001368074618032,#LEGO #เลโก้ #ONEPIECE | #LEGOTHAILAND #ตัวต่อเลโก้ #ของสะสมวันพีซ | #เลโก้วันพีซ #โมเดลวันพีซ #ร้านเลโก้
1730216597734721541,#กีตาร์โปร่ง #กีตาร์มือใหม่ #กีตาร์38นิ้ว | #กีตาร์ราคาถูก #กีตาร์ฝึกเล่น #กีตาร์คุณภาพดี | #กีตาร์ออกงาน #กีตาร์เสียงดี #กีตาร์ครบชุด
1734440912399861403,#ตุ๊กตากระต่าย #ตุ๊กตาน่ารัก #ของเล่นเด็ก | #ตุ๊กตาขนนุ่ม #ตุ๊กตาของขวัญ #ตุ๊กตาJOOKI | #ตุ๊กตาตัวนุ่ม #ตุ๊กตากระต่ายจิมนี่ #ตุ๊กตาคิวท์
1732246259372559249,#โซฟาเบด #โซฟาปรับนอน #โซฟาSolomon | #โซฟาเบดราคาถูก #โซฟาแต่งบ้าน #โซฟามินิมอล | #โซฟาห้องนั่งเล่น #โซฟาเบดรุ่นLume #เฟอร์นิเจอร์แต่งบ้าน
1729436772936354277,#ฝาชีลวดตาข่าย #ฝาชีเหล็กตาข่าย #ฝาชีลวดถัก | #ฝาชีมินิมอล #ฝาชีครอบอาหาร #ฝาชีกันแมลง | #ที่ครอบอาหาร #ของใช้ในครัว #อุปกรณ์จัดเก็บอาหาร
1729734516076218536,#YiFeng #เก้าอี้พลาสติก #เก้าอี้หวายเทียม | #เก้าอี้แต่งบ้าน #เก้าอี้มินิมอล #เก้าอี้คาเฟ่ | #เก้าอี้กินข้าว #เก้าอี้สวยๆ #เก้าอี้โมเดิร์น
1730068878317160891,#ผ้าคลุมเครื่องซักผ้า #ที่คลุมเครื่องซักผ้า #ถุงคลุมเครื่องซักผ้า | #ผ้าคลุมเครื่องซักผ้ากันแดด #ผ้าคลุมเครื่องซักผ้ากันฝน #ผ้าคลุมเครื่องซักผ้าฝาบน | #ผ้าคลุมเครื่องซักผ้ากันน้ำ #ผ้าคลุมเครื่องซักผ้าแบบหนา #ผ้าคลุมเครื่องซักผ้ามีซิป
1729567521286884291,#บีนแบคโซฟา #บีนแบคแต่งห้อง #บีนแบคราคาถูก | #เก้าอี้บีนแบค #เก้าอี้โซฟา #เก้าอี้นั่งพื้น | #บีนแบคเกรดพรีเมียม #บีนแบคคุณภาพดี #บีนแบคไทยผลิต
1729713285153720828,#ผ้าคลุมเครื่องซักผ้า #ผ้าคลุมเครื่องซักผ้าฝาหน้า #ผ้าคลุมเครื่องซักผ้ากันแดด | #ผ้าคลุมเครื่องซักผ้ากันฝน #ผ้าคลุมเครื่องซักผ้ากันฝุ่น #อุปกรณ์เครื่องซักผ้า | #ผ้าคลุมเครื่องซักผ้าอัตโนมัติ #ผ้าคลุมเครื่องซักผ้าขนาดใหญ่ #แต่งบ้านมินิมอล
1732420874456237540,#หม้อสแตนเลส #หม้อบะหมี่กึ่งสำเร็จรูป #หม้อมินิ | #หม้อหอพัก #หม้อเคลือบกันติด #หม้อใบเล็ก | #หม้อเตาแม่เหล็กไฟฟ้า #หม้อไฟฟ้าพกพา #หม้อขนาดเล็ก
1730168918710651843,#ผ้าคลุมเครื่องซักผ้า #ผ้าคลุมเครื่องซักผ้าฝาบน #ที่คลุมเครื่องซักผ้า | #ผ้าคลุมกันแดด #ผ้าคลุมกันฝน #ผ้าคลุมกันฝุ่น | #อุปกรณ์เครื่องซักผ้า #ผ้าคลุมซักผ้า #แต่งบ้านมินิมอล
1731754225274358746,#กระเป๋าใส่คอมพิวเตอร์ #กระเป๋าโน๊ตบุ๊ค #กระเป๋าใส่แล็ปท็อป | #กระเป๋าคอมพิวเตอร์น่ารัก #กระเป๋าโน๊ตบุ๊คผู้หญิง #กระเป๋าใส่คอมพิวเตอร์กันน้ำ | #กระเป๋าโน๊ตบุ๊คแฟชั่น #กระเป๋าคอมพิวเตอร์พกพา #กระเป๋าใส่คอมพิวเตอร์เกาหลี
1731754034893327129,#ราวตากผ้า #ราวตากผ้าสแตนเลส #ราวตากผ้าคอนโด | #ราวตากผ้าพับได้ #ราวตากผ้าประหยัดพื้นที่ #ราวตากผ้ายืดหดได้ | #ราวตากผ้าแข็งแรง #ราวตากผ้าในบ้าน #ราวตากผ้าเหล็ก
1731279916961007760,#เก้าอี้กลางแจ้ง #เก้าอี้สนาม #เก้าอี้พับได้ | #เก้าอี้แคมป์ปิ้ง #เก้าอี้พกพา #เก้าอี้เดินป่า | #เก้าอี้ชายหาด #เก้าอี้ปิคนิค #เก้าอี้Ubest
1730012708552673547,#เครื่องวัดความดัน #เครื่องวัดความดันโลหิต #เครื่องวัดความดันALLWELL | #เครื่องวัดความดันดิจิตอล #เครื่องวัดความดันพูดได้ #เครื่องวัดความดันแม่นยำ | #อุปกรณ์การแพทย์ #สุขภาพผู้สูงอายุ #ดูแลสุขภาพ
1729581153067829337,#หน้าจอโปรเจคเตอร์ #จอโปรเจคเตอร์พกพา #จอโปรเจคเตอร์4K | #หน้าจอโปรเจคเตอร์ตั้งพื้น #จอโปรเจคเตอร์พับได้ #อุปกรณ์โฮมเธียเตอร์ | #จอโปรเจคเตอร์100นิ้ว #หน้าจอโปรเจคเตอร์ราคาถูก #จอฉายโปรเจคเตอร์
1733872993699267669,#FUNFOOX #มินิโปรเจคเตอร์ #โปรเจคเตอร์ | #เครื่องฉายหนัง #โปรเจคเตอร์พกพา #สมาร์ทโปรเจคเตอร์ | #โปรเจคเตอร์android #โรงหนังในบ้าน #มินิโปรเจคเตอร์ราคาถูก
1732109266462018020,#พัดลมโซล่าเซลล์ #พัดลมพลังงานแสงอาทิตย์ #พัดลมพกพา | #พัดลมชาร์จแบต #พัดลมแคมป์ปิ้ง #พัดลมประหยัดไฟ | #พัดลมตั้งโต๊ะ #พัดลมไร้สาย #พัดลมโซลาร์เซลล์
1735847483717879046,#พาวเวอร์แบงค์ #powerbank #แบตสำรอง | #พาวเวอร์แบงค์ชาร์จไว #พาวเวอร์แบงค์ของแท้ #พาวเวอร์แบงค์ความจุสูง | #พาวเวอร์แบงค์พกพา #พาวเวอร์แบงค์ราคาถูก #พาวเวอร์แบงค์คุ้มค่า
1729643369152416507,#หวีไฟฟ้า #หวีไดร์เป่าผม #หวีแปรงไฟฟ้า | #หวีจัดแต่งทรงผม #หวีทำวอลลุ่ม #หวีม้วนผมไฟฟ้า | #หวีไฟฟ้าของแท้ #หวีไฟฟ้าถูกและดี #เครื่องม้วนผมหวีไฟฟ้า
1734462194916951982,#เครื่องเจียร์มุมไร้สาย #เครื่องเจียร์ไร้สาย #เครื่องเจียร์Decker | #เครื่องเจียร์มินิ #เครื่องเจียร์แบตเตอรี่ #เครื่องมือช่างไร้สาย | #เครื่องเจียร์12V #เครื่องเจียร์พกพา #เครื่องเจียร์ตัดเหล็ก
1735881242227279424,#EnchantMagicSpell #น้ำหอมผู้หญิง #น้ำหอมติดทนนาน | #น้ำหอมนำเข้า #น้ำหอมเซ็กซี่ #น้ำหอมกลิ่นดอกไม้ | #น้ำหอมราคาถูก #น้ำหอมแบรนด์ #รีวิวน้ำหอม
1734880800077481698,#น้ำหอมEnchant #น้ำหอมติดทนนาน #น้ำหอมแท้ | #น้ำหอมผู้หญิง #น้ำหอมผู้ชาย #น้ำหอมกลิ่นดอกไม้ | #น้ำหอมราคาถูก #รีวิวน้ำหอม #น้ำหอมยอดฮิต
1734533042129438157,#น้ำหอมEnchant #น้ำหอมติดทนนาน #น้ำหอมสดชื่น | #น้ำหอม unisex #น้ำหอมผู้ชาย #น้ำหอมผู้หญิง | #น้ำหอมพกพา #น้ำหอมแบรนด์ #น้ำหอมราคาถูก
1733311501901858559,#พระพิฆเนศ #บูชาพระพิฆเนศ #พระพิฆเนศปางรีนาโมจัน | #วัตถุมงคล #เครื่องรางนำโชค #พระพิฆเนศผ่านพิธี | #แก้หนี้สิน #พระพิฆเนศประทานพร #ของมงคลเรียกทรัพย์
1735372858875610347,#หม้อเคลือบ #หม้อเคลือบอินาเมล #หม้อสองหู | #เครื่องครัวน่ารัก #หม้อสไตล์มินิมอล #หม้อทำอาหาร | #หม้อขาว #ของใช้ในครัว #หม้ออินาเมล
1734364401136600547,#เครื่องวัดความดัน #เครื่องวัดความดันโลหิต #เครื่องวัดความดันอัตโนมัติ | #เครื่องวัดความดันพกพา #เครื่องวัดความดันดิจิตอล #เครื่องวัดความดันเสียงภาษาไทย | #อุปกรณ์การแพทย์ #เครื่องวัดความดันราคาถูก #เครื่องวัดความดันแม่นยำ
1734307387959837818,#ZhiyunCinepeerWeebill3E #กิมบอลกล้อง #ไม้กันสั่น | #กิมบอลกล้องZhiyun #ไม้กันสั่นกล้อง #CinepeerWeebill3E | #อุปกรณ์กันสั่นกล้อง #กิมบอล3แกน #ไม้กันสั่นสำหรับกล้อง
1735255997556164092,#สติ๊กเกอร์ตกแต่งผิวหน้า #สติ๊กเกอร์แต่งหน้า #สติ๊กเกอร์แฟนซี | #สติ๊กเกอร์ลายน่ารัก #สติ๊กเกอร์ติดหน้า #พร็อพถ่ายรูป | #สติ๊กเกอร์แฟชั่น #สติ๊กเกอร์คละลาย #แต่งหน้าสายเกา
1736037052809971221,#เคสสัมผัสหนังนุ่มหรู #เคสไอโฟนสวยๆ #เคสกันกระแทก | #เคสหนังไอโฟน #เคสแฟชั่นไอโฟน #เคสโทรศัพท์ราคาถูก | #เคสiPhone17 #เคสiPhone16 #เคสiPhone15
1729574960761767959,#เครื่องทำความสะอาดพรม #เครื่องซักพรม #เครื่องทำความสะอาดเฟอร์นิเจอร์ผ้า | #IRISOHYAMA #เครื่องซักเบาะ #เครื่องดูดฝุ่นทำความสะอาด | #เครื่องซักพรมพกพา #เครื่องขจัดคราบ #เครื่องทำความสะอาดเอนกประสงค์
1734625881671698325,#ตู้จัดเก็บของ #ตู้จัดเก็บของมินิมอล #ตู้จัดเก็บของพับได้ | #กล่องเก็บของ #กล่องเก็บของพับได้ #กล่องจัดระเบียบ | #ตู้เก็บของอเนกประสงค์ #กล่องเก็บเสื้อผ้า #ตู้เก็บของในบ้าน
1732452800264635531,#ไฟกลางคืนLED #ไฟเซนเซอร์ #โคมไฟอัจฉริยะ | #ไฟติดผนัง #ไฟทางเดิน #ไฟห้องนอน | #ไฟLED #ไฟเซนเซอร์ตรวจจับความเคลื่อนไหว #ไฟแต่งบ้าน
1733549023465932780,#ผลิตภัณฑ์ซักผ้าSmart #น้ำยาซักผ้าสูตรเข้มข้น #Smartผลิตภัณฑ์ซักผ้า | #น้ำยาซักผ้าSmart #ผลิตภัณฑ์ซักผ้าเอ็กซ์ตรีมบลู #Smartซักผ้า | #น้ำยาซักผ้าเข้มข้น #ผลิตภัณฑ์ซักผ้าสูตรเข้มข้น #Smartทำความสะอาดผ้า
1732161135189920361,#พัดลมโซล่าเซลล์ #พัดลมโซล่าเซลล์ติดผนัง #พัดลมโซล่าเซลล์ราคาถูก | #พัดลมโซล่าเซลล์ไร้สาย #พัดลมโซล่าเซลล์พกพา #พัดลมโซล่าเซลล์ประหยัดไฟ | #พัดลมโซล่าเซลล์12นิ้ว #พัดลมโซล่าเซลล์16นิ้ว #พัดลมโซล่าเซลล์โซลาร์เซลล์
1734668636168488839,#ผ้าอนามัยแบบกางเกง #ผ้าอนามัยHelloSisters #ผ้าอนามัยกางเกง | #ผ้าอนามัยซึมซับดี #ผ้าอนามัยแบบกางเกงผู้หญิง #ผ้าอนามัยกลางคืน | #ผ้าอนามัยใส่สบาย #ผ้าอนามัยรุ่นใหม่ #ผ้าอนามัยแผ่นบาง
1734460844082234581,#กระปุกออมสินอะคริลิค #กระปุกออมสินใส #กระปุกออมสินล็อคได้ | #กระปุกออมสินมีกุญแจ #กระปุกออมสินโชว์เงิน #กระปุกออมสินแบ่งชั้น | #กระปุกออมสินเป้าหมาย #กระปุกออมเงินอะคริลิค #กระปุกออมสินน่ารัก
1729921467190249765,#ผ้าขนหนูใยไผ่ #ผ้าเช็ดตัวใยไผ่ #ผ้าขนหนูJviva | #ผ้าเช็ดตัวโรงแรม #ผ้าขนหนูเกรดพรีเมียม #ผ้าเช็ดตัวนุ่ม | #ผ้าขนหนูแห้งไว #ผ้าเช็ดตัวซับน้ำดี #ผ้าขนหนูของใช้ในบ้าน
1729964607715445529,#กระสอบเก็บผ้านวม #กระสอบเก็บของ #กระสอบใส่เสื้อผ้า | #กระสอบเก็บผ้านวมจัดระเบียบ #กระสอบเก็บของย้ายบ้าน #กระสอบใส่ของเอนกประสงค์ | #กระสอบเก็บผ้านวมราคาถูก #กระสอบเก็บของใช้ในบ้าน #กระสอบใส่เสื้อผ้ามือสอง
1733423576992286366,#พวงกุญแจตัวอักษรเรซิน #พวงกุญแจน่ารัก #พวงกุญแจแฟชั่น | #พวงกุญแจชื่อ #พวงกุญแจตัวอักษร #พวงกุญแจสวยๆ | #ของขวัญเพื่อน #พวงกุญแจห้อยกระเป๋า #ของขวัญน่ารัก
1735289681224173411,#พัดลมโซล่าเซลล์ #พัดลมพลังงานแสงอาทิตย์ #พัดลมตั้งพื้น | #พัดลม16นิ้ว #พัดลมพกพา #พัดลมแคมป์ปิ้ง | #พัดลมประหยัดไฟ #พัดลมโซลาร์ #พัดลมโซล่าเซลล์ราคาถูก
1736270310828049958,#กระเป๋าถือ #กระเป๋าผ้า #กระเป๋าแฟชั่น | #กระเป๋าถือผู้หญิง #กระเป๋าลายน่ารัก #กระเป๋าถือใบเล็ก | #กระเป๋าพร้อมส่ง #กระเป๋าราคาถูก #กระเป๋าแฟชั่นเกาหลี
1731951869902489440,#แหวนลายกำแพงเมืองจีน #แหวนไททาเนียม #แหวนแฟชั่นผู้หญิง | #แหวนมินิมอล #แหวนสวยๆ #เครื่องประดับแฟชั่น | #แหวนราคาถูก #แหวนคู่รัก #ของขวัญให้แฟน
1733990967069345443,#กระเป๋าไนลอน #กระเป๋าแฟชั่น #กระเป๋าผู้หญิง | #กระเป๋าสะพายข้าง #กระเป๋าสะพายไหล่ #กระเป๋ากันน้ำ | #กระเป๋าน้ำหนักเบา #กระเป๋าอเนกประสงค์ #กระเป๋าสไตล์มินิมอล
1735715749772035352,#กระเป๋าสตางค์ใบสั้น #กระเป๋าสตางค์แฟชั่น #กระเป๋าสตางค์ผู้หญิง | #กระเป๋าสตางค์สีสวย #กระเป๋าสตางค์ใบเล็ก #กระเป๋าสตางค์ราคาถูก | #กระเป๋าสตางค์พกพาสะดวก #กระเป๋าสตางค์ใส่บัตร #กระเป๋าสตางค์เกาหลี
1732074001888282325,#ที่คาดผมฟองน้ำ #ที่คาดผมแฟชั่น #ที่คาดผมเกาหลี | #ที่คาดผมล้างหน้า #ที่คาดผมมินิมอล #ที่คาดผมสีพื้น | #ที่คาดผมฮิต #ที่คาดผมราคาถูก #ที่คาดผมสวยๆ
1734426250813409166,#ขวดน้ำสแตนเลส #ขวดน้ำเก็บอุณหภูมิ #ขวดน้ำน่ารัก | #ขวดน้ำ710มล #ขวดน้ำพกพา #ขวดน้ำไปเรียน | #กระบอกน้ำสแตนเลส #กระบอกน้ำเก็บความเย็น #กระบอกน้ำน่ารัก
1735618110091330730,#กระเป๋าผู้หญิง #กระเป๋าถือ #กระเป๋าสะพาย | #กระเป๋าแฟชั่น #กระเป๋าสวยๆ #กระเป๋าแบรนด์เนม | #กระเป๋าไปทำงาน #กระเป๋าถือผู้หญิง #กระเป๋าสะพายไหล่
1734287610240009262,#กระปุกออมสิน #กระปุกออมเงิน #กระปุกออมสินน่ารัก | #กระปุกออมสินเก็บเงิน #กระปุกออมเงินน่ารัก #กระปุกออมสินเป้าหมาย | #กระปุกออมเงินวัยรุ่น #กระปุกออมเงินแบบตาราง #กระปุกออมสินเหล็ก
1733509438267425976,#กระเป๋าสตางค์ใบสั้น #กระเป๋าสตางค์ผู้หญิง #กระเป๋าสตางค์น่ารัก | #กระเป๋าสตางค์แฟชั่น #กระเป๋าสตางค์ราคาถูก #กระเป๋าสตางค์พร้อมส่ง | #กระเป๋าสตางค์มินิมอล #กระเป๋าสตางค์สวยๆ #กระเป๋าสตางค์เกาหลี
1736452511447811622,#กระเป๋าถือ #กระเป๋าการ์ตูน #กระเป๋าน่ารัก | #กระเป๋าถือผู้หญิง #กระเป๋าแฟชั่น #กระเป๋าราคาถูก | #กระเป๋าพร้อมส่ง #กระเป๋าถือใบเล็ก #กระเป๋าถือเกาหลี
1729643368485390935,#หวีไฟฟ้า #หวีไฟฟ้า2in1 #หวีไฟฟ้าPAE305 | #หวีไฟฟ้าทำผม #หวีไฟฟ้าจัดทรง #หวีไฟฟ้าม้วนผม | #หวีไฟฟ้าลดราคา #หวีไฟฟ้าของแท้ #หวีไฟฟ้าพร้อมส่ง
1733295524766319669,#กระเป๋าRally #กระเป๋าTote #กระเป๋าสะพายข้าง | #กระเป๋าแฟชั่น #กระเป๋าถือ #กระเป๋าผู้หญิง | #กระเป๋าแบรนด์เนม #กระเป๋าสะพาย #กระเป๋าสวยๆ
1732327508121978402,#นาฬิกาFEIWO #นาฬิกาผู้หญิง #นาฬิกาแฟชั่น | #นาฬิกาข้อมือ #นาฬิกาเรือนเล็ก #นาฬิกาสวยๆ | #นาฬิกาแบรนด์แท้ #นาฬิกาหน้าปัดกลม #นาฬิกาเกาหลี
1734006574120993865,#รองเท้าแตะ #รองเท้าแตะผู้ชาย #รองเท้าUrbanPipe | #รองเท้าแตะกันลื่น #รองเท้าแตะแฟชั่น #รองเท้าใส่ในบ้าน | #รองเท้าแตะนิ่ม #รองเท้าลำลอง #รองเท้าแตะราคาถูก
1731398945009010019,#โคมไฟข้างเตียง #โคมไฟแต่งห้อง #โคมไฟมินิมอล | #โคมไฟตั้งโต๊ะ #โคมไฟอ่านหนังสือ #โคมไฟอัจฉริยะ | #โคมไฟไร้สาย #โคมไฟหัวเตียง #โคมไฟกลางคืน
1732761865443313495,#ชุดอาหารเย็น #ชุดจานชาม #จานชามพลาสติก | #ชุดจานชามแคมป์ปิ้ง #จานชามปิกนิก #ชุดเครื่องครัว | #ชุดจานชามราคาถูก #อุปกรณ์ครัว #ชุดอาหารเย็น18ชิ้น
1734051422410933582,#นาฬิกาปลุก #นาฬิกาปลุกดิจิตอล #นาฬิกาตั้งโต๊ะ | #นาฬิกาปลุกนักเรียน #นาฬิกาปลุกมินิมอล #นาฬิกาปลุกสวยๆ | #นาฬิกาอัจฉริยะ #ของใช้ในห้องนอน #อุปกรณ์การเรียน
1730486045455714383,#กระปุกออมสิน #กระปุกออมสินใหญ่ #ออมสินเก็บเงิน | #กระปุกออมสินออมเงิน #ออมสินใบใหญ่ #กระปุกออมสินราคาถูก | #กระปุกออมสินน่ารัก #ที่เก็บเงิน #กระปุกออมสินสุดคุ้ม
1729635836157856668,#ออมสินมินิมอล #ออมสินน่ารัก #ออมสินเก็บเงิน | #ออมสินแต่งบ้าน #ออมสินสีพื้น #ออมสินทันสมัย | #กระปุกออมสิน #ของสะสม #ออมสินสวยๆ
1731438711001220315,#กระทะไฟฟ้า #กระทะไฟฟ้าแดง #กระทะไฟฟ้า12นิ้ว | #กระทะไฟฟ้าอเนกประสงค์ #กระทะไฟฟ้าทำอาหาร #กระทะไฟฟ้ามินิมอล | #กระทะไฟฟ้าคุ้มค่า #กระทะไฟฟ้าทำกับข้าว #กระทะไฟฟ้าขายดี
1735532866917009278,#หม้อนึ่งสแตนเลส #หม้อนึ่งไฟฟ้า #หม้อหุงข้าวไฟฟ้า | #หม้อนึ่งอเนกประสงค์ #หม้อนึ่งข้าวเหนียว #หม้อไฟฟ้า | #เครื่องครัวสแตนเลส #หม้อนึ่งราคาถูก #หม้อไฟฟ้ามินิมอล
1732783674752140306,#ชุดจานชาม #จานเซรามิก #ชามเซรามิก | #ชุดถ้วยชาม #จานชามราคาถูก #เซรามิกแต่งบ้าน | #ชุดจานชามน่ารัก #จานชามมินิมอล #ของใช้ในครัว
1734540880082143183,#ชุดจานพลาสติก #จานพลาสติกราคาถูก #ชุดจานชามพลาสติก | #จานลายไม้ #จานพลาสติกสไตล์ญี่ปุ่น #ชุดจานอาหาร | #จานสำหรับร้านอาหาร #จานพลาสติกสวยๆ #ชุดจานใช้งานอเนกประสงค์
1735328110316586771,#ชุดจาน #ชุดจานชาม #จานข้าว | #จานมินิมอล #จานข้าวฟาง #จานชามญี่ปุ่น | #จานสวย #จานราคาถูก #จานแต่งบ้าน
1735358007622927984,#พาวเวอร์แบงค์ #พาวเวอร์แบงค์ชาร์จเร็ว #พาวเวอร์แบงค์150000mAh | #แบตสำรอง #แบตสำรองพกพา #แบตสำรองของแท้ | #powerbank #อุปกรณ์มือถือ #Gadgetน่าใช้
1732455338164061479,#ที่นั่งและเก้าอี้สวิง #เก้าอี้สวิงสวน #ชุดที่นั่งสวิง | #ที่นั่งสวิงแต่งสวน #ที่นั่งสวิงพักผ่อน #เก้าอี้สวิงนั่งเล่น | #ที่นั่งสวิงราคาถูก #เก้าอี้สวิงจัดสวน #ที่นั่งสวิงสนาม
1732736863042307927,#ชุดครัวพลาสติก #ชุดจานชามพลาสติก #ชุดอาหารพลาสติก | #ชุดจานพลาสติกพกพา #ชุดจานชามปิคนิค #อุปกรณ์ทานอาหาร | #ชุดจานชามสีดำ #ชุดจานชามสีเทา #เครื่องครัวพลาสติก
1732334927307442778,#แบตสำรอง #พาวเวอร์แบงค์ #powerbank | #แบตสำรองราคาถูก #พาวเวอร์แบงค์ชาร์จเร็ว #powerbankของแท้ | #แบตสำรองพกพา #พาวเวอร์แบงค์รุ่นใหม่ #powerbankดิจิตอล
1733225738646030057,#เพาเวอร์แบงค์ #แบตสำรอง #พาวเวอร์แบงค์ | #เพาเวอร์แบงค์ราคาถูก #แบตสำรองชาร์จเร็ว #พาวเวอร์แบงค์ของแท้ | #เพาเวอร์แบงค์50000mah #แบตสำรองพกพา #พาวเวอร์แบงค์พร้อมสาย
1734975256426415983,#ชามสองสี #ชามเมลามีน #ชามพาณิชย์ | #ชามราเมน #ชามข้าว #ชามกลม | #ชามเมลามีนแท้ #ชามราคาถูก #อุปกรณ์ร้านอาหาร
1736105956046243147,#พาวเวอร์แบงค์แม่เหล็ก #พาวเวอร์แบงค์30000mah #แบตสำรองไร้สาย | #พาวเวอร์แบงค์ชาร์จไว #แบตสำรองพกพา #พาวเวอร์แบงค์ราคาถูก | #พาวเวอร์แบงค์Magnetic #แบตสำรองไอโฟน #พาวเวอร์แบงค์TypeC
1734572719383086464,#พัดลมตั้งโต๊ะ #พัดลมพกพา #พัดลมไร้สาย | #พัดลมมินิมอล #พัดลมตั้งโต๊ะราคาถูก #พัดลมจิ๋ว | #พัดลมชาร์จไฟ #พัดลมusb #พัดลมหนีบโต๊ะ
1735724612839900563,#พาวเวอร์แบงค์ #พาวเวอร์แบงค์ชาร์จเร็ว #แบตสำรอง | #พาวเวอร์แบงค์ราคาถูก #แบตสำรองของแท้ #PowerBank | #แบตสำรองพกพา #พาวเวอร์แบงค์มีสาย #แบตสำรองชาร์จเร็ว
1736142755137684856,#พัดลมไอเย็น #พัดลมพกพา #พัดลมมินิ | #พัดลมไอเย็นพกพา #พัดลมมือถือ #พัดลมแอร์ | #พัดลมปรับระดับ #พัดลมแรงสูง #พัดลมเย็นๆ
1732873621387838633,#เพาเวอร์แบงค์ #พาวเวอร์แบงค์ #แบตสำรอง | #แบตสำรองชาร์จเร็ว #เพาเวอร์แบงค์ของแท้ #พาวเวอร์แบงค์พกพา | #แบตสำรองราคาถูก #เพาเวอร์แบงค์ยอดฮิต #พาวเวอร์แบงค์50000mAh
1734342096665872015,#พัดลมแบบหนีบ #พัดลมพกพา #พัดลมUSB | #พัดลมตั้งโต๊ะ #พัดลมชาร์จไฟ #พัดลมไร้สาย | #พัดลมเล็ก #พัดลมเงียบ #พัดลมประหยัดพลังงาน
1729529438347168407,#รองเท้าส้นสูง #รองเท้าผู้หญิง #รองเท้าแฟชั่น | #รองเท้าส้นแก้ว #รองเท้าสวยๆ #รองเท้าใส่ทำงาน | #รองเท้าส้นสูงราคาถูก #รองเท้าคัทชู #รองเท้าออกงาน
1731436266135390868,#รองเท้าแมรี่เจน #รองเท้าผู้หญิง #รองเท้าส้นเตี้ย | #รองเท้าแฟชั่น #รองเท้าใส่สบาย #รองเท้าคัทชู | #รองเท้าน่ารัก #รองเท้าทำงาน #รองเท้ายอดฮิต
1735590838030927598,#ลิ้นชักใส่เสื้อผ้า #ลิ้นชักเก็บของ #ชั้นเก็บของ | #ลิ้นชักพลาสติก #เฟอร์นิเจอร์แต่งห้อง #ตู้เก็บของ | #ลิ้นชักจัดระเบียบ #ชั้นวางของ #ลิ้นชักอเนกประสงค์
1735755633028073452,#โต๊ะแคมป์ปิ้ง #โต๊ะสนามกลางแจ้ง #โต๊ะปิกนิค | #โต๊ะแคมป์ปิ้งพับได้ #โต๊ะสนามพับได้ #โต๊ะพับได้ | #โต๊ะแคมป์ปิ้งอลูมิเนียม #โต๊ะปิกนิคพกพา #โต๊ะสนามเดินป่า
1732566630502401853,#เก้าอี้เป่าลม #เก้าอี้เป่าลมมินิ #โซฟาเป่าลม | #โซฟามินิ #เก้าอี้พกพา #เฟอร์นิเจอร์เป่าลม | #เก้าอี้เป่าลมราคาถูก #เก้าอี้เอนกประสงค์ #โซฟาเป่าลมพกพา
1733678766429931494,#โต๊ะเครื่องแป้งมินิมอล #โต๊ะเครื่องแป้งไม้ #โต๊ะเครื่องแป้งราคาถูก | #โต๊ะเครื่องแป้งแต่งห้อง #โต๊ะเครื่องแป้งเกาหลี #โต๊ะเครื่องแป้งสวยๆ | #โต๊ะเครื่องแป้งดีไซน์ #โต๊ะเครื่องแป้งจัดระเบียบ #โต๊ะเครื่องแป้งยอดฮิต
1735169848737236370,#ที่นั่งเก้าอี้ #ผ้าคลุมเก้าอี้ #ที่หุ้มเก้าอี้ | #ที่นั่งเก้าอี้ออฟฟิศ #ผ้าคลุมเก้าอี้ทำงาน #ปลอกหุ้มเก้าอี้ | #ที่นั่งเก้าอี้คอม #ผ้าคลุมเก้าอี้สำนักงาน #ที่หุ้มเก้าอี้คอมพิวเตอร์
1734809523703874877,#เตียงเป่าลม #ที่นอนลม #เตียงเป่าลมอัตโนมัติ | #ที่นอนปิคนิค #เตียงนอนแคมป์ปิ้ง #เตียงพกพา | #ที่นอนเป่าลม #ที่นอนแคมป์ปิ้ง #เตียงลม
1733036404316800954,#โต๊ะกลางโซฟา #โต๊ะกลางโซฟาสไตล์มินิมอล #โต๊ะกลางโซฟาห้องรับแขก | #โต๊ะกาแฟ #โต๊ะกาแฟมินิมอล #โต๊ะกาแฟแต่งบ้าน | #โต๊ะญี่ปุ่น #โต๊ะญี่ปุ่นนั่งพื้น #โต๊ะญี่ปุ่นราคาถูก
1734763458885289318,#โคมไฟตั้งพื้น #โคมไฟมินิมอล #โคมไฟแต่งบ้าน | #โคมไฟในร่ม #โคมไฟห้องนอน #โคมไฟห้องนั่งเล่น | #โคมไฟสวยๆ #โคมไฟอ่านหนังสือ #โคมไฟปรับระดับ
1735658781902603890,#ตู้เก็บของ #ตู้เก็บของมินิมอล #ตู้เก็บของลายหมี | #ตู้จัดเก็บของ #กล่องเก็บของพับได้ #ตู้ใส่ของอเนกประสงค์ | #ตู้เก็บของราคาถูก #เฟอร์นิเจอร์แต่งห้อง #ตู้เก็บของเล่นเด็ก
1731907611068827757,#ผ้าคลุมโซฟา #ผ้าคลุมโซฟา3ที่นั่ง #ผ้าคลุมโซฟายืดหยุ่น | #ผ้าหุ้มโซฟา #ผ้าหุ้มโซฟาสวยๆ #ผ้าหุ้มโซฟาราคาถูก | #แต่งบ้าน #ของแต่งบ้าน #โซฟาใหม่
1733999668797474318,#ชุดโต๊ะและเก้าอี้กลางแจ้ง #ชุดโต๊ะพับ #โต๊ะสนามพับได้ | #ชุดโต๊ะแคมป์ปิ้ง #โต๊ะปิกนิกพกพา #ชุดเก้าอี้สนาม | #โต๊ะพับอลูมิเนียม #อุปกรณ์แคมป์ปิ้ง #เฟอร์นิเจอร์สนาม
1735557538546681674,#เต็นท์แคมป์ปิ้ง #เต็นท์อัตโนมัติ #เต็นท์นอน3คน | #เต็นท์กางง่าย #เต็นท์กันฝน #เต็นท์เดินป่า | #เต็นท์ปิกนิก #เต็นท์นอน4คน #อุปกรณ์แคมป์ปิ้ง
1736423735067575620,#โซฟาเล็ก #โซฟานุ่ม #โซฟาขี้เกียจ | #โซฟาห้องนั่งเล่น #โซฟาเด็ก #โซฟาเออร์โกโนมิค | #โซฟามินิมอล #โซฟาญี่ปุ่น #โซฟาเบาะนุ่ม
1734290070151530130,#ลำโพงบลูทูธ #ลำโพงพกพา #ลำโพงเบสหนัก | #ลำโพงไร้สาย #ลำโพงBluetooth #ลำโพงเสียงดี | #ลำโพงมินิมอล #ลำโพงแต่งบ้าน #ลำโพงน่ารัก
1734177285014783994,#หมอนรองเท้าแมว #หมอนรองเท้าแมวน่ารัก #หมอนรองเท้าแมวมินิมอล | #หมอนรองเท้าแมวนุ่ม #หมอนรองเท้าแมวแต่งห้อง #หมอนรองเท้าแมวนั่งสบาย | #หมอนรองเท้าแมวของขวัญ #หมอนรองเท้าแมวราคาถูก #หมอนรองเท้าแมวพร้อมส่ง
1729671427885730585,#โต๊ะข้างเตียง #ตู้ข้างเตียง #โต๊ะหัวเตียง | #โต๊ะข้างเตียงอัจฉริยะ #ตู้ข้างเตียงมินิมอล #แต่งห้องนอน | #โต๊ะข้างเตียงมีไฟ #โต๊ะข้างเตียงชาร์จแบต #เฟอร์นิเจอร์แต่งบ้าน
1736256337861510947,#โต๊ะกินข้าวพับได้ #โต๊ะกินข้าวสวยๆ #โต๊ะกินข้าวราคาถูก | #โต๊ะอเนกประสงค์ #โต๊ะพับได้ #โต๊ะประหยัดพื้นที่ | #โต๊ะวางของ #เฟอร์นิเจอร์แต่งบ้าน #โต๊ะไม้พับได้
1735949811315606984,#เต็นท์ขายของ #เต็นท์จอดรถ #เต็นท์พับได้ | #เต็นท์พับได้3x3 #เต็นท์สนาม #เต็นท์2x2 | #เต็นท์3x3 #เต็นท์3x4.5 #เต็นท์กันแดด
1732439314779309760,#ชุดเครื่องมือช่าง #ชุดเครื่องมือ85ชิ้น #ชุดเครื่องมือซ่อมบ้าน | #ชุดไขควงอเนกประสงค์ #ชุดไขควงครบชุด #ชุดไขควงช่าง | #ชุดประแจซ่อมรถ #ชุดประแจพกพา #ชุดประแจเหล็ก
1733852969525020267,#ลิ้นชักใส่เสื้อผ้า #ตู้ลิ้นชักพลาสติก #ลิ้นชักเก็บของ | #ตู้เสื้อผ้าพลาสติก #ลิ้นชักอเนกประสงค์ #ตู้เก็บของ | #ลิ้นชักพลาสติก #ชั้นเก็บของ #ตู้เก็บเสื้อผ้า
1731898666371023891,#โต๊ะข้างเตียง #โต๊ะวางของ #เฟอร์นิเจอร์ห้องนอน | #โต๊ะข้างเตียงมินิมอล #โต๊ะวางของโซฟา #ชั้นวางของอเนกประสงค์ | #โต๊ะข้างเตียงไม้ #เฟอร์นิเจอร์แต่งบ้าน #โต๊ะวางของข้างเตียง
1735358327653042038,#เตียงไม้ #เตียงไม้แท้ #เตียงนอน | #เตียงราคาถูก #เตียงมินิมอล #แต่งห้องนอน | #เฟอร์นิเจอร์ไม้ #เตียงไม้จริง #เตียงนอนไม้
1733341462140323826,#เก้าอี้สวิงลานกลางแจ้ง #ผ้าหลังคาเก้าอี้สวิง #อะไหล่เก้าอี้สวิง | #เก้าอี้สวิงกันน้ำ #หลังคาเก้าอี้สนาม #เปลี่ยนหลังคาเก้าอี้ | #ผ้าคลุมเก้าอี้สวิง #เก้าอี้สวิงแต่งสวน #ผ้ากันแดดเก้าอี้
1735531144909915511,#ลิ้นชักหัวเตียง #โต๊ะวางข้างเตียง #ตู้หัวเตียง | #ตู้ข้างเตียง #โต๊ะข้างเตียง #ชั้นวางของข้างเตียง | #โต๊ะหัวเตียง #ตู้เก็บของข้างเตียง #เฟอร์นิเจอร์แต่งห้องนอน
1730592127920671292,#ชุดโต๊ะสนาม #โต๊ะสนามพับได้ #โต๊ะแคมป์ปิ้ง | #ชุดโต๊ะเก้าอี้สนาม #โต๊ะปิคนิค #โต๊ะพกพา | #โต๊ะสนามราคาถูก #อุปกรณ์แคมป์ปิ้ง #เฟอร์นิเจอร์สนาม
1735216644627203493,#ตู้ข้างเตียง #ตู้ข้างเตียงแคบ #เฟอร์นิเจอร์แต่งห้อง | #โต๊ะข้างเตียง #ตู้หัวเตียง #ตู้ลิ้นชักไม้ | #แต่งห้องนอน #ตู้เก็บของ #ตู้ข้างเตียงมินิมอล
1733571303209666428,#ชั้นเก็บหนังสือบนโต๊ะ #ชั้นวางของบนโต๊ะ #ชั้นวางหนังสือ | #ชั้นจัดระเบียบบนโต๊ะ #ชั้นวางของอเนกประสงค์ #ชั้นวางของมินิมอล | #อุปกรณ์จัดโต๊ะทำงาน #ชั้นวางของประหยัดพื้นที่ #ชั้นเก็บของบนโต๊ะ
1730125966163019863,#กระจกเต็มตัว #กระจกทรงคลื่น #กระจกมินิมอล | #กระจกแต่งห้อง #กระจกถ่ายรูป #กระจกแต่งบ้าน | #กระจกส่องตัว #กระจกตั้งพื้น #กระจกติดผนัง
1731796516533208612,#เต็นท์แคมป์ปิ้ง #เต็นท์พับได้ #เต็นท์ตลาดนัด | #เต็นท์กันน้ำ #เต็นท์สนาม #เต็นท์รถยนต์ | #เต็นท์พับอเนกประสงค์ #เต็นท์ออกบูธ #เต็นท์ขายของ
1733509185560217134,#ผ้าคลุมเก้าอี้เกมมิ่ง #ปลอกสวมเก้าอี้เกมมิ่ง #ผ้าคลุมเก้าอี้สำนักงาน | #อุปกรณ์แต่งห้องเกมมิ่ง #แต่งห้องคอม #เก้าอี้เกมมิ่ง | #ผ้าคลุมเก้าอี้ #ปลอกหุ้มเก้าอี้ #อุปกรณ์เสริมเก้าอี้เกมมิ่ง
1729773200438561576,#เครื่องพ่นไอน้ำ #เครื่องพ่นอโรม่า #เครื่องพ่นไอน้ำอโรม่า | #เครื่องพ่นไอน้ำห้องนอน #เครื่องพ่นอโรม่าไฟ #เครื่องพ่นไอน้ำLED | #เครื่องพ่นไอน้ำรีโมท #เครื่องพ่นไอน้ำเปลวไฟ #เครื่องพ่นอโรม่าราคาถูก
1732525150707877488,#เตียงสองชั้น #เตียงเหล็ก #เตียงแม่ลูก | #เตียงนอนสองชั้น #เตียงเหล็กหอพัก #เตียงเด็ก | #เตียงเหล็กราคาถูก #เฟอร์นิเจอร์ประหยัดพื้นที่ #เตียงแข็งแรง
1734241891053175963,#กล่องเก็บของ #กล่องเก็บของมีล้อ #กล่องเก็บของลิ้นชัก | #กล่องเก็บของเล่น #กล่องจัดระเบียบ #กล่องพลาสติกเก็บของ | #เฟอร์นิเจอร์เก็บของ #กล่องเก็บของเอนกประสงค์ #กล่องเก็บของในห้องนอน
1733174955183671243,#เตียงนอนพับ #เตียงนอนพับได้ #เตียงพับอเนกประสงค์ | #เตียงนอนพับราคาถูก #เตียงนอนพับจัดส่งฟรี #เตียงนอนพับคุณภาพดี | #เตียงนอนพับ3.5ฟุต #เตียงนอนพับ4ฟุต #เตียงนอนพับเก็บได้
1729980795094206773,#เครื่องซีลสุญญากาศ #เครื่องซีลถุง #เครื่องซีลSGE | #เครื่องซีลสุญญากาศขนาดเล็ก #เครื่องซีลถุงสุญญากาศ #เครื่องซีลอาหาร | #เครื่องซีลสุญญากาศครัวเรือน #เครื่องซีลสุญญากาศราคาถูก #เครื่องซีลถุงพลาสติก
1734296915563022114,#พัดลมพกพา #พัดลมคาดเอว #พัดลมโกจิโดค | #พัดลมพกพาคุณภาพดี #พัดลมคาดเอวพกพา #พัดลมไร้สาย | #พัดลมพกพาชาร์จแบต #พัดลมคาดเอวราคาถูก #พัดลมมินิพกพา
1734682789506221878,#พัดลมแขวนเอว #พัดลมพกพา #พัดลมขนาดเล็ก | #พัดลมคาดเอว #พัดลมมินิ #พัดลมไร้ใบพัด | #พัดลมพกพาแบตเตอรี่ #พัดลมแคมป์ปิ้ง #พัดลมพกพาสุดคุ้ม
1732904224855197572,#Powerbank #พาวเวอร์แบงค์ #แบตสำรอง | #Powerbankชาร์จเร็ว #พาวเวอร์แบงค์ของแท้ #แบตสำรองพกพา | #Powerbank200000mah #พาวเวอร์แบงค์ราคาถูก #แบตสำรองความจุเยอะ
1735823811550938640,#เครื่องตัดหญ้า #เครื่องตัดหญ้าไร้สาย #เครื่องตัดหญ้าไฟฟ้า | #เครื่องตัดหญ้าแบตเตอรี่ #อุปกรณ์ทำสวน #เครื่องมือช่างทำสวน | #เครื่องตัดหญ้าพกพา #เครื่องตัดหญ้ารุ่นใหม่ #อุปกรณ์ตัดหญ้า
1735283206433113687,#เลื่อยโซ่ไฟฟ้า #เลื่อยยนต์ไร้สาย #เลื่อยไฟฟ้าDecker | #เลื่อยไฟฟ้า6นิ้ว #เลื่อยโซ่แบตเตอรี่ #เครื่องมือตัดไม้ | #เลื่อยตัดแต่งกิ่ง #เลื่อยไร้สาย #อุปกรณ์ทำสวน
1733444568743249640,#หลอดบีบซอส #หลอดบีบแยม #หลอดบีบท็อปปิ้ง | #อุปกรณ์เบเกอรี่ #หลอดบีบซอสจิ๋ว #ของแต่งหน้าเค้ก | #ปิเปตบีบซอส #หลอดหยดซอส #หลอดบีบซอสรูปหัวใจ
1735329293633685252,#แฮร์พีช #แฮร์พีชหางม้า #แฮร์พีชราคาถูก | #แฮร์พีชไหมนุ่ม #แฮร์พีชเกรดพรีเมียม #แฮร์พีชธรรมชาติ | #แฮร์พีชสวยๆ #แฮร์พีชผมตรง #แฮร์พีชผมลอน
1732383116282332796,#หม้อไฟฟ้า #หม้อไฟฟ้าHANRIVER #กระทะไฟฟ้า | #หม้อไฟฟ้ามินิมอล #หม้อไฟฟ้า2ลิตร #อุปกรณ์ทำอาหาร | #หม้อไฟฟ้าอเนกประสงค์ #หม้อไฟฟ้าทำอาหาร #หม้อต้มไฟฟ้า
1731662915130721307,#เครื่องกำจัดไรฝุ่น #เครื่องกำจัดไรฝุ่นHaier #เครื่องกำจัดไรฝุ่นHSM_Y201 | #เครื่องดูดไรฝุ่น #เครื่องดูดไรฝุ่นHaier #เครื่องดูดไรฝุ่นรุ่นHSM_Y201 | #เครื่องกำจัดไรฝุ่นยอดฮิต #เครื่องดูดไรฝุ่นคุณภาพ #เครื่องกำจัดไรฝุ่นราคาพิเศษ
1735062225298097176,#JoleneSpecialBoxSet #น้ำหอมJolene #เซ็ตน้ำหอม | #น้ำหอมผู้หญิง #น้ำหอมราคาส่ง #รีวิวน้ำหอม | #Joleneน้ำหอม #น้ำหอมกลิ่นหอม #เซ็ตของขวัญ
1730045036583684102,#พระแม่ลักษมี #พระพิฆเนศ #องค์บูชา | #พระแม่ลักษมีพระพิฆเนศ #พระแม่ลักษมีของแท้ #พระพิฆเนศองค์เล็ก | #พระแม่ลักษมีบูชา #พระพิฆเนศบูชา #วัตถุมงคลเสริมดวง
1736434746072270317,#ขวดน้ำหอม #ขวดน้ำหอมพกพา #ขวดแบ่งน้ำหอม | #ขวดน้ำหอมจิ๋ว #ขวดสเปรย์น้ำหอม #อุปกรณ์แบ่งน้ำหอม | #ขวดใส่น้ำหอม #ขวดน้ำหอมพกพาสะดวก #รีวิวน้ำหอม
1732594477215877066,#สเปรย์น้ำหอม #BodyMist #น้ำหอมผู้หญิง | #สเปรย์น้ำหอมติดทน #น้ำหอมกลิ่นหอม #สเปรย์ฉีดตัว | #น้ำหอมราคาส่ง #สเปรย์น้ำหอมLARTISOUL #น้ำหอมยอดฮิต
1732923590888097368,#ตุ๊กตาพระพิฆเนศ #พระพิฆเนศ #บูชาพระพิฆเนศ | #พระพิฆเนศมงคล #พระพิฆเนศนำโชค #พระพิฆเนศประทานพร | #เสริมดวงการเงิน #ของมงคลเสริมดวง #วัตถุมงคลพระพิฆเนศ
1733415637142308139,#เจลเล็บปลอม #เจลติดเล็บปลอม #กาวเจลเล็บปลอม | #เจลติดเล็บสำเร็จรูป #อุปกรณ์ทำเล็บ #เจลแข็งติดเล็บ | #เจลเล็บปลอมคุณภาพ #เจลติดเล็บติดทนนาน #เจลติดเล็บยอดฮิต
1734467363914745442,#รองเท้ายางผู้ชาย #รองเท้าผู้ชายทำงาน #รองเท้าโลฟเฟอร์ | #รองเท้าผู้ชายแบบสวม #รองเท้าหัวเหลี่ยมชาย #รองเท้าผู้ชายทางการ | #รองเท้าผู้ชายแฟชั่น #รองเท้าคัทชูชาย #รองเท้ายางผู้ชายเท่ๆ
1736419450349258525,#ยาสีฟันคอลเกต #ยาสีฟันลดกลิ่นปาก #ยาสีฟันเพื่อสุขภาพเหงือก | #ยาสีฟันคอลเกตแมกซ์เฟรช #ยาสีฟันกลิ่นพีช #ยาสีฟันลมหายใจสดชื่น | #ยาสีฟันตัวดัง #ยาสีฟันขายดี #ยาสีฟันลดแบคทีเรีย
1735664321069221792,#รองเท้ากีฬา #รองเท้าผ้าใบ #รองเท้าโรงเรียน | #รองเท้านักเรียน #รองเท้าขาว #รองเท้าSTARSTEP | #รองเท้าใส่สบาย #รองเท้าแฟชั่น #รองเท้าพละ
1730102900379519317,#พระพิฆเนศวร #พระพิฆเนศ #พระนริสตะยากณปติ | #พระพิฆเนศบูชา #วัตถุมงคล #เสริมดวง | #พระพิฆเนศทองเหลือง #ของขวัญมงคล #บูชาพระพิฆเนศ
1731938535882722083,#COCOSILIYA #น้ำหอมผู้หญิง #น้ำหอมติดทนนาน | #FreeLadyPerfume #น้ำหอมฟลอรัล #น้ำหอมกลิ่นดอกไม้ | #สเปรย์น้ำหอม #น้ำหอมกลิ่นหอมหวาน #น้ำหอมแนะนำ
1729720790846769889,#วิทยุ #วิทยุบลูทูธ #วิทยุพกพา | #วิทยุFM #วิทยุMP3 #วิทยุดิจิตอล | #เครื่องเล่นวิทยุ #วิทยุUSB #วิทยุเสียงดี
1735741079064708473,#ชุดของขวัญน้ำหอม #น้ำหอมผู้หญิง #น้ำหอมแท้ | #ชุดของขวัญ #น้ำหอมติดทนนาน #น้ำหอมหรูหรา | #น้ำหอมแบรนด์ #ชุดน้ำหอม #ของขวัญวันเกิด
1730918409286944952,#ลำโพงบลูทูธ #ลำโพงJMAX #ลำโพงพกพา | #ลำโพงบลูทูธเสียงดี #ลำโพงไร้สาย #ลำโพงมินิมอล | #ลำโพงบลูทูธราคาถูก #ลำโพงบลูทูธแต่งห้อง #เครื่องเสียงพกพา
1731705539971024694,#รองเท้าเซฟตี้ #รองเท้าเซฟตี้ผู้ชาย #รองเท้าหัวเหล็ก | #รองเท้าเซฟตี้ราคาถูก #รองเท้าเซฟตี้แฟชั่น #รองเท้าเซฟตี้กันลื่น | #รองเท้าเซฟตี้ทรงสปอร์ต #รองเท้าเซฟตี้ใส่สบาย #รองเท้าเซฟตี้ชาย
1730357915670907061,#ลำโพงเบส #ลำโพงพกพา #ลำโพงบลูทูธ | #ลำโพงมินิ #ลำโพงไร้สาย #ลำโพงเสียงดี | #ลำโพงราคาถูก #ลำโพงพกพาเสียงดี #ลำโพง3นิ้ว
1734298318031455416,#ลำโพงบลูทูธ #ลำโพงไร้สาย #ลำโพงJMAX | #ลำโพงพกพา #ลำโพงบลูทูธเสียงดี #ลำโพงมินิ | #ลำโพงบลูทูธของแท้ #ลำโพงฟังเพลง #ลำโพงไร้สายพกพา
1729434420377652191,#พัดลมพกพา #พัดลมมินิ #พัดลมตั้งโต๊ะ | #พัดลมพกพาราคาถูก #พัดลมพกพาชาร์จแบต #พัดลมพกพาคุณภาพดี | #พัดลมพกพาขายดี #พัดลมพกพาใช้ดี #พัดลมพกพาของแท้
1733901882292405970,#เครื่องปั่น #เครื่องปั่นน้ำผลไม้ #เครื่องปั่นอเนกประสงค์ | #เครื่องปั่นสมูทตี้ #เครื่องปั่นแรงสูง #เครื่องปั่นทรงพลัง | #blender #juicer #เครื่องปั่นอาหาร
1730011616676449149,#พัดลมตั้งโต๊ะ #พัดลมUSB #พัดลมพกพา | #พัดลมมินิ #พัดลมตั้งโต๊ะขนาดเล็ก #พัดลมประหยัดไฟ | #พัดลมราคาถูก #พัดลมแต่งโต๊ะทำงาน #พัดลมระบายอากาศ
1735902673326868332,#ร่มพับ #ร่มกันแดด #ร่มขนาดใหญ่ | #ร่มพับกันแดด #ร่มกันยูวี #ร่มพกพา | #ร่มกันฝน #ร่มกันแดดกันฝน #ร่มคุณภาพดี
1732650664382269289,#ชุดบล็อกประแจ #ชุดเครื่องมือช่าง #ชุดเครื่องมือช่างอเนกประสงค์ | #เครื่องมือช่างราคาถูก #ชุดบล็อกซ่อมรถ #เครื่องมือช่างครบชุด | #กล่องเครื่องมือช่าง #ชุดประแจ #อุปกรณ์ซ่อมรถยนต์
1731568363070588993,#ลำโพงไร้สาย #ลำโพงบลูทูธ #ลำโพงพกพา | #ลำโพงเสียงดี #ลำโพงมินิ #ลำโพงเบสแน่น | #ลำโพงราคาถูก #ลำโพงคอมพิวเตอร์ #ลำโพงไร้สายV1
1733267058562664149,#พาวเวอร์แบงค์พลังงานแสงอาทิตย์ #พาวเวอร์แบงค์ชาร์จเร็ว #พาวเวอร์แบงค์พกพา | #พาวเวอร์แบงค์กันน้ำ #พาวเวอร์แบงค์โซล่าเซลล์ #พาวเวอร์แบงค์150000mah | #พาวเวอร์แบงค์ของแท้ #พาวเวอร์แบงค์ราคาถูก #พาวเวอร์แบงค์คุณภาพ
1732287157798079431,#ลำโพงบลูทูธM10 #ลำโพงไร้สาย #ลำโพงบลูทูธ | #ลำโพงพกพา #ลำโพงเสียงดี #ลำโพงบลูทูธราคาถูก | #ลำโพงมินิ #ลำโพงคุณภาพ #ลำโพงแต่งบ้าน
1734597829183767926,#ไฟแคมป์ปิ้ง #อุปกรณ์แคมป์ปิ้ง #ไฟเดินป่า | #ไฟแคมป์ปิ้งพลังงานแสงอาทิตย์ #ไฟโซลาร์เซลล์ #ไฟสนาม | #ไฟฉุกเฉิน #อุปกรณ์ฉุกเฉิน #ของมันต้องมี
1729592508853881640,#พัดลมโซลาร์พับได้ #พัดลมพกพา #พัดลมแคมป์ปิ้ง | #พัดลมโซลาร์เซลล์ #พัดลมไร้สาย #พัดลมสนาม | #พัดลมตั้งโต๊ะ #พัดลมโซลาร์ #พัดลมกลางแจ้ง
1731821473291602781,#แหล่งจ่ายไฟสำรองพลังงาน #PowerStationพกพา #โซลาร์เซลล์พกพา | #แบตเตอรี่สำรองแคมป์ปิ้ง #เครื่องปั่นไฟโซลาร์เซลล์ #พาวเวอร์สเตชั่น | #แหล่งจ่ายไฟพลังงานแสงอาทิตย์ #อุปกรณ์ชาร์จไฟพกพา #PowerStationอัจฉริยะ
1731349189670569259,#พัดลมคาดเอว #พัดลมพกพา #พัดลมแคมป์ปิ้ง | #พัดลมคาดเอวแรงๆ #พัดลมคาดเอวราคาถูก #พัดลมคาดเอวDoublepow | #พัดลมคาดเอวทนทาน #พัดลมคาดเอวอึด #พัดลมคาดเอวขายดี
1732109760913443596,#ไม้เซลฟี่ #ขาตั้งกล้อง #JQVITEK | #อุปกรณ์ถ่ายรูป #ไม้เซลฟี่บลูทูธ #ขาตั้งมือถือ | #อุปกรณ์ไลฟ์สด #ขาตั้งกล้องมือถือ #ที่จับมือถือ
1730238069679885011,#เครื่องชาร์จแบตเตอรี่ #ที่ชาร์จถ่าน #เครื่องชาร์จถ่านAA | #เครื่องชาร์จถ่านAAA #ที่ชาร์จถ่านYonii #เครื่องชาร์จถ่านอัจฉริยะ | #ที่ชาร์จถ่านชาร์จ #อุปกรณ์ชาร์จถ่าน #ถ่านชาร์จคุณภาพดี
1731444127936317875,#ไมค์ลอยUHF #ไมค์ลอยไร้สาย #ไมค์ลอยเสียงดี | #ไมค์ร้องเพลง #ไมค์คาราโอเกะ #ไมโครโฟนมือถือ | #ไมโครโฟนHD #ไมค์ลอยราคาถูก #ไมค์blue
1730549777555688147,#Yonii #แบตเตอรี่ #แบตเตอรี่ชาร์จได้ | #ถ่านชาร์จ #ถ่านAA #ถ่านAAA | #ถ่านชาร์จคุณภาพ #แบตเตอรี่NiMH #ถ่านรีชาร์จ
1734155050531784030,#ลำโพงกันน้ำ #ลำโพงบลูทูธ #ลำโพงพกพา | #ลำโพงปาร์ตี้ #ลำโพงไร้สาย #ลำโพงเสียงดี | #ลำโพงX911 #ลำโพงกันน้ำพกพา #ลำโพงบลูทูธราคาถูก
1729447753594538053,#หูฟังเกมมิ่ง #หูฟังหูแมว #หูฟังไร้สาย | #หูฟังบลูทูธ #หูฟังแฟชั่น #หูฟังน่ารัก | #หูฟังราคาถูก #หูฟังมีไฟ #หูฟังยอดฮิต
1729575729829218518,#หูฟังHoco #หูฟังไร้สาย #หูฟังบลูทูธ | #หูฟังครอบหู #หูฟังเสียงดี #หูฟังแฟชั่น | #หูฟังราคาถูก #หูฟังคุณภาพ #หูฟังยอดฮิต
1733729156744382345,#ไมโครโฟนไร้สาย #ไมโครโฟนK9 #ไมค์ไร้สายหนีบเสื้อ | #ไมโครโฟนไลฟ์สด #ไมค์อัดเสียง #ไมค์iPhoneAndroid | #ไมโครโฟนมือถือ #ไมค์ไร้สายราคาถูก #อุปกรณ์อัดเสียง
1730734767761754502,#หม้อหุงข้าว #หม้อหุงข้าวKashiwa #เครื่องใช้ไฟฟ้าในครัว | #หม้อหุงข้าว1.8ลิตร #หม้อหุงข้าวราคาถูก #หม้อหุงข้าวไฟฟ้า | #หม้อหุงข้าวคุณภาพดี #รีวิวหม้อหุงข้าว #ของใช้ในครัว
1731586415702475876,#พัดลม #พัดลม9นิ้ว #พัดลมตั้งโต๊ะ | #พัดลมไฟฟ้า #พัดลมพกพา #พัดลมตั้งโต๊ะขนาดเล็ก | #พัดลมราคาถูก #พัดลมตัวเล็ก #พัดลมมินิมอล
1732188599235217370,#ลำโพงบลูทูธโซล่าร์เซลล์ #ลำโพงบลูทูธพกพา #ลำโพงบลูทูธเสียงดี | #ลำโพงบลูทูธไร้สาย #ลำโพงบลูทูธเบสแน่น #ลำโพงโซล่าร์เซลล์ | #ลำโพงบลูทูธราคาถูก #ลำโพงบลูทูธกลางแจ้ง #ลำโพงบลูทูธลดราคา
1729592537369446750,#ลำโพงบลูทูธ #ลำโพงไร้สาย #ลำโพงพกพา | #ลำโพงกันน้ำ #ลำโพงเบสแน่น #ลำโพงบลูทูธพกพา | #ลำโพงเสียงดี #ลำโพงบลูทูธราคาถูก #ลำโพงไร้สายพกพา
1736428045968114898,#ปลั๊กไฟ #ปลั๊กพ่วง #ปลั๊กเอนกประสงค์ | #ปลั๊กไฟบ้าน #ปลั๊กพ่วงมอก #ปลั๊กไฟได้มาตรฐาน | #ปลั๊กไฟราคาถูก #ปลั๊กพ่วง3ช่อง #ปลั๊กไฟคุณภาพ
1734967141736220318,#ปลั๊กพ่วงบล็อกยาง #ปลั๊กพ่วงสนาม #ปลั๊กพ่วงVCT | #ปลั๊กพ่วงงานช่าง #ปลั๊กพ่วงทนทาน #ปลั๊กพ่วงนิรภัย | #ปลั๊กพ่วง5เมตร #ปลั๊กพ่วง30เมตร #ปลั๊กพ่วงคุณภาพ
1733328554676618270,#ลำโพงบลูทูธ #ลำโพงไร้สาย #ลำโพงพกพา | #ลำโพงบลูทูธราคาถูก #ลำโพงเสียงดี #ลำโพงโซล่าเซลล์ | #ลำโพงบลูทูธรุ่นใหม่ #ลำโพงบลูทูธยอดฮิต #ลำโพงบลูทูธพกพา
1732303258083953273,#พัดลม9นิ้ว #พัดลมเต่าทอง #พัดลมตั้งโต๊ะ | #พัดลมแขวน #พัดลมไฟฟ้า #พัดลมราคาถูก | #พัดลมจิ๋ว #พัดลมมินิมอล #พัดลมตั้งโต๊ะขนาดเล็ก
1733884379724744582,#ชั้นวางของรถเข็น #ชั้นวางของอเนกประสงค์ #ชั้นวางของมีล้อ | #ชั้นวางของพลาสติก #ชั้นวางของมินิมอล #ชั้นวางของจัดระเบียบ | #ชั้นวางของห้องครัว #ชั้นวางของห้องนอน #ชั้นวางของในบ้าน
1730970038553905378,#เก้าอี้โซฟาขี้เกียจ #เก้าอี้เด็กน่ารัก #เก้าอี้แต่งห้องมินิมอล | #เก้าอี้โซฟาเด็ก #เก้าอี้อ่านหนังสือ #เก้าอี้เบาะนุ่ม | #เก้าอี้น่ารัก #เก้าอี้เด็ก #โซฟาขี้เกียจ
1733294393182881635,#ตู้เก็บของอเนกประสงค์ #ชั้นวางของบนโต๊ะ #ชั้นวางอเนกประสงค์ | #ตู้เก็บของไม้ #ชั้นวางของจิ๋ว #ชั้นวางของมินิมอล | #จัดระเบียบโต๊ะ #ตู้เก็บของน่ารัก #ชั้นวางเครื่องเขียน
1730320911450605828,#โคมไฟตั้งโต๊ะ #โคมไฟมินิมอล #โคมไฟหัวเตียง | #โคมไฟแต่งห้อง #โคมไฟวินเทจ #โคมไฟน่ารัก | #โคมไฟอ่านหนังสือ #โคมไฟเกาหลี #โคมไฟกลางคืน
1732023575236937115,#กล่องเก็บของ #กล่องเก็บของโซฟา #กล่องเก็บของหนัง | #กล่องเก็บของอเนกประสงค์ #กล่องเก็บของพับได้ #กล่องเก็บของแต่งบ้าน | #กล่องเก็บของมินิมอล #กล่องเก็บของราคาถูก #กล่องเก็บของห้องนั่งเล่น
1731159727443642966,#เครื่องตัดหญ้าไร้สาย #เครื่องตัดหญ้าไฟฟ้า #เครื่องตัดหญ้ามินิ | #เครื่องตัดหญ้า12v #เครื่องตัดหญ้าแบตเตอรี่ #ที่ตัดหญ้าไร้สาย | #เครื่องตัดหญ้าแบบชาร์จ #กรรไกรตัดหญ้าไร้สาย #ที่ตัดหญ้าพกพา
1733855303948535570,#กล่องเก็บของพับได้ #กล่องเก็บของมินิมอล #กล่องเก็บของอเนกประสงค์ | #ตู้เก็บของพับได้ #ตู้เก็บของมินิมอล #ตู้เก็บของอเนกประสงค์ | #ชั้นวางของพับได้ #ชั้นวางของมินิมอล #ชั้นวางของอเนกประสงค์
1735497687624484382,#หมวกกันน็อครุ่น111 #หมวกกันน็อค2026 #หมวกกันน็อคดีไซน์ใหม่ | #หมวกกันน็อคเลนส์ซ่อน #หมวกกันน็อคunisex #หมวกกันน็อคแข็งแรง | #หมวกกันน็อคยอดนิยม #หมวกกันน็อคสวยๆ #หมวกกันน็อคขายดี
1733280150088221801,#ตู้เก็บของ #ตู้เก็บของพับได้ #ตู้เก็บของมินิมอล | #ตู้เก็บของมีล้อ #ตู้เก็บของหลายชั้น #ตู้เก็บของจัดระเบียบ | #ตู้เก็บของโปร่งใส #ตู้เก็บของราคาถูก #ตู้เก็บของอเนกประสงค์
1731501853875340545,#รองเท้าผ้าใบผู้ชาย #รองเท้าผ้าใบสีขาว #รองเท้าแฟชั่นชาย | #รองเท้ากีฬาผู้ชาย #รองเท้าลำลองชาย #รองเท้าผ้าใบเท่ๆ | #รองเท้าผ้าใบเกาหลี #รองเท้าผ้าใบราคาถูก #รองเท้าผู้ชายพร้อมส่ง
1733777846956230620,#รองเท้าบูทมาร์ติน #รองเท้าบูทชาย #รองเท้าแฟชั่นชาย | #รองเท้าผู้ชายเท่ๆ #รองเท้าบูทลุยๆ #รองเท้าผู้ชายวินเทจ | #รองเท้าบูทข้อสั้น #รองเท้าบูทเดินป่า #รองเท้าผู้ชายพร้อมส่ง
1730589546983230038,#โซ่เลื่อยยนต์ #บาร์เลื่อยยนต์ #โซ่เลื่อย6นิ้ว | #บาร์เลื่อย6นิ้ว #ชุดบาร์เลื่อยโซ่ #อะไหล่เลื่อยโซ่ | #โซ่บาร์เลื่อย #เลื่อยโซ่ยนต์ #โซ่เลื่อยไฟฟ้า
1730217766280464769,#กล่องเครื่องมือ #กล่องเก็บอุปกรณ์ #กล่องเครื่องมือช่าง | #กล่องเหล็กเก็บของ #กล่องเครื่องมือพกพา #กล่องเครื่องมือช่างเหล็ก | #กล่องใส่อุปกรณ์ #กล่องเก็บเครื่องมือ #กล่องเครื่องมือราคาถูก
1734210055637271832,#กล่องเครื่องมือพลาสติก #กล่องเครื่องมือCOSA #กล่องเก็บอุปกรณ์ช่าง | #กล่องเครื่องมือพกพา #กล่องใส่เครื่องมือ #กล่องเก็บของเอนกประสงค์ | #กล่องเครื่องมือช่าง #กล่องพลาสติกเอนกประสงค์ #กล่องเก็บอุปกรณ์
1732939439102854668,#พัดลมเทอร์โบเจ็ท #พัดลมเทอร์โบเจ็ทขนาดเล็ก #เครื่องเป่าลม | #เครื่องเป่าลมพกพา #เครื่องเป่าลมแรงสูง #เครื่องเป่าลมไร้สาย | #พัดลมเจ็ท #เครื่องเป่าลมไฟฟ้า #อุปกรณ์ทำความสะอาด
1731957323573200713,#เครื่องเป่าลม #เครื่องเป่าลมไร้สาย #เครื่องเป่าลมไฟฟ้า | #โบเวอร์เป่าลม #ที่เป่าลม #เครื่องเป่าลมพกพา | #เครื่องเป่าลมแรงดันสูง #เครื่องเป่าลมแรงๆ #เครื่องเป่าลมเอนกประสงค์
1734463458842084882,#พัดลมไฟฟ้า #พัดลมตั้งพื้น #พัดลม16นิ้ว | #พัดลมรีโมท #พัดลมเสียงเงียบ #พัดลมประหยัดไฟ | #พัดลมราคาถูก #พัดลมคุณภาพดี #พัดลมมินิมอล
1734174329696913185,#Soulorjumpstarter #จั้มสตาร์ทรถยนต์ #อุปกรณ์ฉุกเฉินรถยนต์ | #เครื่องจั๊มสตาร์ทรถยนต์ #แบตเตอรี่สำรองรถยนต์ #ที่จั๊มแบตรถยนต์ | #จั้มสตาร์ทรถยนต์พกพา #เครื่องช่วยสตาร์ทรถยนต์ #จั๊มสตาร์ทคุณภาพสูง
1730022316092983405,#หัวชาร์จชาร์จเร็ว #หัวชาร์จมือถือ #หัวชาร์จของแท้ | #สายชาร์จ3in1 #สายชาร์จเร็ว #สายชาร์จทุกรุ่น | #ชุดหัวชาร์จ #หัวชาร์จ240W #อุปกรณ์ชาร์จมือถือ
1733004774547425252,#ไฟติดผนังพลังงานแสงอาทิตย์ #ไฟโซล่าเซลล์ #ไฟติดผนัง | #ไฟติดผนังอัตโนมัติ #ไฟโซล่าเซลล์ติดผนัง #โคมไฟติดผนังโซล่าเซลล์ | #ไฟโซล่าเซลล์สว่าง #ไฟติดผนังนอกบ้าน #ไฟโซล่าเซลล์กันน้ำ
1730551811669919889,#ประแจ #ประแจแรทเชท #ประแจขันน็อต | #เครื่องมือช่าง #ชุดเครื่องมือช่าง #อุปกรณ์ซ่อมรถ | #ประแจไขควง #ประแจมินิ #ประแจหกเหลี่ยม
1733931531707319543,#สายยางดูดน้ำมัน #ที่ดูดน้ำมัน #อุปกรณ์ถ่ายน้ำมัน | #สายยางดูดน้ำมันมือบีบ #ที่สูบน้ำมัน #ปั๊มดูดน้ำมัน | #สายยางดูดน้ำมันเอนกประสงค์ #อุปกรณ์ถ่ายน้ำมันรถยนต์ #สายดูดน้ำมันพกพา
1732668878676395453,#ไฟฉายLED #ไฟฉายแรงสูง #ไฟฉายชาร์จได้ | #ไฟฉายกันน้ำ #ไฟฉายพกพา #ไฟฉายเดินป่า | #ไฟฉายสว่างมาก #ไฟฉายอเนกประสงค์ #ไฟฉายตั้งแคมป์
1732254821490984224,#ไขควงสว่านไฟฟ้า #สว่านไฟฟ้าไร้สาย #ไขควงไฟฟ้า | #เครื่องมือช่างไฟฟ้า #สว่านแบตเตอรี่ #ไขควงกระแทก | #สว่านเจาะไม้ #ไขควงไร้สาย #อุปกรณ์ช่างทนทาน
1731456022434841916,#กล้องวงจรปิดติดนอกบ้าน #กล้องวงจรปิดwifi #กล้องวงจรปิด4g | #กล้องวงจรปิดไร้สาย #กล้องวงจรปิดภายนอก #กล้องวงจรปิดดูผ่านมือถือ | #กล้องวงจรปิดกันน้ำ #กล้องวงจรปิดcctv #กล้องวงจรปิดราคาถูก
1730387235807791893,#สายยางTAIXING #สายยาง4หุน #สายยางเด้ง | #สายยางคุณภาพ #สายยางทนทาน #สายยางอเนกประสงค์ | #สายยางพร้อมหัวฉีด #สายยางรดน้ำต้นไม้ #สายยางล้างรถ
1732912113000219845,#โซฟาเป่าลม #โซฟา #เฟอร์นิเจอร์แต่งบ้าน | #โซฟาพกพา #เก้าอี้เป่าลม #โซฟามินิมอล | #โซฟากลางแจ้ง #โซฟาเป่าลมราคาถูก #โซฟาพับได้
1731206077815293956,#โซฟาเป่าลม #โซฟาพองลม #โซฟาสูบลม | #โซฟาห้องนั่งเล่น #โซฟาเกรดพรีเมียม #โซฟาพกพา | #เบาะเป่าลม #เบาะพองลม #เบาะสูบลม
1730401934161709658,#กล่องเครื่องมือ #กล่องเครื่องมือเหล็ก #กล่องเก็บอุปกรณ์ช่าง | #กล่องเครื่องมือช่าง #ToolBox #กล่องเก็บเครื่องมือ | #กล่องเหล็กเก็บของ #อุปกรณ์ช่าง #กล่องช่าง
1732714074454000981,#แก้วเก็บความเย็น #แก้วเก็บอุณหภูมิ #แก้วสแตนเลส | #แก้วน้ำ30oz #แก้วเก็บความเย็นของแท้ #แก้วเยติ | #แก้วน้ำน่ารัก #แก้วเก็บร้อนเย็น #แก้วสแตนเลส304
1735611342535493181,#แก้วเก็บน้ำร้อน #แก้วเก็บอุณหภูมิ #แก้วสแตนเลส | #แก้วน้ำน่ารัก #แก้วเก็บความเย็น #แก้วมินิมอล | #แก้วพกพา #แก้วน้ำสวยๆ #แก้วหัดดื่ม
1731857249793705063,#แก้วเก็บความเย็น #แก้วสแตนเลส #แก้วเก็บอุณหภูมิ | #แก้วGUCGRES #แก้วมินิมอล #แก้วพกพา | #แก้วน่ารัก #แก้วพร้อมหลอด #แก้ว316
1734719519180031652,#โคมไฟพลังงานแสงอาทิตย์ #โคมไฟโซลาร์เซลล์ #ไฟสปอร์ตไลท์โซล่าเซลล์ | #ไฟแต่งสวนโซล่าเซลล์ #ไฟส่องสว่างกลางแจ้ง #โคมไฟกันน้ำ | #ไฟโซล่าเซลล์ราคาถูก #ไฟโซล่าเซลล์ออโต้ #โคมไฟพลังงานแสงอาทิตย์5000วัตต์
1731348008480113873,#ไฟโซล่าเซลล์ #ไฟโซล่าเซลล์สปอร์ตไลท์ #ไฟโซล่าเซลล์กันน้ำ | #ไฟโซล่าเซลล์ราคาถูก #ไฟโซล่าเซลล์สว่างมาก #ไฟโซล่าเซลล์จัดส่งฟรี | #ไฟโซล่าเซลล์พร้อมรีโมท #ไฟโซล่าเซลล์ติดตั้งง่าย #ไฟโซล่าเซลล์พลังงานแสงอาทิตย์
1730236627683281619,#YoniiN4 #เครื่องชาร์จแบตเตอรี่ #เครื่องชาร์จถ่าน | #เครื่องชาร์จถ่านAA #เครื่องชาร์จถ่านAAA #ที่ชาร์จถ่านชาร์จ | #Yonii #เครื่องชาร์จนิเกิล #อุปกรณ์ชาร์จแบต
1729655393628031595,#พัดลมยืดไสลด์ #พัดลมพับได้ #พัดลมตั้งโต๊ะ | #พัดลมตั้งพื้น #พัดลมพกพา #พัดลมUSB | #พัดลมมินิ #พัดลมชาร์จไฟ #พัดลม8นิ้ว
1731586575934064306,#เครื่องดูดฝุ่นมือถือ #เครื่องดูดฝุ่นKASHIWA #เครื่องดูดฝุ่นราคาถูก | #เครื่องดูดฝุ่นในบ้าน #เครื่องดูดฝุ่นพลังสูง #เครื่องดูดฝุ่นทุ่นแรง | #เครื่องดูดฝุ่นฝุ่นเยอะ #เครื่องดูดฝุ่นทำความสะอาด #เครื่องดูดฝุ่นไร้ฝุ่น
1729639207920503098,#เตาย่างไฟฟ้า #เตาย่างเชิงพาณิชย์ #เตาย่างบาร์บีคิว | #เตาย่างไร้ควัน #เตาย่างสแตนเลส #เตาย่างปิ้งย่าง | #เตาย่างไฟฟ้า3200W #เตาย่างร้านอาหาร #เตาย่างไฟฟ้าอุตสาหกรรม
1731855996507883003,#เครื่องดูดฝุ่น #เครื่องดูดฝุ่นอุตสาหกรรม #เครื่องดูดฝุ่นราคาถูก | #เครื่องดูดฝุ่นแห้งเปียก #เครื่องดูดฝุ่นพลังสูง #เครื่องดูดฝุ่นทนทาน | #เครื่องดูดฝุ่นในบ้าน #เครื่องดูดฝุ่นล้างรถ #อุปกรณ์ทำความสะอาด
1732718929300456679,#หุ่นยนต์ดูดฝุ่น #Asaki #เครื่องดูดฝุ่นอัตโนมัติ | #หุ่นยนต์ดูดฝุ่นราคาถูก #เครื่องดูดฝุ่นหุ่นยนต์ #หุ่นยนต์ทำความสะอาด | #อุปกรณ์ทำความสะอาดบ้าน #หุ่นยนต์ดูดฝุ่นถูพื้น #หุ่นยนต์ดูดฝุ่นAsaki
1732120576600147091,#เครื่องดูดฝุ่นแบบใช้มือถือ #เครื่องดูดฝุ่นไร้สาย #เครื่องดูดฝุ่นพกพา | #เครื่องดูดฝุ่น20v #เครื่องดูดฝุ่นแบตเตอรี่ #เครื่องดูดฝุ่นพลังสูง | #เครื่องดูดฝุ่นอุตสาหกรรม #เครื่องดูดฝุ่นช่าง #เครื่องดูดฝุ่นงานไม้
1729698961846995827,#เครื่องอโรม่า #เครื่องพ่นไอน้ำ #เครื่องพ่นอโรม่า | #เครื่องอโรม่าV19 #เครื่องพ่นไอน้ำ300ml #เครื่องพ่นอโรม่าทรงภูเขาไฟ | #เครื่องอโรม่าลดราคา #เครื่องพ่นไอน้ำแต่งบ้าน #เครื่องพ่นอโรม่าสปา
1734805919267194630,#พัดลมแบตเตอรี่ #พัดลมไร้สาย #MaybuckJapan | #พัดลมแคมป์ปิ้ง #พัดลมพกพา #พัดลมไร้สายพกพา | #พัดลม8นิ้ว #พัดลม12นิ้ว #พัดลมไร้สายแรงๆ
1732030245321475526,#พัดลมโซล่าเซลล์ #พัดลมโซล่าเซลล์12นิ้ว #พัดลมโซล่าเซลล์ราคาถูก | #พัดลมตั้งพื้นโซล่าเซลล์ #พัดลมพลังงานแสงอาทิตย์ #พัดลมพกพาโซล่าเซลล์ | #พัดลมโซล่าเซลล์พร้อมแผง #พัดลมแคมป์ปิ้ง #พัดลมโซล่าเซลล์น่าใช้
1731768010815211989,#กระทะไฟฟ้า #กระทะไฟฟ้าอเนกประสงค์ #กระทะไฟฟ้ามินิ | #กระทะไฟฟ้าทำอาหาร #กระทะไฟฟ้าทำกับข้าว #เครื่องใช้ไฟฟ้าในครัว | #กระทะผัด #กระทะย่าง #กระทะทอด
1731064494289160394,#เครื่องฟอกอากาศ #เครื่องฟอกอากาศในบ้าน #เครื่องฟอกอากาศพกพา | #เครื่องดับกลิ่น #เครื่องดับกลิ่นอัตโนมัติ #เครื่องกำจัดกลิ่น | #เครื่องกรองอากาศ #เครื่องกรองอากาศpm2.5 #เครื่องกรองอากาศราคาถูก
1734564647579256294,#เครื่องปั่นอเนกประสงค์ #เครื่องปั่นJOYVivre #เครื่องปั่นน้ำผลไม้ | #เครื่องปั่นราคาถูก #เครื่องปั่นสมูทตี้ #เครื่องปั่นอาหาร | #เครื่องปั่นคุณภาพดี #เครื่องปั่นพกพา #เครื่องปั่นในครัว
1729619668025247776,#พัดลมตั้งพื้น #พัดลม16นิ้ว #พัดลมราคาถูก | #พัดลมปรับระดับ #พัดลมส่ายได้ #พัดลมตั้งโต๊ะ | #พัดลมคุณภาพดี #พัดลมพร้อมส่ง #พัดลมหน้าร้อน
1731866105727453662,#แอร์เคลื่อนที่ #แอร์ksrain #ขายแอร์เคลื่อนที่ | #แอร์บ้านเคลื่อนที่ #แอร์เคลื่อนที่เย็นเร็ว #เครื่องปรับอากาศเคลื่อนที่ | #แอร์เคลื่อนที่เสียงเบา #แอร์เคลื่อนที่24000BTU #แอร์พกพา
1733044670845060827,#พัดลมอุตสาหกรรมสแตนเลส #พัดลมอุตสาหกรรมราคาถูก #พัดลมอุตสาหกรรมโรงงาน | #พัดลมอุตสาหกรรม400w #พัดลมระบายอากาศ #พัดลมฟาร์ม | #พัดลมโรงเก็บสินค้า #พัดลมคลังสินค้า #พัดลมโรงงานอาหาร
1734706959511815524,#พัดลมพลังงานแสงอาทิตย์ #พัดลมโซล่าเซลล์ #พัดลมพกพา | #พัดลมแคมป์ปิ้ง #พัดลมตั้งโต๊ะ #พัดลมชาร์จไฟ | #พัดลมประหยัดไฟ #พัดลมโซลาร์ #พัดลมขนาด6นิ้ว
1732192873907849623,#เครื่องปั่น #เครื่องปั่นผลไม้ #เครื่องปั่นน้ำผลไม้ | #เครื่องปั่นพลังสูง #เครื่องปั่นเอนกประสงค์ #เครื่องปั่นบด | #เครื่องปั่นSilverCrest #เครื่องปั่นน้ำแข็ง #เครื่องปั่นคุณภาพดี
1734918912715294718,#ชั้นวางของ #กล่องใส่เครื่องปรุง #กล่องใส่เครื่องเทศ | #ชั้นวางเครื่องปรุง #ที่เก็บเครื่องเทศ #กล่องจัดระเบียบ | #ชั้นวางของติดผนัง #กล่องใส่เครื่องปรุงครัว #อุปกรณ์จัดเก็บในครัว
1733989014732441124,#ตู้เก็บอาหาร #ที่เก็บอาหาร #ชั้นเก็บอาหาร | #ตู้กับข้าว #ฝาครอบอาหาร #กล่องเก็บอาหาร | #ชั้นวางอาหาร #ตู้เก็บของในครัว #ที่ครอบอาหาร
1732185958969345133,#ครกเซรามิก #ครกบดยา #ครกตำหมาก | #ครกเซรามิกมินิมอล #อุปกรณ์บดอาหาร #เครื่องครัวเซรามิก | #ครกใส่เครื่องปรุง #ครกอเนกประสงค์ #ครกน่ารัก
1733399466912024212,#หม้อไฟฟ้าอเนกประสงค์ #หม้อไฟฟ้ามินิมอล #หม้อไฟฟ้าทำอาหาร | #หม้อไฟฟ้าไม่ติดกระทะ #หม้อไฟฟ้าคอนโด #หม้อไฟฟ้าพกพา | #หม้อไฟฟ้าทำกับข้าว #หม้อไฟฟ้าชาบู #หม้อไฟฟ้าอัจฉริยะ
1735706191671100448,#กระทะเคลือบ #กระทะไม่ติด #กระทะเทฟล่อน | #กระทะก้นลึก #กระทะทำอาหาร #เครื่องครัวราคาถูก | #กระทะคุณภาพดี #กระทะใช้กับเตาทุกประเภท #กระทะทำอาหารอร่อย
1731152798849665591,#เตาแก๊สพกพา #เตาแก๊สปิคนิค #เตาแก๊สเดินป่า | #เตาแก๊สแคมป์ปิ้ง #อุปกรณ์แคมป์ปิ้ง #เตาแก๊สกระป๋อง | #เตาปิคนิคพกพา #เตาแก๊สพกพา3.5kw #อุปกรณ์ทำอาหารแคมป์ปิ้ง
1730132251987315131,#ที่นอนในรถ #เบาะนอนในรถ #ที่นอนในรถยนต์ | #ที่นอนเบาะหลังรถยนต์ #ที่นอนเป่าลมในรถ #ที่นอนเป่าลมในรถยนต์ | #เบาะเป่าลมในรถ #ที่นอนรถยนต์ #ที่นอนเดินทาง
1731220218220808762,#พัดลม16นิ้ว #พัดลมตั้งพื้น #พัดลมปรับระดับได้ | #พัดลมราคาถูก #พัดลมประหยัดไฟ #พัดลมไฟฟ้า | #พัดลมคุณภาพดี #พัดลมแรง #พัดลมมินิมอล
1735896629208450131,#เตาแก๊สปิคนิค #เตาแก๊สพกพา #เตาแก๊สกระป๋อง | #เตาแก๊สแคมป์ปิ้ง #อุปกรณ์แคมป์ปิ้ง #เตาเดินป่า | #เตาแก๊สปิคนิคพกพา #เตาแก๊สออกทริป #เตาแก๊สทำอาหาร
1731233707418682373,#ขาตั้งบลูทูธ #ขาตั้งมือถือ #ขาตั้งลำโพง | #ขาตั้งมัลติฟังก์ชั่น #ขาตั้งโทรศัพท์ #อุปกรณ์มือถือ | #ขาตั้งโต๊ะ #ขาตั้งดูหนัง #Gadgetน่าใช้
1731356348205205444,#เครื่องปั่นผลไม้ #เครื่องปั่นน้ำผลไม้ #เครื่องปั่นราคาถูก | #เครื่องปั่นอเนกประสงค์ #เครื่องปั่นสมูทตี้ #เครื่องปั่นน้ำแข็ง | #เครื่องปั่นยี่ห้อไหนดี #เครื่องปั่นอาหาร #blenderราคาถูก
1729665721855019623,#หม้อนึ่งข้าวเหนียวไฟฟ้า #หม้อนึ่งไฟฟ้า #หม้อนึ่งข้าวเหนียว | #หม้อนึ่งสแตนเลส #หม้อนึ่ง2ลิตร #หม้อนึ่งเอนกประสงค์ | #หม้อนึ่งทำอาหาร #อุปกรณ์ครัว #หม้อนึ่งอาหาร
1731184360251425842,#พรมปูพื้นรถยนต์ #ยางปูพื้นรถยนต์ #แผ่นปูพื้นรถยนต์ | #อุปกรณ์แต่งรถ #ของแต่งรถยนต์ #ชุดพรมปูพื้น | #พรมรถยนต์LEOMAX #พรมปูพื้นรถ #อุปกรณ์ดูแลรถ
1732136406908111793,#พรมกันเปื้อน #พรมปูรถยนต์ #แต่งรถยนต์ | #พรมรถยนต์ราคาถูก #พรมรถยนต์5ชิ้น #อุปกรณ์แต่งรถ | #พรมปูพื้นรถทุกรุ่น #พรมรถยนต์สวยๆ #ของแต่งรถ
1732331531412604122,#ANTBOXตู้เสื้อผ้า #ตู้เสื้อผ้าพับได้ #ตู้เสื้อผ้าประหยัดพื้นที่ | #ตู้เสื้อผ้าบานเลื่อน #ตู้เสื้อผ้าแข็งแรง #ตู้เสื้อผ้าขนาดใหญ่ | #ตู้เสื้อผ้าห้องนอน #ตู้เสื้อผ้าสีขาว #ตู้เสื้อผ้าพลาสติก
1730833741618383160,#พาวเวอร์แบงค์Remax #พาวเวอร์แบงค์20000mAh #พาวเวอร์แบงค์ชาร์จเร็ว | #พาวเวอร์แบงค์ของแท้ #พาวเวอร์แบงค์ขึ้นเครื่อง #พาวเวอร์แบงค์พกพา | #พาวเวอร์แบงค์สายในตัว #พาวเวอร์แบงค์ชาร์จไว #พาวเวอร์แบงค์Remaxแท้
1730649731415378016,#กระเป๋าสะพายข้างผู้ชาย #กระเป๋าสะพายจิงโจ้ #กระเป๋าแฟชั่นชาย | #กระเป๋าทรงเมสเซนเจอร์ #กระเป๋าผู้ชายเท่ๆ #กระเป๋าสะพายข้างไทย | #กระเป๋าใส่ของได้เยอะ #กระเป๋าแบรนด์ไทย #กระเป๋าทรงกล่อง
1734945715684410434,#iMIPowerbank #พาวเวอร์แบงค์แม่เหล็ก #พาวเวอร์แบงค์ชาร์จเร็ว | #แบตสำรองพกพา #พาวเวอร์แบงค์ไร้สาย #แบตสำรองของแท้ | #พาวเวอร์แบงค์ขึ้นเครื่องได้ #ที่ชาร์จแบตสำรอง #อุปกรณ์ชาร์จมือถือ
1731948791260809528,#พาวเวอร์แบงค์ #พาวเวอร์แบงค์Remax #พาวเวอร์แบงค์10000mah | #แบตสำรอง #แบตสำรองRemax #แบตสำรองพกพา | #แบตสำรองชาร์จไร้สาย #พาวเวอร์แบงค์ไอโฟน #พาวเวอร์แบงค์ขึ้นเครื่อง
1729935309087411103,#นาฬิกาผู้ชาย #FOXBOX #นาฬิกาข้อมือ | #นาฬิกาแฟชั่น #นาฬิกาเท่ๆ #นาฬิกาสวยๆ | #นาฬิกาข้อมือชาย #นาฬิกาผู้ชายเท่ๆ #นาฬิกาข้อมือแฟชั่น
1732791605163296167,#พัดลมมือถือ #พัดลมพกพา #พัดลมมินิ | #พัดลมมือถือYodevoe #พัดลมพกพาชาร์จแบต #พัดลมพกพาแรงๆ | #พัดลมมือถือปรับระดับได้ #พัดลมพกพารุ่นใหม่ #พัดลมมือถือจอดิจิตอล
1733590192753575335,#พัดลมมือถือ #พัดลมพกพา #พัดลมมินิ | #พัดลมพกพาไร้สาย #พัดลมถือ #พัดลมขนาดเล็ก | #พัดลมYodevoe #พัดลมพกพาราคาถูก #พัดลมพกพาจิ๋ว
1732847065882985895,#พัดลมมือถือ #พัดลมพกพา #พัดลมจิ๋ว | #พัดลมพกพาแรงๆ #พัดลมมือถือชาร์จไฟ #พัดลมมินิ | #พัดลมพกพาพับได้ #พัดลมพกพาไร้สาย #พัดลมพกพาปรับความเร็ว
1729621916861696622,#นาฬิกาLED #นาฬิกาแฟชั่น #นาฬิกาข้อมือ | #นาฬิกาวินเทจ #นาฬิกาดิจิตอล #นาฬิกาสายเหล็ก | #นาฬิกาผู้ชาย #นาฬิกาผู้หญิง #นาฬิกาฮิต
1730501534854974384,#มีดโกนหนวด #มีดโกนหนวดMax #ใบมีดโกน | #มีดโกนราคาถูก #มีดโกน3ใบมีด #ชุดมีดโกน | #มีดโกนใช้ดี #มีดโกนผู้ชาย #มีดโกนคุณภาพ
1730377475820194223,#นาฬิกากันน้ำ #นาฬิกาSMAEL #นาฬิกาผู้ชาย | #นาฬิกาแฟชั่น #นาฬิกาสปอร์ต #นาฬิกาเท่ๆ | #นาฬิกาเกาหลี #นาฬิกาดิจิทัล #นาฬิกาข้อมือผู้ชาย
1730267156861257748,#นาฬิกาLASIKA #นาฬิกาสปอร์ต #นาฬิกาข้อมือ | #นาฬิกาแฟชั่น #นาฬิกาดิจิตอล #นาฬิกากันน้ำ | #นาฬิกาผู้ชาย #นาฬิกาผู้หญิง #นาฬิกาข้อมือชาย
1732150119234438582,#เข็มขัดหนังPU #เข็มขัดผู้ชาย #เข็มขัดหนัง | #เข็มขัดอัตโนมัติ #เข็มขัดทำงาน #เข็มขัดแฟชั่น | #เข็มขัดนักธุรกิจ #เข็มขัดเท่ๆ #เข็มขัดราคาถูก
1730426633462188344,#แปรงสีฟัน #แปรงสีฟันยกโหล #แปรงสีฟันราคาถูก | #แปรงสีฟันราคาส่ง #แปรงสีฟันขนนุ่ม #แปรงสีฟันคุณภาพดี | #แปรงสีฟันยกกล่อง #แปรงสีฟันจัดเซต #แปรงสีฟันคุ้มค่า
1733520378956973176,#หม้อสแตนเลส #หม้อทำอาหาร #เครื่องครัวสแตนเลส | #หม้ออเนกประสงค์ #หม้อต้มมาม่า #หม้อทำกับข้าว | #หม้อราคาถูก #อุปกรณ์ทำอาหาร #เครื่องครัวครบชุด
1731544490261776772,#หม้อไฟ #หม้อต้มยำ #หม้อจิ้มจุ่ม | #หม้อไฟสแตนเลส #หม้อต้มยำสแตนเลส #หม้อจิ้มจุ่มสแตนเลส | #หม้อไฟราคาถูก #หม้อต้มยำสแตนเลสแท้ #อุปกรณ์ทำอาหาร
1735612117613184605,#ปิ๊งปิ๊งแอสตร้าบลิ้งค์ #คอลลาเจนผิวขาว #วิตามินผิวใส | #รีวิวปิ๊งปิ๊ง #อาหารเสริมผิว #แอสตร้าบลิ้งค์ของแท้ | #ผิวสวยสุขภาพดี #อาหารเสริมคอลลาเจน #ปิ๊งปิ๊งแอสตร้า
1732528234994697658,#เครื่องปั่นอเนกประสงค์ #เครื่องปั่นน้ำผลไม้ #เครื่องปั่นราคาถูก | #เครื่องปั่นทรงพลัง #เครื่องปั่นสมูทตี้ #เครื่องปั่นคุณภาพดี | #เครื่องปั่นอาหาร #เครื่องปั่นของแท้ #เครื่องปั่นอเนกประสงค์ลดราคา
1736045237202683809,#แหวนคู่ #แหวนเงินแท้ #แหวนMoissanite | #แหวนหมั้น #แหวนแต่งงาน #แหวนของขวัญ | #แหวนปรับไซส์ได้ #เครื่องประดับแฟชั่น #แหวนเงิน
1731836644327524091,#เครื่องปั่นอเนกประสงค์ #เครื่องปั่น #เครื่องบด | #เครื่องบดอาหาร #เครื่องบดสับอาหาร #เครื่องปั่นอาหาร | #เครื่องบดพริก #เครื่องปั่นพกพา #เครื่องบดเนื้อ
1736296754103617441,#แป้งคอนทัวร์ #แป้งคอนทัวร์หน้า #คอนทัวร์ใบหน้า | #เครื่องสำอาง #เครื่องสำอางราคาถูก #เครื่องสำอางรีวิว | #แป้งคอนทัวร์สวย #เมคอัพ #แต่งหน้าสวย
1733383726208091307,#V8ลำโพงบลูทูธ #ลำโพงบลูทูธไร้สาย #ลำโพงV8 | #ลำโพงบลูทูธเท่ๆ #ลำโพงเบสหนัก #ลำโพงพกพาเสียงดี | #ลำโพงบลูทูธCyberpunk #ลำโพงTWS #ลำโพงซับวูฟเฟอร์
1733237022277994223,#กล่องเก็บของในตู้เย็น #กล่องแบ่งอาหาร #กล่องปิกนิก | #กล่องเก็บผลไม้ #กล่องสแตนเลส #กล่องถนอมอาหาร | #กล่องใส่อาหาร #กล่องเก็บของ #กล่องสแตนเลสเก็บอาหาร
1729803980906727927,#Powerbank #พาวเวอร์แบงค์ #แบตสำรอง | #Powerbankความจุเยอะ #พาวเวอร์แบงค์ราคาถูก #แบตสำรองของแท้ | #Powerbankชาร์จเร็ว #พาวเวอร์แบงค์พกพา #แบตสำรองคุณภาพดี
1732208255090197683,#เครื่องครัว #ชุดเครื่องครัว #เครื่องครัวซิลิโคน | #อุปกรณ์ทำอาหาร #ของใช้ในครัว #เครื่องครัวด้ามไม้ | #ชุดอุปกรณ์ทำอาหาร #อุปกรณ์ครัวน่ารัก #ชุดเครื่องครัว12ชิ้น
1736384709887296728,#ชุดช้อนส้อมฟางข้าวสาลี #ชุดช้อนส้อม16ชิ้น #ชุดช้อนส้อมสำหรับบ้าน | #เซตจานชามราคาถูก #เครื่องครัวมินิมอล #ชุดทานอาหารครบเซต | #ของใช้ในครัวน่ารัก #ชุดภาชนะรักษ์โลก #อุปกรณ์ทานอาหาร
1735559139450389774,#ชุดจานพลาสติก #จานพลาสติก #จานลายไม้ | #ชุดจานลายไม้ #จานสไตล์ญี่ปุ่น #จานอาหาร | #จานพลาสติกราคาถูก #จานอาหารญี่ปุ่น #จานจัดโต๊ะอาหาร
1735314992255501477,#ชุดมีดญี่ปุ่น #ชุดมีดทำครัว #ชุดมีดตัด | #ชุดมีดเชฟ #ชุดมีดสแตนเลส #ชุดมีดทำอาหาร | #ชุดมีดครบชุด #อุปกรณ์ทำครัว #อุปกรณ์ประกอบอาหาร
1731768060606253074,#จานเซรามิค #ชามเซรามิค #ถ้วยเซรามิค | #จานชามญี่ปุ่น #ชุดจานชาม #จานมินิมอล | #จานชามราคาถูก #อุปกรณ์ครัว #ชุดอาหาร
1735578117459904171,#ชุดจานคายกระดูก #จานใส่ของทานเล่น #จานจัดปาร์ตี้ | #จานใส่อาหาร #ชุดจานชามสวย #จานใส่มินิมอล | #จานวางเศษอาหาร #อุปกรณ์จัดโต๊ะอาหาร #ของใช้ในครัว
1730513292248975488,#แก้วน้ำ #แก้วน้ำพลาสติก #แก้วทรงสูง | #แก้วน้ำสีพาสเทล #แก้วน้ำยกแพ็ค #แก้วน้ำราคาถูก | #แก้วน้ำร้านอาหาร #แก้วน้ำปาร์ตี้ #แก้วน้ำพกพา
1733050945077347553,#ชุดมีด #ชุดมีดทำครัว #อุปกรณ์ทำครัว | #ชุดมีดพาสเทล #เซตมีดทำครัว #ชุดมีดอเนกประสงค์ | #อุปกรณ์ครัวราคาถูก #ชุดมีดพร้อมเขียง #มีดทำครัว
1732946839031351216,#ขวดสแตนเลส #ขวดใส่เครื่องดื่ม #กระติกเก็บความเย็น | #ขวดสแตนเลสพกพา #ขวดน้ำสแตนเลส #ขวดเก็บอุณหภูมิ | #ขวดน้ำเดินป่า #ขวดสแตนเลสแท้ #อุปกรณ์เดินป่า
1731666072279156714,#ชุดจานชามเซรามิก #จานเซรามิก #ชามเซรามิก | #ชุดจานชามราคาถูก #เซรามิกแต่งบ้าน #ชุดจานชามสวยๆ | #ชุดจานชามมินิมอล #จานชามเซรามิก #ร้านจานชาม
1732408274768594398,#ชุดจานชามพลาสติก #จานพลาสติก #ชามพลาสติก | #ชุดจานชามราคาถูก #จานชามพาสเทล #จานชามใช้ซ้ำได้ | #ชุดจานชามร้านอาหาร #อุปกรณ์ครัวพลาสติก #จานชามทนความร้อน
1730667083821321194,#จานชามเซรามิก #ชุดจานชาม #จานเซรามิค | #ชามเซรามิก #จานชามราคาถูก #จานชามเซรามิกยกชุด | #จานเซรามิก #ชามเซรามิค #จานชามมินิมอล
1730942205056157714,#แก้วน้ำ #แก้วOcean #แก้วสวยๆ | #แก้ววิสกี้ #แก้วค็อกเทล #แก้วทรงเหลี่ยม | #แก้วหรู #แก้วคาเฟ่ #แก้วกาแฟ
1731552692885621355,#แก้วอะคริลิค #แก้วน้ำดื่ม #แก้วใส | #แก้วน้ำสวยๆ #แก้วพลาสติก #แก้วราคาถูก | #แก้วมินิมอล #แก้วน้ำอเนกประสงค์ #แก้วห้าสี
1734786160573056310,#เครื่องดักยุง #เครื่องดักยุงusb #เครื่องดักยุงพกพา | #เครื่องดักแมลง #ที่ดักยุง #อุปกรณ์กำจัดยุง | #เครื่องดักยุงไฟฟ้า #เครื่องดักยุงtsm #ดักยุงได้ผลจริง
1733659680176309662,#ชุดเตาแก๊สปิคนิค #เตาแก๊สพกพา #เตาแก๊สแคมป์ปิ้ง | #ชุดเตาแก๊สราคาถูก #เตาแก๊สปิคนิคพร้อมกระทะ #ชุดเตาปิ้งย่าง | #เตาแก๊สปิคนิคขายดี #เตาแก๊สพกพาใช้งานง่าย #อุปกรณ์แคมป์ปิ้งเตาแก๊ส
1733084727779821339,#ลำโพงบลูทูธ #ลำโพงพกพา #ลำโพงบลูทูธไร้สาย | #ลำโพงกระจก #ลำโพงนาฬิกา #ลำโพงled | #ลำโพงบลูทูธ5.0 #ลำโพงเสียงดี #ลำโพงตั้งโต๊ะ
1732380782125549017,#เครื่องปั่นน้ำผลไม้ #เครื่องปั่นอุตสาหกรรม #เครื่องปั่นราคาถูก | #เครื่องปั่นสมูทตี้ #เครื่องปั่นพลังสูง #เครื่องปั่นน้ำแข็ง | #เครื่องปั่นมืออาชีพ #เครื่องปั่นความเร็วสูง #เครื่องปั่น2ลิตร
1734997353039562163,#เครื่องทำน้ำแข็ง #Euhomy #เครื่องทำน้ำแข็งอัตโนมัติ | #เครื่องทำน้ำแข็งพกพา #เครื่องทำน้ำแข็งมินิ #ตู้ทำน้ำแข็ง | #เครื่องทำน้ำแข็งคอนโด #เครื่องทำน้ำแข็งร้านกาแฟ #เครื่องทำน้ำแข็งไฟฟ้า
1732264988974483552,#เครื่องปั่นถั่วเหลือง #เครื่องทำน้ำเต้าหู้ #SoymilkMaker | #เครื่องทำน้ำเต้าหู้อัตโนมัติ #เครื่องปั่นนมถั่วเหลือง #เครื่องปั่นธัญพืช | #เครื่องปั่นน้ำเต้าหู้ #เครื่องทำน้ำเต้าหู้1200ml #เครื่องปั่นถั่วเหลืองอัตโนมัติ
1732320202868623287,#เคาเตอร์ครัว #เคาเตอร์ครัวไม้ #เคาเตอร์ครัวราคาถูก | #ชั้นวางของในครัว #ชั้นวางของอเนกประสงค์ #ชั้นวางของจัดระเบียบ | #เฟอร์นิเจอร์ครัว #โต๊ะเตรียมอาหาร #ของแต่งครัวมินิมอล
1730621579668261316,#กระทะอเนกประสงค์ #กระทะไฟฟ้า #เตาปิ้งย่างไฟฟ้า | #กระทะปิ้งย่าง #เตาปิ้งย่าง #กระทะไฟฟ้ามินิมอล | #กระทะไฟฟ้าอเนกประสงค์ #เตาปิ้งย่างเกาหลี #กระทะไฟฟ้าชาบู
1732074420349405611,#หม้อหมี #หม้อไฟฟ้า #เครื่องใช้ไฟฟ้าในครัว | #หม้ออเนกประสงค์ #หม้อต้มมาม่า #กระทะไฟฟ้ามินิ | #หม้อไฟฟ้าluckygreen #หม้อต้มไฟฟ้า #อุปกรณ์ทำอาหาร
1736299477275084390,#เตาอบToshiba #เตาอบไฟฟ้า #เตาอบขนม | #เตาอบขนาดเล็ก #เตาอบ12ลิตร #เตาอบมินิ | #เตาอบเบเกอรี่ #เครื่องอบขนม #เตาอบตั้งโต๊ะ
1731655927532128196,#เตาไฟฟ้า #เตาไฟฟ้า3500W #เตาไฟฟ้าทำอาหาร | #เตาแม่เหล็ก #เตาแม่เหล็กไฟฟ้า #เตาแม่เหล็กไฟฟ้าทัชสกรีน | #เตาinduction #เตาไฟฟ้ามินิมอล #อุปกรณ์ครัว
1730404418868513338,#ตู้กดน้ำ #ตู้กดน้ำดื่ม #เครื่องกดน้ำ | #ตู้กดน้ำร้อนเย็น #เครื่องกดน้ำร้อนเย็น #ตู้น้ำดื่ม | #ตู้น้ำกด #เครื่องกดน้ำดื่ม #ตู้กดน้ำตั้งโต๊ะ
1733855603961398694,#หม้อหุงข้าว #หม้อหุงข้าวดิจิตอล #หม้อหุงข้าวHelloKitty | #เครื่องใช้ไฟฟ้าในครัว #หม้อหุงข้าวลายการ์ตูน #หม้อหุงข้าว1.8ลิตร | #หม้อหุงข้าวราคาถูก #อุปกรณ์ทำอาหาร #หม้อหุงข้าวไฟฟ้า
1734568237785580650,#เตาแม่เหล็กไฟฟ้า #เครื่องครัวไฟฟ้า #เตาแม่เหล็กไฟฟ้าSheepola | #เตาไฟฟ้าทำอาหาร #เตาแม่เหล็กไฟฟ้า2000W #อุปกรณ์ทำอาหาร | #เตาไฟฟ้ามินิมอล #เตาแม่เหล็กไฟฟ้าถูก #เตาไฟฟ้าพร้อมใช้
1734584714431595531,#เตาอบไฟฟ้า #เตาอบAOQU #เตาอบ18ลิตร | #เตาอบเบเกอรี่ #เตาอบขนม #เตาอบไฟฟ้ามินิ | #เตาอบอาหาร #เตาอบลมร้อน #อุปกรณ์ทำขนม
1734003655539197327,#เตาไฟฟ้า #เตาเซรามิคไฟฟ้า #เตาแม่เหล็ก | #เตาไฟฟ้าทำอาหาร #เตาไฟฟ้าพกพา #เตาไฟฟ้าทำกับข้าว | #เตาไฟฟ้า4000วัตต์ #เตาไฟฟ้าประหยัดพลังงาน #เตาไฟฟ้าอัจฉริยะ
1731665932192220334,#หม้อHelloKitty #หม้อSanrio #ของใช้ในครัว | #หม้อเซรามิก #หม้อตุ๋น #เครื่องครัวน่ารัก | #หม้อซุป #ของขวัญ #แต่งครัว
1731811818803923169,#เตาไฟฟ้า #เตาไฟฟ้าDLTafel #เตาไฟฟ้าทำอาหาร | #เตาไฟฟ้าอเนกประสงค์ #เตาเซรามิก #เตาไฟฟ้าแรงสูง | #เครื่องใช้ไฟฟ้าในครัว #อุปกรณ์ทำอาหาร #เตาไฟฟ้ามินิมอล
1732442491610629209,#ชุดเครื่องครัว #ชุดเครื่องครัว13ชิ้น #ชุดเครื่องครัวครบชุด | #เครื่องครัวน่ารัก #เครื่องครัวมินิมอล #เครื่องครัวราคาถูก | #ชุดกระทะ #ชุดหม้อ #กระทะไม่ติดแป้ง
1733095688360920394,#หม้อหุงข้าว #หม้อหุงข้าวไฟฟ้า #ricecooker | #หม้อหุงข้าว2ลิตร #หม้อหุงข้าวเคลือบเทฟลอน #หม้อข้าว | #หม้อหุงข้าวอเนกประสงค์ #หม้อหุงข้าวเล็ก #ขายดีหม้อหุงข้าว
1734007334158107963,#เตาแม่เหล็กไฟฟ้า #เตาไฟฟ้า #เตาแม่เหล็ก | #เตาปรุงอาหาร #อุปกรณ์ครัว #ทำอาหาร | #เตาไฟฟ้าแรงสูง #เตาinduction #เตาแม่เหล็กไฟฟ้าอัจฉริยะ
1734369936962651620,#ชุดกระทะ #กระทะเคลือบหินอ่อน #กระทะไม่ติดกระทะ | #ชุดเครื่องครัว #กระทะก้นลึก #กระทะคุณภาพดี | #กระทะใช้กับเตาทุกประเภท #ชุดหม้อกระทะ #เครื่องครัวมินิมอล
1732252700418476732,#กล่องอาหารกลางวันไฟฟ้า #กล่องข้าวไฟฟ้า #กล่องอุ่นอาหาร | #กล่องข้าวพกพา #กล่องอุ่นอาหารไฟฟ้า #กล่องอาหารไฟฟ้า | #กล่องข้าวมินิมอล #กล่องอาหารออฟฟิศ #กล่องอาหารอุ่นร้อน
1731852424499465183,#หม้อไฟฟ้า #หม้อไฟฟ้าอเนกประสงค์ #หม้อไฟฟ้ามินิมอล | #หม้อชาบู #หม้อชาบู2ช่อง #หม้อสุกี้ | #เครื่องใช้ไฟฟ้าในครัว #หม้อต้มไฟฟ้า #อุปกรณ์ทำอาหาร
1735799289351079768,#หม้อหุงข้าวKONIG #หม้อหุงข้าว4ลิตร #หม้อหุงข้าวไฟฟ้า | #หม้อหุงข้าวอัจฉริยะ #หม้อหุงข้าวใบใหญ่ #หม้อหุงข้าวประหยัด | #หม้อหุงข้าวดีไซน์สวย #หม้อหุงข้าวใช้ดี #หม้อหุงข้าวคุณภาพ
1735795211470144874,#เครื่องต้มไข่ #เครื่องต้มไข่ไฟฟ้า #หม้อต้มไข่ | #เครื่องต้มไข่alltou #เครื่องต้มไข่2ชั้น #อุปกรณ์ทำอาหาร | #หม้อต้มไข่อัตโนมัติ #เครื่องต้มไข่ราคาถูก #เครื่องต้มไข่สารพัดประโยชน์
1730506962451335527,#ชุดเครื่องครัว #ชุดหม้อกระทะ #อุปกรณ์ทำอาหาร | #ชุดเครื่องครัวมินิมอล #ชุดเครื่องครัวครบชุด #ของใช้ในครัว | #เครื่องครัว13ชิ้น #หม้อกระทะชุด #ชุดทำอาหาร
1730230423031482899,#Ecowinชุดเครื่องครัว #ชุดเครื่องครัว #เครื่องครัวคุณภาพ | #ชุดกระทะไม่ติด #กระทะไม่ติดเตา #กระทะใช้ได้ทุกเตา | #ชุดหม้อกระทะ #อุปกรณ์ทำอาหาร #ชุดเครื่องครัวน่ารัก
1732188528106112439,#เตาเซรามิคไฟฟ้า #เตาแม่เหล็กไฟฟ้า #เตาไฟฟ้าทำอาหาร | #เตาเซรามิคราคาถูก #เตาแม่เหล็กไฟฟ้า3500W #เตาไฟฟ้าพกพา | #เครื่องครัวไฟฟ้า #เตาเซรามิคอเนกประสงค์ #เตาแม่เหล็กไฟฟ้าไฟฟ้า
1734047968767804522,#เครื่องทำแซนด์วิช #เครื่องทำแซนด์วิชไฟฟ้า #เครื่องทำแซนด์วิชsheepola | #อุปกรณ์ทำอาหาร #เครื่องครัวมินิมอล #เครื่องใช้ไฟฟ้าในครัว | #แซนด์วิชโฮมเมด #เมนูอาหารเช้า #เครื่องทำอาหารเช้า
1733661080408196470,#เครื่องทำเครปไฟฟ้า #เตาเครปญี่ปุ่น #เตาเครปFryking | #เครื่องทำเครปFR-C3 #เตาเครปไฟฟ้า #เครื่องทำเครปมืออาชีพ | #ขายเตาเครป #อุปกรณ์ทำขนม #เตาทำเครป
1735615217089086475,#เตาอบAOQU #เตาอบ48ลิตร #เตาอบไฟฟ้า | #เตาอบเชิงพาณิชย์ #เตาอบขนม #เตาอบเบเกอรี่ | #เตาอบตั้งโต๊ะ #เตาอบขนาดใหญ่ #เตาอบมัลติฟังก์ชั่น
1733984932422780118,#เซตหม้อเครื่องครัว #กระทะไม่ติดกระทะ #ชุดเครื่องครัว | #เครื่องครัวGiPP #ชุดหม้อทำอาหาร #เซตกระทะทำอาหาร | #หม้อกระทะมินิมอล #อุปกรณ์ทำอาหาร #ชุดกระทะถอดด้ามได้
1729493276785937032,#ชั้นวางจาน #ที่วางจาน #ชั้นคว่ำจาน | #ชั้นวางจานมินิมอล #ชั้นวางจานห้องครัว #ที่เก็บจานชาม | #ชั้นวางจานราคาถูก #ชั้นวางจานพลาสติก #ที่วางจานในครัว
1730322153706523152,#หม้อหุงข้าว #หม้อไฟฟ้า #หม้ออเนกประสงค์ | #หม้อหุงข้าวพกพา #หม้อไฟฟ้ามินิ #หม้อต้มมาม่า | #หม้อหุงข้าว1ลิตร #หม้อไฟฟ้าคุ้มๆ #หม้อหุงข้าวคอนโด
1733217560264410123,#หม้อทอดไร้น้ำมัน #หม้อทอดAOQU #เครื่องใช้ไฟฟ้าในครัว | #หม้อทอดไร้น้ำมัน12ลิตร #หม้อทอดไฟฟ้า #ทำอาหารกินเอง | #หม้อทอดไร้น้ำมันราคาถูก #รีวิวหม้อทอด #เมนูหม้อทอดไร้น้ำมัน
1732190184765687735,#แม่พิมพ์วาฟเฟิลไข่ #แม่พิมพ์ทำขนม #พิมพ์ทำขนมไข่ | #แม่พิมพ์วาฟเฟิล #พิมพ์อบขนม #เครื่องทำขนมไข่ | #แม่พิมพ์เตาแก๊ส #อุปกรณ์เบเกอรี่ #แม่พิมพ์ทำขนมทานเอง
1736257738432022197,#หม้อนึ่งไฟฟ้า #หม้อนึ่งอเนกประสงค์ #หม้อนึ่ง3ชั้น | #หม้อนึ่งไฟฟ้าดีไซน์สวย #เครื่องนึ่งอาหาร #หม้อนึ่งตั้งเวลาได้ | #หม้อนึ่งเพื่อสุขภาพ #หม้อนึ่งอาหารไฟฟ้า #หม้อนึ่งขนาดใหญ่
1733567566414645185,#ชุดหม้อแคมป์ปิ้ง #อุปกรณ์แคมป์ปิ้ง #เครื่องครัวแคมป์ปิ้ง | #ชุดหม้อสนาม #อุปกรณ์เดินป่า #หม้อทำอาหารสนาม | #ชุดทำอาหารแคมป์ปิ้ง #เครื่องครัวพกพา #อุปกรณ์ตั้งแคมป์
1734333166300136554,#เครื่องทำแซนด์วิช #เครื่องทำแซนด์วิชSheepola #เครื่องทำอาหารเช้า | #เครื่องทำวาฟเฟิล #เครื่องทำขนม #เตาอบแซนด์วิช | #อุปกรณ์ทำอาหาร #เครื่องใช้ไฟฟ้าในครัว #ทำอาหารง่ายๆ
1733987657890760228,#ที่เก็บมีด #ชั้นเก็บมีด #ที่เก็บอุปกรณ์ครัว | #ที่เก็บมีดมินิมอล #ที่วางมีด #ชั้นวางอุปกรณ์ครัว | #ที่เก็บช้อน #ที่เก็บเขียง #จัดระเบียบครัว
1731847381674329515,#เตาสนาม #เตาแก๊สตลับ #เตาแก๊สพกพา | #เตาสนามแคมป์ปิ้ง #เตาแก๊สเดินป่า #อุปกรณ์ทำอาหารแคมป์ปิ้ง | #เตาแก๊สสนาม #เตาแก๊สกระป๋อง #เตาพกพา
1734792224377308806,#ที่นอนเบาะหลังรถยนต์ #CarAirBed #ที่นอนในรถ | #เตียงลมในรถยนต์ #ที่นอนรถยนต์ #ที่นอนเป่าลม | #ที่นอนพกพา #ที่นอนแคมป์ปิ้ง #อุปกรณ์แต่งรถ
1731834127168408558,#กระทะไฟฟ้า #กระทะไฟฟ้าอเนกประสงค์ #กระทะไฟฟ้ามินิ | #กระทะไฟฟ้าทำอาหาร #กระทะไฟฟ้าทำกินเอง #อุปกรณ์ครัว | #เครื่องครัวมินิมอล #กระทะไฟฟ้าสวยๆ #กระทะไฟฟ้าทำกับข้าว
1733727190649833222,#ตู้ใส่จาน #ตู้ใส่จานมินิมอล #ตู้ใส่จานห้องครัว | #ชั้นวางจาน #ชั้นวางจานมีฝาปิด #ชั้นวางจานพลาสติก | #ที่เก็บจาน #ตู้เก็บจานชาม #ตู้เก็บของในครัว
1732492580455614348,#ชั้นวางของเครื่องปรุง #ชั้นวางเครื่องครัว #ชั้นวางของอเนกประสงค์ | #ชั้นวางเครื่องปรุงมินิมอล #ที่วางเครื่องปรุง #ชั้นวางของในครัว | #ชั้นวางเครื่องเทศ #ชั้นวางของประหยัดพื้นที่ #ชั้นวางจัดระเบียบครัว
1732242418467768269,#เครื่องทำก๋วยเตี๋ยวข้าว #เครื่องทำก๋วยเตี๋ยวหลอด #เครื่องทำก๋วยเตี๋ยว | #เครื่องทำก๋วยเตี๋ยวขนาดเล็ก #เครื่องทำก๋วยเตี๋ยวครัวเรือน #เครื่องทำก๋วยเตี๋ยวสแตนเลส | #เครื่องทำก๋วยเตี๋ยวมินิ #เครื่องทำก๋วยเตี๋ยวกวางตุ้ง #เครื่องทำก๋วยเตี๋ยวสแตนเลส304
1731759640803379470,#หม้อไฟฟ้ามัลติฟังก์ชั่น #หม้อไฟฟ้า5ลิตร #หม้อไฟฟ้าอเนกประสงค์ | #หม้อไฟฟ้าทำอาหาร #หม้อไฟฟ้าทำกินเอง #หม้อไฟฟ้าเด็กหอ | #กระทะไฟฟ้าคุณภาพ #กระทะไฟฟ้าใหญ่ #กระทะไฟฟ้าทำอาหาร
1734189961867920758,#เครื่องทำมินิโดนัท #เตาทำโดนัท #เครื่องทำขนม | #เครื่องทำมินิโดนัทFRYKING #เตาอบโดนัท #ทำโดนัทกินเอง | #เครื่องทำโดนัทจิ๋ว #อุปกรณ์ทำขนม #ครัวในบ้าน
1730135407579859041,#เครื่องทำแฮมเบอร์เกอร์ไข่ดาว #เตาทำแฮมเบอร์เกอร์ #เครื่องทำอาหารเช้า | #กระทะทำไข่ดาว #เครื่องทำไข่ดาว #เตาหลุมทำอาหาร | #อุปกรณ์ทำอาหาร #เครื่องครัวมินิมอล #ทำอาหารง่ายๆ
1732938369442022415,#ตู้เก็บจาน #ตู้คว่ำจาน #ที่คว่ำจาน | #ตู้เก็บจาน3ชั้น #ตู้เก็บจานกันฝุ่น #ตู้เก็บจานมินิมอล | #ชั้นวางจาน #ชั้นวางของในครัว #ตู้ใส่จาน
1736139192301094175,#เคสโทรศัพท์ #เคสiPhone #เคสหนัง | #เคสกันกระแทก #เคสลายการ์ตูน #เคสสวยๆ | #เคสไอโฟน #เคสแฟชั่น #เคสโทรศัพท์สวยๆ
1731264548995107403,#ลูกหมูไร้สาย #หินเจียรไร้สาย #ตัวเจียรไฟฟ้า | #เครื่องมือช่างไร้สาย #หินเจียรแบตเตอรี่ #เครื่องเจียรมินิ | #ลูกหมูพกพา #หินเจียรมือถือ #ตัวเจียรไร้สาย
1734609845544388541,#ใบมีดตัดหญ้า #ใบมีดตัดหญ้าไร้สาย #ใบมีดตัดหญ้า6นิ้ว | #อุปกรณ์ตัดหญ้า #อะไหล่เครื่องตัดหญ้า #ใบมีดแบตเตอรี่ | #ใบมีดตัดหญ้าถูก #ใบมีดตัดหญ้าคุณภาพ #เครื่องมือทำสวน
1732282601304263191,#โคมไฟตั้งโต๊ะ #โคมไฟแต่งห้อง #โคมไฟLED | #โคมไฟมินิมอล #โคมไฟหัวเตียง #โคมไฟอ่านหนังสือ | #โคมไฟดีไซน์ #โคมไฟคาเฟ่ #โคมไฟสวยๆ
1733293872882222351,#เครื่องซักชุดชั้นใน #เครื่องซักผ้าขนาดเล็ก #เครื่องซักผ้าพกพา | #เครื่องซักผ้ามินิ #เครื่องซักชุดชั้นในน่ารัก #เครื่องซักผ้าเด็ก | #เครื่องซักผ้าพกพาอัตโนมัติ #เครื่องซักชุดชั้นในมินิ #เครื่องซักผ้าคอนโด
1731552823169157323,#เครื่องนึ่งไข่ #เครื่องต้มไข่ไฟฟ้า #อุปกรณ์ทำอาหาร | #เครื่องนึ่งไข่อเนกประสงค์ #เครื่องนึ่งอาหาร #เครื่องต้มไข่ | #เครื่องนึ่งไข่ไฟฟ้า #เครื่องทำอาหารเช้า #เครื่องครัวมินิมอล
1735379774233150752,#หม้ออเนกประสงค์ #หม้อสแตนเลส #เครื่องครัวมินิมอล | #หม้อทำอาหาร #อุปกรณ์ครัว #หม้อพกพา | #ชุดหม้อทำอาหาร #หม้อทอด #หม้อต้ม
1735556824918623815,#แก้วเครื่องปั่นพกพา #เครื่องปั่นพกพา #เครื่องปั่นสมูทตี้ | #แก้วปั่นผลไม้ #เครื่องปั่นน้ำผลไม้ #แก้วปั่นพกพา | #เครื่องปั่นไร้สาย #แก้วปั่นอเนกประสงค์ #เครื่องทำสมูทตี้
1731601788135573376,#เครื่องปั่นน้ำผลไม้ไร้สาย #เครื่องปั่นพกพา #เครื่องปั่นผลไม้ | #เครื่องปั่นน้ำผลไม้ #เครื่องปั่นมินิ #เครื่องปั่นสมูทตี้ | #PortableBlender #เครื่องปั่นไร้สาย #เครื่องปั่นคั้นน้ำผลไม้
1735806961549280632,#หูฟังไร้สาย #หูฟังบลูทูธ #หูฟังอินเอียร์ | #หูฟังเสียงดี #หูฟังราคาถูก #หูฟังแฟชั่น | #หูฟังQ86 #หูฟังไร้สายคุณภาพ #หูฟังบลูทูธ5.4
1730421361294019285,#เครื่องบดไฟฟ้า #เครื่องบดสับ #เครื่องบดเนื้อ | #เครื่องบดกระเทียม #เครื่องปั่นกระเทียม #เครื่องปั่นพริก | #เครื่องเตรียมอาหาร #เครื่องบดอาหาร #อุปกรณ์ทำครัว
1732424110941374398,#หม้อชาบู #หม้อชาบูไฟฟ้า #หม้ออเนกประสงค์ | #หม้อชาบูZentra #กระทะไฟฟ้า #เตาปิ้งย่างชาบู | #หม้อสุกี้ #หม้อชาบู7ลิตร #อุปกรณ์ทำอาหาร
1732836304656827994,#ชุดครกตำหมาก #ครกตำหมาก #ครกไม้จิ๋ว | #ครกหินจิ๋ว #ครกจิ๋ว #ชุดครกพร้อมสาก | #ครกตำหมากจิ๋ว #ครกโขลกสมุนไพร #ชุดครกน่ารัก
1729575328366824064,#หวดนึ่งข้าวเหนียว #อุปกรณ์นึ่งข้าว #หวดนึ่งข้าวเหนียวไฟฟ้า | #หวดนึ่งข้าวเหนียวเล็ก #หวดนึ่งข้าวเหนียวคอนโด #หวดไม้ไผ่ | #อุปกรณ์ครัวไทย #เครื่องครัวไม้ไผ่ #หวดนึ่งข้าวเหนียวจิ๋ว
1731614558047470688,#ถังซักเสื้อผ้ามินิ #ถังซักผ้าพกพา #ถังซักผ้ามินิ | #ถังซักชุดชั้นใน #เครื่องซักถุงเท้า #เครื่องซักผ้าเด็กหอ | #ถังซักผ้าพับได้ #เครื่องซักผ้าพกพา #เครื่องซักผ้าพับได้
1729601333262191070,#เครื่องทำไข่ม้วน #เครื่องทำไข่ม้วนไฟฟ้า #อุปกรณ์ทำอาหาร | #เครื่องทำไข่ม้วนอัตโนมัติ #เครื่องทำเมนูไข่ #เครื่องใช้ไฟฟ้าในครัว | #เครื่องทำอาหารเช้า #เครื่องม้วนไข่ #ทำไข่ม้วน
1729669393401350149,#เตาแก๊สKashiwa #เตาแก๊สหัวคู่ #เตาแก๊ส2หัว | #เตาแก๊สกระจก #เตาแก๊สตั้งโต๊ะ #เตาแก๊สครัวเรือน | #เตาแก๊สประหยัดไฟ #เตาแก๊สราคาถูก #เตาแก๊สทำอาหาร
1730742342167660934,#เครื่องปั่นน้ำผลไม้ #เครื่องปั่นHelloKitty #เครื่องปั่นผลไม้ | #เครื่องปั่นน้ำผลไม้Kashiwa #เครื่องปั่นคิตตี้ #เครื่องปั่นมินิมอล | #เครื่องปั่นสมูทตี้ #เครื่องปั่นน่ารัก #เครื่องปั่นราคาถูก
1730982786063370377,#ลำโพงบลูทูธ #ลำโพงพกพา #ลำโพงบลูทูธพกพา | #ลำโพงเสียงดี #ลำโพงเบสแน่น #ลำโพงรุ่นใหม่ | #ลำโพงบลูทูธราคาถูก #ลำโพงมินิมอล #ลำโพงไร้สาย
1729938956163189608,#Powerbank #แบตสำรอง #พาวเวอร์แบงค์ | #Powerbankไร้สาย #แบตสำรองแม่เหล็ก #พาวเวอร์แบงค์พกพา | #Powerbankราคาถูก #แบตสำรองของแท้ #พาวเวอร์แบงค์2025
1732312850976572872,#ลำโพงบลูทูธ #ลำโพงไร้สาย #ลำโพงพกพา | #ลำโพงBesus #ลำโพงเสียงดี #ลำโพงมินิ | #ลำโพงบลูทูธราคาถูก #ลำโพงพกพาเสียงดี #ลำโพงไร้สายพกพา
1732455149842499016,#เลื่อยมือเดียว #เลื่อยไฟฟ้า6นิ้ว #เลื่อยตัดไม้ | #เลื่อยไฟฟ้าไร้สาย #เลื่อยแบตเตอรี่ #เลื่อยไม้ไฟฟ้า | #เครื่องมือช่าง #เลื่อยตัดแต่งกิ่ง #เลื่อยโซ่ไฟฟ้า
1731362677690369093,#พัดลมตั้งโต๊ะ #พัดลมติดผนัง #พัดลมไร้สาย | #พัดลมมินิมอล #พัดลมพกพา #พัดลมตั้งโต๊ะราคาถูก | #พัดลมแต่งบ้าน #พัดลมตั้งโต๊ะusb #พัดลมรุ่นใหม่
1729662776759126289,#เลื่อยโค้งตัดกิ่งไม้ #เลื่อยตัดกิ่งไม้ #เลื่อยไม้ | #เลื่อยแต่งกิ่ง #อุปกรณ์ทำสวน #เลื่อยตัดแต่งกิ่ง | #เลื่อยเหล็กคาร์บอน #เลื่อย16นิ้ว #เครื่องมือช่างทำสวน
1735966046065755875,#น้ำหอมDORSITAN #น้ำหอมติดทน #น้ำหอมผู้หญิง | #น้ำหอมผู้ชาย #น้ำหอมแท้ #น้ำหอมยอดฮิต | #รีวิวน้ำหอม #น้ำหอมติดทนนาน #น้ำหอมราคาถูก
1734107080134919212,#ไม้แขวนเสื้อ #ไม้แขวนเสื้อผ้า #ไม้แขวนเสื้อขายส่ง | #ไม้แขวนเสื้อกันลื่น #ไม้แขวนเสื้อราคาถูก #ไม้แขวนเสื้อแข็งแรง | #ไม้แขวนเสื้อแฟชั่น #อุปกรณ์จัดเก็บเสื้อผ้า #ไม้แขวนเสื้อจัดระเบียบ
1729732403362236983,#HelloPolo #รองเท้าแตะ #รองเท้าแตะแฟชั่น | #รองเท้าผู้หญิง #รองเท้าใส่สบาย #รองเท้าแตะน่ารัก | #HelloPoloHP8006W #รองเท้าแตะเปิดส้น #รองเท้าลำลอง
1730781328341698861,#หม้อ #หม้อเคลือบเทฟล่อน #หม้อด้ามไม้ | #หม้อทำอาหาร #หม้อทอด #หม้อต้ม | #หม้อราคาถูก #หม้อ18cm #อุปกรณ์ทำครัว
1730782181714201517,#เลื่อยโค้ง #เลื่อยตัดแต่งกิ่งไม้ #เลื่อยMUSCLECOW | #เลื่อยตัดกิ่งไม้ #อุปกรณ์ทำสวน #เลื่อยไม้ | #เลื่อยแต่งกิ่ง #เลื่อยโค้ง16นิ้ว #เครื่องมือทำสวน
1731704584254162890,#ถังดับเพลิง #ถังดับเพลิงพกพา #ถังดับเพลิงขนาดเล็ก | #อุปกรณ์ดับเพลิง #ถังดับเพลิงติดรถยนต์ #อุปกรณ์เซฟตี้ | #ถังดับเพลิงในบ้าน #อุปกรณ์ความปลอดภัย #ถังดับเพลิงฉุกเฉิน
1730540813331172095,#บันไดพับ #บันไดอเนกประสงค์ #บันไดอลูมิเนียม | #บันไดบ้าน #บันไดพับได้ #บันไดช่าง | #บันไดแข็งแรง #บันไดพับราคาถูก #อุปกรณ์ช่าง
1735778299428898465,#แหนมหมูสามชั้น #แหนมหมู #แหนมโฮมเมด | #แหนมอร่อย #แหนมทำเอง #อาหารแปรรูป | #กับแกล้ม #ของกินเล่น #อาหารพร้อมทาน
1729575776578538297,#ขนมปลาไทยากิ #เครื่องทำขนมปลา #เครื่องทำขนมปลาไฟฟ้า | #ขนมปลาไทยากิCASIKO #เตาทำขนมปลา #เครื่องทำวาฟเฟิลปลา | #ขนมปลาไทยากิราคาถูก #เครื่องทำขนมปลาขายดี #อุปกรณ์ทำขนมปลา
1729592545591265630,#ลำโพงบลูทูธ #ลำโพงไร้สาย #ลำโพงพกพา | #ลำโพงเสียงดี #ลำโพงบลูทูธราคาถูก #ลำโพงบลูทูธเสียงเบส | #ลำโพงไร้สายราคาถูก #ลำโพงBluetooth #ลำโพงพกพาเสียงดี
1735771202832336216,#ลำโพงบลูทูธ #ลำโพงบลูทูธพกพา #ลำโพงบลูทูธมินิ | #ลำโพงบลูทูธเสียงดี #ลำโพงพกพา #ลำโพงบลูทูธไร้สาย | #ลำโพงบลูทูธเบสแน่น #ลำโพงบลูทูธรุ่นใหม่ #ลำโพงสวยๆ
1729581913874074416,#ลำโพงคอมพิวเตอร์ #ลำโพงUSB #ลำโพงราคาถูก | #ลำโพงโน๊ตบุ๊ค #ลำโพงเสียงดี #ลำโพงคอม | #ลำโพงมินิ #ลำโพงพกพา #ลำโพงตั้งโต๊ะ
1729696476471331158,#พัดลมSUZUME #พัดลมพกพา #พัดลมมินิ | #พัดลมหนีบโต๊ะ #พัดลมไฟฟ้า #พัดลมขนาดเล็ก | #พัดลมตั้งโต๊ะ #พัดลมราคาถูก #ของใช้ในบ้าน
1732981035087594744,#ลำโพงคอม #ลำโพงมีสาย #ลำโพงเสียงดี | #ลำโพงมัลติมีเดีย #ลำโพงสเตอริโอ #ลำโพงคอมพิวเตอร์ | #ลำโพงซาวด์บาร์ #ลำโพงตั้งโต๊ะ #ลำโพงราคาถูก
1731678441811970680,#หม้อทอดไร้น้ำมัน #AirFryer #หม้อทอดไฟฟ้า | #หม้อทอดไร้น้ำมันราคาถูก #เครื่องใช้ไฟฟ้าในครัว #หม้อทอด6ลิตร | #หม้อทอดไร้น้ำมันpantip #หม้อทอดไฟฟ้าไร้น้ำมัน #รีวิวหม้อทอดไร้น้ำมัน
1731796598018247308,#พัดลมติดผนัง #พัดลมติดผนัง16นิ้ว #พัดลมแขวน | #พัดลมติดผนังรีโมท #พัดลมติดผนังราคาถูก #พัดลมติดผนังประหยัดพื้นที่ | #พัดลมติดผนังเสียงเงียบ #พัดลมติดผนังบ้าน #พัดลมติดผนังแรงๆ
1731014788100753860,#เครื่องปั่นอเนกประสงค์ #เครื่องปั่นน้ำผลไม้ #เครื่องปั่นสมูทตี้ | #เครื่องปั่นราคาถูก #เครื่องปั่นโถแก้ว #เครื่องปั่นคุณภาพดี | #เครื่องปั่น850วัตต์ #เครื่องปั่นของใช้ในบ้าน #เครื่องปั่นไฟฟ้า
1732250440351713728,#กระทะปิ้งย่าง #กระทะไฟฟ้า #กระทะปิ้งย่างมินิมอล | #กระทะไฟฟ้าอเนกประสงค์ #กระทะย่างเกาหลี #กระทะปิ้งย่างพกพา | #อุปกรณ์ครัว #ทำอาหารกินเอง #กระทะไฟฟ้ามินิ
1732165119546001851,#พาวเวอร์แบงค์ #powerbank #แบตสำรอง | #พาวเวอร์แบงค์ของแท้ #powerbank20000mah #แบตสำรองพกพา | #พาวเวอร์แบงค์ราคาถูก #powerbankมีสาย #แบตสำรองพร้อมส่ง
1731363733961212958,#ชุดมีดทำครัว #ชุดมีดญี่ปุ่น #ชุดมีดทำอาหาร | #อุปกรณ์ทำครัว #มีดทำครัวสแตนเลส #เซตมีดทำอาหาร | #ชุดมีดคมๆ #มีดทำครัวเกรดพรีเมียม #อุปกรณ์เครื่องครัว
1731621153337477047,#ชุดชาร์จ145W #ชุดชาร์จYuntohe #ชุดชาร์จเร็ว | #หัวชาร์จเร็ว145W #หัวชาร์จGaN #หัวชาร์จTypeC | #สายชาร์จเร็ว #สายชาร์จTypeC #สายชาร์จiPhone
1735360925386311069,#หมวกร่ม #หมวกร่มกันแดด #หมวกร่มกันฝน | #ร่มสวมหัว #ร่มหมวก #ร่มพกพา | #หมวกร่มราคาถูก #ร่มกันแดด #อุปกรณ์กันฝน
1732224797456435826,#เตาอบวาฟเฟิล #เครื่องทำวาฟเฟิล #เตาอบวาฟเฟิลราคาถูก | #เครื่องทำวาฟเฟิลมินิ #เตาอบวาฟเฟิลไฟฟ้า #เครื่องทำวาฟเฟิลคุณภาพ | #เตาอบวาฟเฟิลยอดฮิต #เครื่องทำวาฟเฟิลทำเอง #เตาอบวาฟเฟิลใช้งานง่าย
1733133806647674267,#เครื่องปั่นอาหารเด็ก #เครื่องปั่นอาหาร #เครื่องปั่นอเนกประสงค์ | #เครื่องบดอาหาร #เครื่องบดเนื้อ #เครื่องบดพริก | #เครื่องปั่นพกพา #เครื่องปั่นราคาถูก #ของใช้แม่และเด็ก
1733252602375013734,#ชามเซรามิก #ชามลายโดนัท #ชามน่ารัก | #ชามบะหมี่กึ่งสำเร็จรูป #ชามก๋วยเตี๋ยว #ชามเข้าไมโครเวฟ | #อุปกรณ์เครื่องครัว #ของแต่งบ้าน #เครื่องครัวมินิมอล
1736470636198463470,#กล่องอาหารกลางวันไฟฟ้า #กล่องข้าวไฟฟ้า #กล่องอุ่นอาหาร | #กล่องข้าวพกพา #กล่องอุ่นอาหารไฟฟ้า #กล่องอาหารไฟฟ้า | #กล่องข้าวออฟฟิศ #กล่องอาหารกลางวัน #อุปกรณ์อุ่นอาหาร
1735158273050445017,#ที่คว่ำจาน #ชั้นวางจาน #ของใช้ในครัว | #ชั้นวางจานชาม #ที่เก็บจาน #อุปกรณ์จัดเก็บ | #ที่วางจาน #ชั้นวางของในครัว #ที่จัดระเบียบครัว
1735785593788860367,#เครื่องปั่นพกพา #เครื่องปั่นน้ำผลไม้ #เครื่องปั่นไร้สาย | #เครื่องปั่นสมูทตี้ #เครื่องปั่นไฟฟ้า #เครื่องปั่นพกพาOUMEIBAN | #เครื่องปั่นอาหารเด็ก #เครื่องปั่นแรงสูง #เครื่องปั่นผลไม้สด
1736310920393950644,#เตาอบไฟฟ้า #เตาอบมิตซูบิชิ #เตาอบมินิมอล | #เตาอบขนม #เตาอบอาหาร #เตาอบเบเกอรี่ | #เครื่องครัวมินิมอล #เตาอบไฟฟ้าคุณภาพ #เตาอบไฟฟ้าลดราคา
1732668265138456558,#เตาปิ้งย่างไฟฟ้า #เตาปิ้งย่างอเนกประสงค์ #เตาปิ้งย่างชาบู | #เตาหมูกระทะไฟฟ้า #เตาปิ้งย่างเกาหลี #เตาชาบูไฟฟ้า | #เตาปิ้งย่าง2in1 #กระทะปิ้งย่างไฟฟ้า #อุปกรณ์ทำอาหาร
1731857825574782816,#กาต้มน้ำเก็บความร้อน #กาต้มน้ำหอพัก #กาต้มน้ำความจุมาก | #กาต้มน้ำคุณภาพสูง #กาต้มน้ำฉนวน #กาต้มน้ำในครัวเรือน | #กาต้มน้ำต้ม #กาต้มน้ำชา #กาต้มน้ำ2025
1734023850826302621,#แก้วน้ำดื่ม #แก้วน้ำมินิมอล #แก้วกาแฟ | #ถ้วยแก้ว #แก้วเก็บอุณหภูมิ #แก้วสวยๆ | #แก้วน้ำน่ารัก #แก้วใส่กาแฟ #แก้วมินิมอล
1735000767186503218,#ชั้นวางเครื่องปรุง #ชั้นวางของในครัว #ชั้นวางของอเนกประสงค์ | #ชั้นวางเครื่องปรุงสแตนเลส #ชั้นวางของในคอนโด #ชั้นวางของประหยัดพื้นที่ | #ชั้นวางเครื่องปรุงแบบดึง #ที่จัดระเบียบห้องครัว #อุปกรณ์จัดเก็บในครัว
1732247339020224724,#พัดลมตั้งโต๊ะ #พัดลมพกพา #พัดลมมินิมอล | #พัดลมชาร์จไฟได้ #พัดลมไร้สาย #พัดลมตั้งโต๊ะพกพา | #พัดลมUSB #พัดลมตั้งโต๊ะมินิ #พัดลมตั้งโต๊ะราคาถูก
1735877525250082316,#ถังขยะห้องครัว #ถังขยะมินิมอล #ถังขยะประหยัดพื้นที่ | #ถังขยะ2ชั้น #ถังขยะมีล้อ #ถังขยะในบ้าน | #ถังขยะดีไซน์สวย #ถังขยะอเนกประสงค์ #ถังขยะห้องครัวสวยๆ
1731146731059841953,#น้ำใสสไตล์ญี่ปุ่น #เหยือกน้ำมีก๊อก #กาน้ำมินิมอล | #เหยือกน้ำเย็น #เหยือกน้ำ5ลิตร #เหยือกน้ำพลาสติก | #เหยือกน้ำดื่ม #อุปกรณ์เครื่องดื่ม #เหยือกน้ำสไตล์คาเฟ่
1731198645729200684,#ตู้กดน้ำ #เครื่องกดน้ำ #ตู้กดน้ำมินิ | #ตู้กดน้ำขนาดเล็ก #ตู้กดน้ำดื่ม #ตู้กดน้ำตั้งโต๊ะ | #ตู้กดน้ำร้อน #เครื่องกดน้ำดื่ม #ตู้กดน้ำราคาถูก
1732088198609733961,#แก้วใสราคาถูก #แก้วใสสไตล์มินิมอล #แก้วใสดีไซน์สวย | #แก้วใสแต่งบ้าน #แก้วใสน่ารัก #แก้วใสพร้อมส่ง | #แก้วใสใช้งานง่าย #แก้วใสยอดฮิต #แก้วใสคุณภาพดี
1732255905783450199,#แก้วน้ำ #แก้วมัค #แก้วสแตนเลส | #แก้วมัคสแตนเลส #แก้วน้ำสแตนเลส #แก้วกาแฟ | #แก้วนมสองชั้น #แก้วชงชา #แก้วน้ำเก็บความเย็น
1733626566502811143,#ที่ใส่แปรงสีฟัน #ที่ใส่แปรงสีฟันแม่เหล็ก #ที่ใส่แปรงสีฟันติดผนัง | #ที่วางแก้วแปรงสีฟัน #ที่เก็บแปรงสีฟันติดผนัง #ที่วางแปรงสีฟัน #ที่เก็บแปรงสีฟัน #กล่องใส่แปรงสีฟัน #ชั้นวางแปรงสีฟัน
1731229275246003509,#โถเครื่องปรุง #โถเครื่องเทศ #กระปุกใส่เครื่องปรุง | #กล่องใส่เครื่องปรุง #ที่ใส่เครื่องปรุง #โถใส่เครื่องปรุง | #โถเครื่องปรุง4ช่อง #โถเครื่องปรุงมีช้อน #โถเครื่องเทศ4ช่อง
1733926789814126554,#ชั้นวางแก้วน้ำ #ที่วางแก้วน้ำ #ชั้นวางแก้วไม้ | #ที่แขวนแก้ว #ที่ตากแก้ว #ที่คว่ำแก้ว | #ชั้นวางแก้วกาแฟ #ที่แขวนแก้วกาแฟ #ที่วางแก้วมัค
1732045320170342372,#โถปรุงรส #โถใส่เครื่องปรุง #กระปุกใส่เครื่องปรุง | #กล่องใส่เครื่องปรุง #โถเกลือ #โถใส่น้ำตาล | #กระปุกเครื่องปรุง #โถเครื่องปรุง #กล่องเครื่องปรุง
1732251752108428275,#ชั้นวางหนังสือ #ชั้นวางไม้แท้ #ชั้นวางของมินิมอล | #ชั้นเก็บของไม้ #ชั้นวางหนังสือไม้ #ชั้นวางของแต่งห้อง | #ชั้นวางของอเนกประสงค์ #ชั้นวางของมินิมอล #ชั้นวางของไม้แท้
1733242207276140139,#ตู้เก็บเครื่องสำอาง #ตู้เครื่องสำอาง #กล่องเก็บเครื่องสำอาง | #ตู้เครื่องสำอางกันฝุ่น #กล่องใส่เครื่องสำอาง #ตู้เครื่องสำอาง3ชั้น | #ตู้เก็บของชิ้นเล็ก #ตู้เครื่องสำอางมินิมอล #กล่องเครื่องสำอาง
1729419429742020721,#มีดปอกผลไม้ #มีดปอกผลไม้สแตนเลส #มีดปอกผลไม้มินิมอล | #มีดปอกผลไม้เกาหลี #มีดปอกผลไม้สไตล์นอร์ดิก #มีดปอกผลไม้น่ารัก | #มีดปอกผลไม้คมๆ #มีดปอกผลไม้พกพา #มีดปอกผลไม้ครัวเรือน
1729684417801849632,#ถ้วยรามยอน #ถ้วยมาม่า #ชามรามยอน | #ชามมาม่า #ถ้วยเกาหลี #ชามเกาหลี | #ถ้วยมีฝาปิด #ชามมีฝาปิด #ถ้วยมีหูจับ
1729849983737236104,#ตู้เก็บของ #ตู้ลิ้นชัก #ชั้นวางของ | #ตู้เก็บของที่แคบ #ตู้ลิ้นชักมีล้อ #ชั้นวางของมีล้อ | #ตู้เก็บของมินิมอล #ตู้ลิ้นชักพลาสติก #ชั้นวางของอเนกประสงค์
1730736533811988649,#Heinoกล่องจัดเก็บขวดนม #กล่องเก็บขวดนม #กล่องใส่ขวดนม | #กล่องเก็บขวดนมเด็ก #กล่องเก็บของเด็กอ่อน #กล่องเก็บของใช้เด็ก | #กล่องเก็บขวดนมมีฝาปิด #กล่องเก็บขวดนมพกพา #กล่องเก็บขวดนมกันฝุ่น
1732091965386818777,#ชั้นวางจาน #ตู้ใส่จาน #ตู้เก็บจาน | #ที่คว่ำจาน #ชั้นวางของในครัว #ชั้นคว่ำจาน | #ชั้นวางจานมีฝาปิด #กล่องเก็บจาน #เครื่องครัว
1731975903172069550,#ขวดน้ำมันแก้ว #ขวดน้ำมันWuming #ชุดขวดน้ำมัน | #ขวดใส่น้ำมัน #ขวดโหลใส่เครื่องปรุง #ขวดน้ำมันอัตโนมัติ | #ขวดใส่น้ำมันเครื่องปรุง #ขวดน้ำมันห้องครัว #ขวดใส่น้ำมันอเนกประสงค์
1733231483533821683,#ที่วางแปรงสีฟัน #ที่วางแปรงสีฟันมินิมอล #ที่วางแปรงสีฟันติดผนัง | #ชั้นวางแปรงสีฟัน #ที่ใส่แปรงสีฟัน #แก้วใส่แปรงสีฟัน | #ที่วางแปรงสีฟันใส #ที่แขวนแปรงสีฟัน #ที่เก็บแปรงสีฟัน
1732651292425750301,#ชั้นวางไมโครเวฟ #ชั้นวางของในครัว #ชั้นวางเครื่องครัว | #ชั้นวางเตาไมโครเวฟ #ชั้นวางของอเนกประสงค์ #ชั้นวางเครื่องปรุง | #ชั้นวางเครื่องชงกาแฟ #ชั้นวางของในบ้าน #ชั้นวางของสแตนเลส
1730230560379275915,#ที่ใส่มีดทำครัว #ที่เก็บมีด #บล็อกใส่มีด | #ที่เสียบมีด #ที่เก็บมีดทำครัว #กล่องใส่มีด | #ที่ใส่มีดสแตนเลส #ที่เก็บมีดอเนกประสงค์ #ที่เก็บมีดมินิมอล
1729940408871913789,#ผลิตภัณฑ์ดูแลผิว #ชั้นวางเครื่องสำอาง #ชั้นวางสกิน케어 | #ชั้นวางของในห้องน้ำ #ชั้นวางเครื่องสำอาง2ชั้น #ชั้นวางของมินิมอล | #ชั้นวางกรงนก #ชั้นวางของทรงกลม #ชั้นวางของโต๊ะเครื่องแป้ง
1734055083179738744,#ที่คว่ำจาน2ชั้น #ที่วางจาน2ชั้น #ชั้นคว่ำจาน | #ที่วางจานอเนกประสงค์ #ชั้นวางของในครัว #ที่คว่ำจานสแตนเลส | #ที่วางเขียง #ที่เสียบมีด #ชั้นวางจานสแตนเลส
1729763354492832256,#ชั้นวางจาน #ชั้นวางจาน2ชั้น #ชั้นวางจานGSlife | #ที่คว่ำจาน #ที่คว่ำจานสองชั้น #ที่คว่ำจานสแตนเลส | #ชั้นวางของในครัว #ชั้นเก็บจาน #ที่วางจาน
1729615910754225067,#ถังขยะพร้อมชั้นวาง #ถังขยะในครัว #ถังขยะมีฝาปิด | #ถังขยะมีล้อเลื่อน #ถังขยะมินิมอล #ถังขยะอเนกประสงค์ | #ถังขยะจัดระเบียบ #ถังขยะประหยัดพื้นที่ #ถังขยะสแตนเลส
1731797242536364182,#ที่ใส่ช้อนส่อม #ที่เก็บช้อนส่อม #ที่เสียบมีด | #ที่ใส่ช้อนส่อมติดผนัง #กล่องใส่ช้อนส่อม #ที่เก็บช้อนส่อมในครัว | #ที่ใส่ช้อนส่อมมินิมอล #ที่เก็บช้อนส่อมมีฝาปิด #ที่เสียบมีดติดผนัง
1731520824313350946,#ที่เก็บของในครัว #ชั้นวางหม้อ #ที่วางฝาปิด | #ที่เก็บของครัว #ชั้นวางหม้อปรับได้ #ที่วางฝาหม้อ | #ที่เก็บของขยายได้ #ชั้นวางเครื่องครัว #ที่เก็บของอเนกประสงค์
1732301127837779219,#สตูลทรงกลม #เก้าอี้สตูล #สตูลพลาสติก | #เก้าอี้มินิมอล #เก้าอี้แต่งห้อง #เก้าอี้ซ้อนได้ | #สตูลแต่งบ้าน #เก้าอี้พลาสติก #เก้าอี้ทรงกลม
1731472603091601211,#เคาน์เตอร์ครัว #ที่เก็บของในครัว #ชั้นวางเครื่องปรุง | #ตู้เก็บของครัว #ชั้นวางของเคาน์เตอร์ #ตู้เก็บจาน | #เคาน์เตอร์ครัวมินิมอล #ชั้นวางของในครัว #ตู้เก็บเครื่องปรุง
1736401001110668361,#สกุชชี่ก้อนทอง #สกุชชี่สโลว์ #สกุชชี่นุ่มนิ่ม | #สกุชชี่ทองคำ #สกุชชี่น่ารัก #สกุชชี่แท้ | #สกุชชี่ราคาถูก #สกุชชี่แก้เครียด #สกุชชี่บีบสนุก
1736193317733369543,#กางเกงขาสั้นลำลอง #กางเกงขาสั้นชาย #กางเกงขาสั้นหญิง | #กางเกงขาสั้นแฟชั่น #กางเกงขาสั้นใส่นอน #กางเกงขาสั้นใส่เที่ยว | #กางเกงขาสั้นราคาถูก #กางเกงขาสั้นยอดฮิต #กางเกงขาสั้นสวยๆ
1734805087939429505,#กางเกงวอร์มแฟชั่น #กางเกงวอร์มชาย #กางเกงวอร์มหญิง | #กางเกงวอร์มราคาถูก #กางเกงวอร์มสวยๆ #กางเกงวอร์มใส่สบาย | #กางเกงวอร์มพรีเมียม #กางเกงวอร์มสกรีนลาย #กางเกงวอร์มไซส์ใหญ่
1736090984939947512,#เสื้อยืดทูโทน #เสื้อยืดคอกลม #เสื้อยืดแฟชั่น | #เสื้อยืดผู้ชาย #เสื้อยืดผู้หญิง #เสื้อยืดUnisex | #เสื้อยืดใส่สบาย #เสื้อยืดผ้าOversize #เสื้อยืดลายเท่ๆ
1733218537925347178,#บ้านแมว #เตียงแมว #ถุงนอนแมว | #วิลล่าแมว #ที่นอนแมว #บ้านแมวนุ่ม | #เบาะแมว #บ้านแมวราคาถูก #เตียงนอนแมว
1731066074778995429,#โคมไฟตั้งโต๊ะ #โคมไฟLED #โคมไฟชาร์จ | #โคมไฟการ์ตูน #โคมไฟห้องนอน #โคมไฟข้างเตียง | #โคมไฟกลางคืน #โคมไฟอ่านหนังสือ #โคมไฟUSB
1731239961677366440,#ชุดกรรไกรตัดเล็บ #กรรไกรตัดเล็บพกพา #ชุดตัดเล็บสแตนเลส | #ชุดกรรไกรตัดเล็บเยอรมัน #ชุดตัดเล็บพกพา #กรรไกรตัดเล็บเกรดพรีเมียม | #ชุดตัดเล็บ8ชิ้น #ชุดตัดเล็บพกพาเดินทาง #กรรไกรตัดเล็บสแตนเลส
1729460345266145334,#ไฟฉายแรงสูง #ไฟฉายมัลติฟังก์ชัน #ไฟฉายเดินป่า | #ไฟฉายชาร์จได้ #ไฟฉายLED #ไฟฉายพกพา | #ไฟฉายส่องไกล #ไฟฉายกันน้ำ #ไฟฉายอเนกประสงค์
1732668777762490122,#กาต้มน้ำสแตนเลส #กาต้มน้ำมีก๊อก #กาต้มน้ำชา | #กาต้มน้ำมินิมอล #กาต้มน้ำราคาถูก #กาต้มน้ำพกพา | #กาต้มน้ำไฟฟ้า #กาต้มน้ำเดือดไว #กาต้มน้ำสไตล์เกาหลี
1736085539704047165,#แก้วกาแฟพกพา #แก้วน้ำเก็บความเย็น #แก้วสแตนเลส | #แก้วกาแฟสแตนเลส #แก้วน้ำพกพา #แก้วเก็บความเย็น | #แก้วกาแฟสวยๆ #แก้วน้ำแฟชั่น #แก้วเยติลวดลาย
1730592911192066642,#พวงมาลัยบอกรักแม่ #พวงมาลัยวันแม่ #พวงมาลัยดอกมะลิ | #พวงมาลัยวันไหว้ครู #พวงมาลัยสวยๆ #พวงมาลัยวันเกิด | #พวงมาลัยไหว้พระ #พวงมาลัย #พวงมาลัยมะลิขาว
1735880097013598133,#ของเล่นบีบแท่งเนย #ของเล่นบีบแก้เครียด #ของเล่นบีบนุ่มนิ่ม | #ของเล่นสквиชี่แท่งเนย #ของเล่นสโลว์จัมโบ้ #ของเล่นคลายเครียดใหญ่ | #ของเล่นเนยยักษ์ #ของเล่นนุ่มฟูสโลว์ #ของเล่นบีบหนึบหนับ
1736345633275741969,#แก้วน้ำเก็บความเย็น #แก้วเก็บความเย็น #แก้วเซรามิก | #แก้วน้ำ750ml #แก้วน้ำพรีเมียม #แก้วน้ำเก็บอุณหภูมิ | #แก้วน้ำพร้อมหลอด #แก้วเยติ #แก้วน้ำสวยๆ
1732800608261342619,#ขวดน้ำกีฬา #ขวดน้ำพกพา #ขวดน้ำยิม | #ขวดน้ำ1000ml #ขวดน้ำ650ml #ขวดน้ำฟิตเนส | #กระบอกน้ำกีฬา #กระบอกน้ำพกพา #กระบอกน้ำดื่ม
1731686061783614490,#กล่องของขวัญ #ชุดของขวัญ #ของขวัญวันเกิด | #กล่องของขวัญรับปริญญา #ชุดของขวัญพรีเมียม #ของขวัญวันครู | #กล่องของขวัญเซอร์ไพรส์ #ชุดของขวัญธุรกิจ #ของขวัญวันแต่งงาน
1734790350092863257,#แก้วกาแฟมินิมอล #แก้วกาแฟสวยๆ #แก้วกาแฟเกาหลี | #แก้วกาแฟลายริ้ว #แก้วกาแฟแก้วใส #แก้วกาแฟน่ารัก | #แก้วกาแฟราคาถูก #แก้วกาแฟพร้อมฝา #แก้วกาแฟยอดฮิต
1732818793490319116,#กล่องข้าวสแตนเลส #กล่องข้าวทรงแอปเปิ้ล #กล่องข้าว2ชั้น | #กล่องข้าวออฟฟิศ #กล่องข้าวเก็บความร้อน #ปิ่นโตสแตนเลส | #ปิ่นโตเก็บความร้อน #กล่องข้าวพกพา #ปิ่นโตอาหาร
1733383921863984625,#ชามซุปเซรามิก #ชามเซรามิก #ชามซุป | #ชามเซรามิกน่ารัก #ชามเซรามิกมีหูจับ #ชามใส่บะหมี่ | #ชามเซรามิกเกาหลี #ชามเซรามิกมินิมอล #ชามเซรามิกสวยๆ
1730929845717535461,#กระเป๋าสะพายข้างกระต่าย #กระเป๋ากระต่าย #กระเป๋าตุ๊กตา | #กระเป๋าแฟชั่นผู้หญิง #กระเป๋าเด็กผู้หญิง #กระเป๋าสไตล์เกาหลี | #กระเป๋าน่ารัก #กระเป๋าถือ #กระเป๋ามัลติฟังก์ชั่น
1734004515776333355,#เก้าอี้โยก #เก้าอี้พักผ่อน #เก้าอี้โซฟา | #เก้าอี้แต่งห้อง #เก้าอี้นั่งสบาย #โซฟาเดี่ยว | #เก้าอี้ห้องนอน #เก้าอี้ห้องนั่งเล่น #เฟอร์นิเจอร์แต่งห้อง
1734516211150325149,#หมอนซื้อ1แถม1 #หมอนหนุนเพื่อสุขภาพ #หมอนนอนหลับสบาย | #หมอนนุ่ม3D #หมอนลดกรน #หมอนระบายอากาศ | #หมอนบรรเทาปวดคอ #หมอนช่วยนอนหลับ #หมอนนุ่มสบาย
1733383612001322061,#ตุ๊กตาปลาหมึก #ตุ๊กตาปลาหมึกยักษ์ #ตุ๊กตาปลาหมึกเปลี่ยนหน้า | #ตุ๊กตาปลาหมึกใหญ่ #ตุ๊กตาปลาหมึกน่ารัก #ตุ๊กตาปลาหมึกพลิกด้าน | #ของขวัญวันเกิดเด็ก #ของขวัญเด็กผู้หญิง #ตุ๊กตาเด็กยักษ์
1731491308026824486,#กล่องทิชชู่ #กล่องใส่ทิชชู่ #กล่องทิชชู่มินิมอล | #กล่องทิชชู่แต่งบ้าน #กล่องทิชชู่สวยๆ #กล่องทิชชู่ห้องนอน | #กล่องทิชชู่ห้องรับแขก #กล่องทิชชู่พลาสติก #กล่องทิชชู่เก๋ๆ
1732580193939063992,#JMAXลำโพงบลูทูธ #ลำโพงไร้สายM606 #ลำโพงพกพาเสียงดี | #ลำโพงบลูทูธJMAX #ลำโพงไร้สายเสียงดี #ลำโพงบลูทูธ5W | #ลำโพงพกพาJMAX #ลำโพงบลูทูธพกพา #ลำโพงไร้สายพกพา
1729786003682527335,#Caseharden #กระเป๋าใส่โทรศัพท์ #กระเป๋าทรงโฟน | #กระเป๋าโทรศัพท์มือถือ #กระเป๋าสะพายข้าง #กระเป๋าแฟชั่น | #กระเป๋าผู้หญิง #กระเป๋าแบรนด์แท้ #กระเป๋าถือ
1735002258598102818,#GOOJODOQ #USBHub #TypeC | #ตัวแปลงพอร์ต #ยูเอสบีฮับ #ฮับไทป์ซี | #ช่องต่อเพิ่ม #ตัวขยายพอร์ต #อุปกรณ์ไอที
1734373371083851554,#GOOJODOQผ้าทำความสะอาด #ผ้าเช็ดหน้าจอ #ผ้าไมโครไฟเบอร์ | #ผ้าทำความสะอาดจอ #ผ้าเช็ดแว่น #ผ้าเช็ดมือถือ | #อุปกรณ์ทำความสะอาด #ผ้าเช็ดแท็บเล็ต #ผ้าทำความสะอาดกระจก
1732101919359928098,#GOOJODOQลำโพงพกพา #ลำโพงบลูทูธ #ลำโพงไร้สาย | #ลำโพงพกพาเสียงดี #ลำโพง60W #ลำโพงบลูทูธเบสแน่น | #ลำโพงปาร์ตี้ #ลำโพงคาราโอเกะ #ลำโพงไฟRGB
1731190239698782130,#พัดลมระบายความร้อนมือถือ #พัดลมมือถือP70 #พัดลมระบายความร้อน | #พัดลมเล่นเกม #พัดลมมือถือแม่เหล็ก #พัดลมมือถือLED | #พัดลมมือถือไอโฟน #พัดลมมือถือแอนดรอยด์ #พัดลมระบายความร้อนโทรศัพท์
1735871269303387445,#เครื่องดูดฝุ่นหุ่นยนต์ #หุ่นยนต์ดูดฝุ่น #เครื่องดูดฝุ่นอัตโนมัติ | #หุ่นยนต์ดูดฝุ่นถูพื้น #เครื่องดูดฝุ่นจิ๋ว #หุ่นยนต์ดูดฝุ่นราคาถูก | #เครื่องดูดฝุ่นสัตว์เลี้ยง #หุ่นยนต์ดูดฝุ่นหอพัก #เครื่องดูดฝุ่นพกพา
1729480793349195870,#หม้อสแตนเลส #หม้อต้มสแตนเลส #ชุดหม้อสแตนเลส | #ชุดหม้อ #ชุดหม้อทำครัว #หม้อด้ามจับพร้อมฝา | #เครื่องครัว #หม้อด้ามจับ #หม้อสแตนเลส3ใบ
1729559642265979872,#เครื่องตัดขนผ้า #ที่ตัดขนผ้า #เครื่องกำจัดขุยผ้า | #ที่กำจัดขนผ้า #เครื่องตัดขุยผ้า #ที่ตัดขุยผ้า | #เครื่องตัดขนเสื้อ #ที่ตัดขนเสื้อ #เครื่องกำจัดขขนผ้า
1731613819208174099,#เครื่องดูดฝุ่น #เครื่องดูดฝุ่นไร้สาย #เครื่องดูดฝุ่นรถยนต์ | #เครื่องดูดฝุ่นในบ้าน #เครื่องดูดฝุ่นมินิ #เครื่องดูดฝุ่นพกพา | #เครื่องดูดฝุ่นพลังสูง #เครื่องดูดฝุ่น5หัว #เครื่องดูดฝุ่นไร้สายพกพา
1733444274838996674,#หม้อไฟฟ้า5ลิตร #หม้อไฟฟ้าความจุใหญ่ #หม้อมัลติฟังก์ชั่น | #หม้อไฟฟ้าอเนกประสงค์ #หม้อไฟฟ้าไม่ติดกระทะ #หม้อไฟฟ้า1000w | #หม้อไฟฟ้าหอพัก #หม้อไฟฟ้าทำอาหาร #หม้อไฟฟ้าราคาถูก
1729593417388624380,#หม้ออเนกประสงค์ #หม้อไฟฟ้า #หม้อชาบู | #หม้อเทฟล่อน #หม้อสุกี้ #หม้อต้มไฟฟ้า | #หม้อ22ซม #หม้อนึ่งไฟฟ้า #หม้ออเนกประสงค์ราคาถูก
1733220592361047337,#OUYILI #เครื่องดูดฝุ่น #เครื่องดูดฝุ่นไร้สาย | #เครื่องดูดฝุ่นในรถยนต์ #เครื่องดูดฝุ่นในบ้าน #เครื่องดูดฝุ่นมือถือ | #เครื่องดูดฝุ่นแรงสูง #เครื่องดูดฝุ่น7in1 #VacuumCleaner
1729768562133142340,#โต๊ะกลางโซฟา #โต๊ะกลาง #โต๊ะรับแขก | #โต๊ะกาแฟ #โต๊ะโซฟา #โต๊ะโมเดิร์น | #โต๊ะลายหินอ่อน #โต๊ะแต่งห้อง #โต๊ะห้องรับแขก
1731992898827290913,#ชั้นวางของเข้ามุม #ชั้นวางของ #ชั้นเข้ามุม | #ตู้เก็บของเข้ามุม #ตู้เก็บของ #ตู้เข้ามุม | #ชั้นวางของ180ซม #ชั้นวางของโมเดิร์น #ชั้นวางของมินิมอล
1730110963550620399,#ต้นไม้ปลอม #ต้นบอนไซ่ #ต้นไม้แต่งบ้าน | #ต้นไม้ประดับ #ต้นไม้ปลอมแต่งห้อง #บอนไซจิ๋ว | #ต้นไม้แต่งโต๊ะทำงาน #ต้นไม้ฮวงจุ้ย #ต้นไม้มงคล
1730917132254021995,#เครื่องทำวาฟเฟิล #เครื่องทำวาฟเฟิลfryking #เตาวาฟเฟิล | #เครื่องทำขนมบ้าบิ่น #เตาทำบ้าบิ่น #เครื่องทำบ้าบิ่น | #เครื่องทำวาฟเฟิลกลมหนา #เครื่องทำขนม #เตาวาฟเฟิลหนาพิเศษ
1732180758916466277,#โคมระย้า #โคมไฟห้อย #โคมไฟคริสตัล | #โคมไฟแต่งห้อง #โคมไฟร้านอาหาร #โคมไฟนอร์ดิก | #โคมระย้าคริสตัล #ไฟแต่งห้องนอน #โคมไฟห้องรับแขก
1731866798790511415,#ราวแขวนเสื้อผ้า #ราวแขวนผ้าไม้ไผ่ #ราวแขวนผ้ามินิมอล | #ราวตากผ้าคอนโด #ราวแขวนผ้ามีชั้นวาง #ราวไม้ไผ่แขวนผ้า | #เฟอร์นิเจอร์ไม้ไผ่ #ราวแขวนผ้าแต่งห้อง #ราวแขวนผ้าอเนกประสงค์
1733852775217006096,#โต๊ะข้าง #โต๊ะกาแฟ #โต๊ะทรงเมฆ | #โต๊ะมินิมอล #โต๊ะกลาง #โต๊ะโมเดิร์น | #โต๊ะวางของ #โต๊ะไม้ #โต๊ะห้องรับแขก
1730385034164931373,#โต๊ะบาร์ #โต๊ะยาววางของ #โต๊ะโชว์ของ | #โต๊ะสไตล์นอร์ดิก #โต๊ะขาสีทอง #โต๊ะวางทีวี | #โต๊ะบาร์โมเดิร์น #โต๊ะยาวอเนกประสงค์ #โต๊ะโชว์สินค้า
1730975029929085888,#ภาพตกแต่งบ้าน #ภาพพิมพ์แคนวาส #กรอบลอยติดผนัง | #ภาพแต่งห้องนอน #ภาพแต่งห้องนั่งเล่น #ภาพโมเดิร์น | #ภาพติดผนัง #แต่งบ้านสวย #ไอเดียแต่งห้อง
1730525891955362619,#ราวแขวนผ้าไม้ #ราวตากผ้า #ชั้นวางผ้า | #ราวแขวนผ้าไผ่ #ราวแขวนผ้าอเนกประสงค์ #ราวตากผ้าไม้ | #ราวแขวนผ้า190ซม #ราวแขวนผ้าห้องนอน #ราวแขวนผ้าminimal
1729734500397779112,#โต๊ะทำการบ้าน #โต๊ะเขียนหนังสือ #โต๊ะปรับระดับได้ | #โต๊ะหนังสือเด็ก #โต๊ะทำงานผู้ใหญ่ #โต๊ะอ่านหนังสือ | #โต๊ะปรับระดับ #โต๊ะทำการบ้านเด็ก #โต๊ะเขียนหนังสือเด็ก
1729709294830127629,#ตู้เก็บของ #ตู้เก็บของมินิมอล #ตู้ไม้เก็บของ | #ตู้เก็บของเปิดบน #ตู้เก็บของนั่งได้ #ตู้เก็บของยาว | #ตู้เก็บของแต่งบ้าน #ตู้เก็บของห้องนอน #ตู้เก็บของห้องรับแขก
1733102666246554899,#โต๊ะข้างทรงกลม #โต๊ะข้างโซฟา #โต๊ะกาแฟขนาดเล็ก | #โต๊ะข้างเตียง #โต๊ะอเนกประสงค์ #โต๊ะวางของมินิมอล | #โต๊ะโซฟา #โต๊ะข้างเตียงนอน #โต๊ะแต่งห้องนั่งเล่น
1730632340397787502,#ชั้นวางหนังสือ #แผ่นกั้นห้องนอน #ชั้นอเนกประสงค์ | #ชั้นวางของเล่น #ชั้นวางอเนกประสงค์ #bookcase | #ชั้นวางของ #ชั้นวางรองเท้า #ชั้นวางเครื่องสําอาง
1732964430435026743,#ราวแขวนผ้า #ราวแขวนผ้าไม้ #ราวแขวนผ้ามีล้อ | #ราวแขวนผ้ามีชั้นวาง #ราวแขวนผ้ามินิมอล #ราวแขวนผ้าสไตล์เกาหลี | #ราวแขวนผ้าไม้แท้ #ราวแขวนเสื้อผ้า #ราวแขวนหมวก
1735266452488161083,#โต๊ะข้างเตียง #ตู้ขนาดเล็ก #ตู้เก็บของ | #ที่เก็บของปลายเตียง #ชั้นเก็บของในห้องนอน #โต๊ะสี่เหลี่ยมเล็ก | #หอคอย #โต๊ะข้างเตียงขนาดเล็ก #ตู้เก็บของสี่เหลี่ยม
1732857346665907566,#โต๊ะทำเล็บหินอ่อน #โต๊ะทำเล็บ #โต๊ะช่างทำเล็บ | #โต๊ะเครื่องแป้ง #โต๊ะแต่งหน้า #โต๊ะเครื่องแป้งมินิมอล | #เฟอร์นิเจอร์ร้านเสริมสวย #โต๊ะแต่งหน้าเจ้าหญิง #โต๊ะโมเดิร์น
1730670022846941712,#ชั้นวางต้นไม้ #ชั้นวางของ #ที่วางกระถาง | #ชั้นวางต้นไม้ินิมอล #ชั้นวางของมินิมอล #ที่วางกระถางต้นไม้ | #ชั้นวางดอกไม้ #ชั้นวางกระถางดอกไม้ #ชั้นวางอเนกประสงค์
1730321166228097868,#ชั้นเก็บของ #ชั้นวางของ #LEEGO | #ชั้นวางเครื่องปรุง #ชั้นวางกาแฟ #ชั้นวางเครื่องสำอาง | #ชั้นวางของมินิมอล #ชั้นเก็บของอเนกประสงค์ #ชั้นวางของในครัว
1729963710456564539,#ที่แขวนกระเป๋า #ที่แขวนเสื้อ #ที่แขวนผ้า | #ที่แขวนหมวก #ราวแขวนหมวก #ราวแขวนเสื้อผ้า | #เสาแขวนเสื้อผ้า #ชั้นแขวนผ้า #ที่ตั้งเสื้อผ้า
1732517505917814503,#พรมขนขาว #พรมแต่งห้อง #พรมปูพื้น | #พรมขนฟู #พรมแต่งบ้าน #พรมโซฟา | #พรมขนสัตว์ #พรมแต่งโต๊ะ #พรมถ่ายรูปสินค้า
1731937860834854690,#สายคล้องคอโทรศัพท์ #สายคล้องพัดลม #สายคล้องมือถือ | #สายคล้องคอปรับได้ #สายห้อยโทรศัพท์ #สายคล้องบัตร | #สายคล้องคอแฟชั่น #สายคล้องพัดลมพกพา #สายสะพายโทรศัพท์
1730347509187644194,#GOOJODOQ #PowerBank #แบตสำรอง | #พาวเวอร์แบงค์ #แบตสำรองพกพา #แบตสำรอง10000mAh | #พาวเวอร์แบงค์ของแท้ #แบตสำรองTypeC #พาวเวอร์แบงค์ราคาถูก
1732147928331093923,#UlanziSL03 #แฟลชกล้อง #แฟลชมิอร์เลส | #แฟลชถ่ายภาพ #แฟลชDSLR #UlanziThailand | #แฟลชกล้องมินิ #แฟลชเสริมกล้อง #แฟลชต่อหัวกล้อง
1729708692900907015,#น้ำพุแมว #น้ำพุแมวไร้สาย #น้ำพุสัตว์เลี้ยง | #น้ำพุหมาแมว #น้ำพุแมuเซนเซอร์ #น้ำพุแมวแบตเตอรี่ | #น้ำพุแมว3ลิตร #น้ำพุแมวไร้สาย6500mah #น้ำพุแมวอัตโนมัติ
1734296785843947298,#หูฟังไร้สาย #หูฟังบลูทูธ #หูฟังGOOJODOQ | #หูฟังครอบหู #หูฟังไร้สายบลูทูธ #หูฟังเสียงดี | #หูฟังไร้สายGOOJODOQ #หูฟังบลูทูธไร้สาย #หูฟังไร้สายราคาถูก
1730641942901000841,#ขวดน้ำหอมเปล่า #ขวดน้ำหอมพกพา #ขวดน้ำหอม5ml | #ขวดแบ่งน้ำหอม #ขวดน้ำหอมเติมได้ #ขวดฉีดน้ำหอม | #ขวดน้ำหอมเดินทาง #ขวดน้ำหอมจิ๋ว #ขวดน้ำหอมพกพาขึ้นเครื่อง
1735915930004850466,#พัดลมมินิ #พัดลมTypeC #พัดลมพกพา | #พัดลมมือถือ #พัดลมUSB #พัดลมจิ๋ว | #GOOJODOQ #พัดลมมินิUSB #พัดลมมินิพกพา
1730191335122373410,#พัดลมมือถือ #พัดลมระบายความร้อน #พัดลมโทรศัพท์ | #พัดลมลดความร้อน #พัดลมเกมเมอร์ #พัดลมระบายความร้อนมือถือ | #พัดลมระบายความร้อนโทรศัพท์ #พัดลมมือถือเล่นเกม #พัดลมยูเอสบี
1732247502064880418,#พัดลมพกพา #พัดลมมือถือ #พัดลมมินิ | #พัดลมพกพาGOOJODOQ #พัดลมUSB #พัดลมจิ๋ว | #พัดลมพกพาLED #พัดลมชาร์จได้ #พัดลมเล็ก
1734022098641847968,#ลำโพงบลูทูธไร้สาย #ลำโพงJeep #ลำโพงพกพา | #ลำโพงบลูทูธ #ลำโพงไร้สาย #ลำโพงบลูทูธพกพา | #ลำโพงบลูทูธเสียงดี #ลำโพงบลูทูธเบสแน่น #ลำโพงบลูทูธไร้สายเสียงดี
1734966923249288376,#หูฟังคาราโอเกะ #หูฟังมีสาย #หูฟังคลิปหนีบ | #หูฟังการ์ดเสียง #หูฟังบลูทูธV54 #หูฟังพกพา | #หูฟังLED #หูฟังร้องเพลง #หูฟังราคาถูก
1735640253299065891,#ลำโพงบลูทูธ #ลำโพงไร้สาย #ลำโพงAcer | #ลำโพงบลูทูธเบสแน่น #ลำโพงพกพา #ลำโพงบลูทูธ5.4 | #ลำโพงบลูทูธเสียงดี #ลำโพงบลูทูธตัวเล็ก #ลำโพงไร้สายบลูทูธ
1731464278512141444,#พัดลมคล้องคอ #พัดลมพกพา #พัดลมมือถือ | #พัดลมมินิ #พัดลมยูเอสบี #พัดลมจิ๋ว | #พัดลมตั้งโต๊ะ #พัดลมไร้สาย #พัดลมส่วนตัว
1734114153268020378,#หูฟังhtc #หูฟังครอบหู #หูฟังบลูทูธ | #หูฟังไร้สาย #หูฟังครอบหูบลูทูธ #หูฟังเกม밍 | #หูฟังบลูทูธไร้สาย #หูฟังแปลภาษา #หูฟังhtc_hp07
1732743743023318049,#พรมซับน้ำดี #พรมกันลื่น #พรมเช็ดเท้า | #พรมขนนุ่ม #พรมแต่งห้อง #พรมห้องนอน | #พรมราคาถูก #พรมปูพื้น #พรมห้องน้ำ
1731015200727271487,#ผ้าขนหนูอาบน้ำ #ผ้าขนหนูแฟชั่น #ผ้าขนหนูผู้หญิง | #กระโปรงอาบน้ำ #ชุดผ้าขนหนู #ผ้าขนหนูใส่ได้ | #ผ้าขนหนูน่ารัก #ชุดอาบน้ำ #ผ้าขนหนูเกาหลี
1735011719179764983,#HoleBoardStorageBox #กล่องเก็บของตั้งโต๊ะ #ชั้นวางเครื่องเขียน | #ที่ใส่ปากกาโต๊ะทำงาน #กล่องใส่เครื่องเขียน #ชั้นวางของมินิมอล | #ที่เก็บปากกาน่ารัก #กล่องเก็บเครื่องประดับ #ชั้นวางของบนโต๊ะ
1732191367887948358,#กระปุกออมสิน #กระปุกออมสินเซรามิก #กระปุกออมสินหมี | #กระปุกออมสิน28cm #กระปุกออมสินน่ารัก #กระปุกออมสินแต่งบ้าน | #กระปุกออมสินหรู #กระปุกออมสินโมเดิร์น #กระปุกออมสินตั้งโชว์
1732711637432698084,#Catโคมไฟตั้งโต๊ะ #โคมไฟกลางคืน #โคมไฟCat | #โคมไฟLed #โคมไฟซิลิโคน #โคมไฟชาร์จUSB | #โคมไฟรูปสัตว์ #โคมไฟแต่งห้องนอน #โคมไฟเด็ก
1733358508859229361,#กล่องข้าวสแตนเลส #กล่องข้าว2ชั้น #ปิ่นโตสแตนเลส | #กล่องข้าวเก็บความร้อน #กล่องข้าวพกพา #กล่องใส่อาหาร | #กล่องข้าวออฟฟิศ #กล่องข้าวนักเรียน #กล่องข้าวสุญญากาศ
1732158580955383229,#ตะขอแขวนประตู #ตะขอแขวนกุญแจ #ตะขอติดผนัง | #ที่แขวนกุญแจ #ที่แขวนของติดผนัง #ที่แขวนอเนกประสงค์ | #ชั้นวางติดผนัง #ชั้นวางของมินิมอล #แต่งห้องมินิมอล
1731820177386734927,#กล่องแสตนเลส #กล่องใส่อาหารสแตนเลส #กล่องถนอมอาหาร | #กล่องใส่อาหาร #กล่องสแตนเลส #กล่องใส่อาหารสแตนเลสแท้ | #กล่องใส่อาหารสูญญากาศ #กล่องสแตนเลสใส่อาหาร #กล่องถนอมอาหารสแตนเลส
1731455950828176832,#โคมไฟเทียนLED #โคมไฟเทียน #เทียนLED | #ไฟกลางคืน #โคมไฟแต่งห้อง #โคมไฟโรแมนติก | #เทียนปลอม #โคมไฟอะคริลิค #โคมไฟมินิมอล
1731547121316103679,#แกนกระดาษทิชชู่ #ที่ใส่ทิชชู่ #ที่ใส่กระดาษทิชชู่ | #ที่วางทิชชู่ #ที่แขวนทิชชู่ #แกนใส่ทิชชู่ | #ที่ใส่กระดาษอเนกประสงค์ #ที่ตั้งทิชชู่ #แกนกระดาษอเนกประสงค์
1734740172775916827,#ถ้วยใส่แปรงสีฟัน #ที่ใส่แปรงสีฟัน #แก้วใส่แปรงสีฟัน | #ถ้วยน้ำบ้วนปาก #แก้วน้ำบ้วนปาก #กระบอกใส่แปรงสีฟัน | #กล่องใส่แปรงสีฟัน #ที่เก็บแปรงสีฟัน #แก้วแปรงสีฟันเด็ก
1733526612042483300,#ของแต่งบ้าน #นาฬิกาทราย3มิติ #ภาพวาดทรายไหล | #ทรายไหล3มิติ #นาฬิกาทรายแก้ว #ของแต่งห้องมินิมอล | #ของขวัญวันเกิด #ของแต่งโต๊ะทำงาน #ของตกแต่งบ้าน
1734382825506767984,#ตะกร้าอเนกประสงค์ #ตะกร้าผ้า #ตะกร้าใส่ผ้า | #ตะกร้าผ้ามีฝาปิด #ตะกร้าใส่ผ้าฝาปิด #ตะกร้าผ้าใหญ่ | #ตะกร้าผ้าสไตล์มินิมอล #ตะกร้าผ้าความจุสูง #ตะกร้าผ้าพลาสติก
1732004668407581647,#ขาตั้งจอแสดงผลไม้ #ขาตั้งโชว์ต่างหู #ขาตั้งสร้อยคอ | #ชั้นวางต่างหูไม้ #ชั้นวางสร้อยคอไม้ #ที่แขวนต่างหูไม้ | #ที่จัดระเบียบเครื่องประดับ #ที่แขวนสร้อยคอไม้ #แท่นโชว์เครื่องประดับ
1731750299970799693,#กล่องเครื่องประดับ #กล่องเก็บเครื่องประดับ #กล่องใส่เครื่องประดับ | #ลิ้นชักเก็บเครื่องประดับ #กล่องอะคริลิก #กล่องใสเครื่องประดับ | #กล่องเครื่องประดับ3ชั้น #กล่องเก็บแหวน #กล่องใส่ต่างหู
1736098931840026086,#ส้อมและช้อน #ช้อนส้อมเซรามิก #ชุดช้อนส้อม | #ส้อมสแตนเลส #ช้อนสแตนเลส #ช้อนส้อมสไตล์เกาหลี | #ช้อนส้อมน่ารัก #ช้อนส้อมสีมุก #ชุดช้อนส้อมสแตนเลส
1731576541761603562,#แปรงซิลิโคน #แปรงล้างหน้า #แปรงซิลิโคนล้างหน้า | #แปรงขัดหน้า #แปรงล้างหน้าซิลิโคน #แปรงซิลิโคนนิ่ม | #แปรงล้างหน้ามีด้ามจับ #แปรงทำความสะอาดหน้า #แปรงนวดหน้า
1732675009680082278,#พาวเวอร์แบงค์20000mah #แบตสำรองมีสายในตัว #เพาเวอร์แบงค์ชาร์จเร็ว | #แบตสำรอง20000mah #พาวเวอร์แบงค์พกพา #แบตสำรองของแท้ | #พาวเวอร์แบงค์ราคาถูก #แบตสำรองขึ้นเครื่องได้ #เพาเวอร์แบงค์สวยๆ
1731532089751014108,#ม่านแม่เหล็กกันยุง #ม่านติดประตู #ม่านกันยุง | #ม่านแม่เหล็ก #ม่านกันยุงประตู #ม่านติดหน้าต่าง | #ม่านกันยุงแม่เหล็ก #ม่านประตู #ม่านMagicMesh
1733301888465733195,#หัวต่อก๊อกกรองน้ำ #หัวกรองก๊อกน้ำ #ที่กรองน้ำ | #หัวต่อก๊อกน้ํา #หัวกรองน้ํา #หัวต่อก๊อกน้ำประปา | #หัวก๊อกกรองน้ำ #หัวต่อก๊อก #กรองน้ำก๊อก
1732073687797040906,#กระชอนสแตนเลส #กระชอนตาถี่ #กระชอนด้ามไม้ | #กระชอนตักอาหาร #กระชอนตาข่าย #กระชอนกรองอาหาร | #กระชอนทำอาหาร #กระชอนครัว #กระชอนอเนกประสงค์
1732253205114226478,#ไม้แขวนเสื้อ #ไม้แขวนเสื้อสแตนเลส #ไม้แขวนสแตนเลส | #ไม้แขวนเสื้อหนา #ไม้แขวนเสื้อผ้า #ไม้แขวนเสื้อแฟชั่น | #ไม้แขวนเสื้อราคาส่ง #ไม้แขวนเสื้อสแตนเลสแท้ #ไม้แขวนสแตนเลสหนา
1733460736317818479,#หม้อกรองน้ำมัน #ถังกรองน้ำมัน #กระปุกกรองน้ำมัน | #หม้อกรองกากอาหาร #หม้อกรองน้ำมันสแตนเลส #กระปุกกรองกากหมู | #หม้อกรองน้ำมันทอด #หม้อกรองน้ำมันพืช #ถังกรองสแตนเลส
1733449402102285587,#โต๊ะกาแฟ #โต๊ะกาแฟทรงกลม #โต๊ะกาแฟสองชั้น | #โต๊ะข้างโซฟา #โต๊ะข้างเตียง #โต๊ะทรงกลม | #โต๊ะแต่งห้อง #โต๊ะมินิมอล #โต๊ะอพาร์ตเมนต์
1730245055700700135,#ชั้นวางฝาหม้อ #ชั้นวางของในครัว #ที่วางฝาหม้อ | #ที่วางกระทะ #ชั้นวางหม้อ #ชั้นวางจานสแตนเลส | #ชั้นวางของปรับขนาดได้ #ที่เก็บฝาหม้อ #ชั้นวางเครื่องครัว
1736200802056177164,#ตู้เก็บของติดผนัง #ตู้เก็บของมินิมอล #ตู้เก็บของห้องน้ำ | #ตู้เก็บของห้องครัว #ตู้เก็บของกันน้ำ #ตู้เก็บของกันฝุ่น | #ตู้เก็บของไม่ต้องเจาะ #ตู้เก็บของราคาถูก #ตู้เก็บของประหยัดพื้นที่
1731300443604158436,#ถังขยะ #ถังขยะมินิมอล #ถังขยะในบ้าน | #ถังขยะสวยๆ #ถังขยะห้องครัว #ถังขยะห้องนอน | #ถังขยะหรู #ถังขยะห้องนั่งเล่น #ถังขยะกด
1735477577827256015,#กล่องทิชชู่ #ที่ใส่ทิชชู่ #กล่องกระดาษชำระ | #กล่องเก็บของ #ที่เก็บปากกา #จัดระเบียบโต๊ะ | #ที่วางมือถือ #ขาตั้งโทรศัพท์ #แท่นวางมือถือ
1735503253071955473,#โต๊ะกาแฟ #โต๊ะกาแฟไม้ #โต๊ะกาแฟมินิมอล | #โต๊ะกลางห้อง #โต๊ะกลางห้องรับแขก #โต๊ะกลางโซฟา | #โต๊ะวางของ #โต๊ะไม้มีลิ้นชัก #โต๊ะรับแขก
1732320179296765571,#ตู้เก็บของ #ตู้กับข้าว #ตู้อเนกประสงค์ | #ตู้เก็บของห้องครัว #ตู้กับข้าวห้องครัว #ตู้อเนกประสงค์ในครัว | #ตู้เก็บของกันฝุ่น #ตู้เก็บของไม้ #ตู้เก็บของราคาถูก
1735950881056850956,#โคมไฟตั้งพื้นมินิมอล #โคมไฟแต่งห้องนอน #โคมไฟตั้งพื้นห้องรับแขก | #โคมไฟหัวเตียง #โคมไฟตั้งพื้นสไตล์เกาหลี #โคมไฟมินิมอลแต่งบ้าน | #โคมไฟตั้งพื้นสวยๆ #โคมไฟห้องนั่งเล่น #โคมไฟตั้งพื้นปรับแสงได้
1734849329934731194,#กระจกตั้งพื้น #กระจกแต่งตัว #กระจกสไตล์มินิมอล | #กระจกห้องนอน #กระจกเต็มตัว #กระจกมินิมอล | #กระจกแต่งหน้า #กระจกแต่งตัวมินิมอล #กระจกห้องแต่งตัว
1734055101588014124,#ตู้เก็บรองเท้า #ตู้รองเท้าไม้ #ตู้รองเท้าบานเลื่อน | #ตู้เก็บรองเท้าเก๋ๆ #ตู้รองเท้ามินิมอล #ตู้เก็บของอเนกประสงค์ | #ตู้รองเท้าประหยัดพื้นที่ #ตู้รองเท้าสวยๆ #ตู้เก็บรองเท้าทนทาน
1729576411945142441,#ที่จับลายการ์ตูน #ตู้ลิ้นชักพลาสติก #ตู้ลิ้นชักมีล้อ | #ที่จับลายการ์ตูนเพิ่มหนา #ตู้ลิ้นชัก5ชั้น #ตู้ลิ้นชักเก็บของ | #ที่จับการ์ตูน #ตู้ลิ้นชักพลาสติกมีล้อ #ตู้เก็บของพลาสติก
1731505292957418808,#ชั้นวางเสื้อผ้า #ราวแขวนผ้า #ที่แขวนผ้า | #ชั้นวางผ้า #ราวตากผ้า #ที่แขวนเสื้อ | #ชั้นแขวนผ้า #ราวแขวนเสื้อ #ที่แขวนหมวก
1731986228179666681,#ชั้นวางทีวี #โต๊ะวางทีวี #ตู้วางทีวี | #ที่วางทีวี #ชั้นวางทีวี160ซม #โต๊ะวางทีวี180ซม | #ตู้วางทีวีมีลิ้นชัก #ชั้นวางทีวีโมเดิร์น #โต๊ะวางทีวีลักชูรี
1730313553753573493,#นาฬิกาแขวนผนัง #นาฬิกานอร์ดิก #นาฬิกาโมเดิร์น | #นาฬิกาไม้ #นาฬิกาลูกตุ้ม #นาฬิกาแต่งบ้าน | #นาฬิกาสไตล์มินิมอล #นาฬิกาห้องนั่งเล่น #นาฬิกาติดผนัง
1734597944128275729,#ชั้นวางของระแนงกั้นห้อง #ชั้นวางของแบ่งโซน #ฉากกั้นห้องระแนง | #เฟอร์นิเจอร์กั้นห้อง #ชั้นวางของมินิมอล #ฉากกั้นห้องโมเดิร์น | #ชั้นวางของแต่งบ้าน #ฉากกั้นห้องสวยๆ #เฟอร์นิเจอร์แต่งบ้าน
1731963457492976982,#โคมไฟตั้งโต๊ะ #โคมไฟมินิมอล #โคมไฟแต่งห้อง | #โคมไฟสไตล์นอร์ดิก #โคมไฟหัวเตียง #โคมไฟห้องนอน | #ไฟมินิมอล #ไฟแต่งห้อง #ไฟหัวเตียง
1734727978577134855,#ชุดโต๊ะกาแฟ #ชุดโต๊ะทานข้าว #ชุดโต๊ะรับแขก | #โต๊ะกาแฟมินิมอล #โต๊ะไม้ยางพารา #โต๊ะกินข้าวกลม | #โต๊ะกาแฟสวยๆ #โต๊ะไม้แท้ #โต๊ะรับประทานอาหาร
1731296282669450908,#ไม้แขวนเสื้อตั้งพื้น #ราวแขวนผ้าตั้งพื้น #ที่แขวนผ้าตั้งพื้น | #ราวแขวนหมวก #ที่แขวนหมวก #เสาแขวนหมวก | #ราวแขวนไม้อเนกประสงค์ #ที่แขวนกระเป๋า #ราวแขวนเสื้อผ้า
1732814456750310861,#ชุดสวนหวาย #เฟอร์นิเจอร์หวาย #ลานเฟอร์นิเจอร์ | #เฟอร์นิเจอร์หวายกลางแจ้ง #โซฟาหวายและโต๊ะน้ำชา #ชุดโต๊ะสนาม | #ชุดโต๊ะเก้าอี้หวาย #ชุดเฟอร์นิเจอร์สวน #ชุดโต๊ะทานข้าวกลางแจ้ง
1735164884688864631,#ตู้เก็บของ #ตู้เตี้ยบานเปิด #ตู้เก็บของมินิมอล | #ตู้เก็บของปลายเตียง #ตู้เตี้ยแต่งห้อง #ตู้อเนกประสงค์ไม้ | #ตู้เก็บของนั่งได้ #ตู้หน้าต่าง #ตู้เตี้ยแต่งบ้าน
1734634629925209256,#เก้าอี้ชิงช้า #เก้าอี้หวาย #เก้าอี้แขวน | #เก้าอี้ชิงช้ามีขาตั้ง #เก้าอี้แต่งสวน #เก้าอี้พักผ่อน | #เก้าอี้ไข่ #เก้าอี้ชิงช้าหวาย #เก้าอี้ระเบียง
1733655896687020006,#เตียงไม้แท้ #เตียงไม้สน #เตียงนอน6ฟุต | #เตียงนอน5ฟุต #เตียงนอน3.5ฟุต #เตียงไม้ราคาถูก | #เตียงนอนมินิมอล #เตียงไม้จริง #เฟอร์นิเจอร์ห้องนอน
1730217606739954192,#เก้าอี้สตูล #เก้าอี้แต่งหน้า #เก้าอี้ทรงกลม | #เก้าอี้มินิมอล #เก้าอี้ท่านั่งสบาย #เก้าอี้ห้องนอน | #เก้าอี้แต่งห้อง #เก้าอี้ราคาถูก #เก้าอี้น่ารัก
1731410845966305461,#หูฟังบลูทูธไร้สาย #หูฟังบลูทูธ #หูฟังไร้สาย | #หูฟังกันน้ำ #หูฟังเสียงดี #หูฟังมีไมค์ | #หูฟังมินิ #หูฟังแฟชั่น #หูฟังบลูทูธเสียงดี
1731297011279627448,#ลำโพงบลูทูธJMAX #ลำโพงพกพาJM6E #ลำโพงไร้สาย10W | #ลำโพงบลูทูธเสียงดี #ลำโพงพกพาเบสแน่น #ลำโพงมินิบลูทูธ | #ลำโพงJMAXแท้ #ลำโพงบลูทูธพกพา #ลำโพงบลูทูธไร้สาย
1731917151427267000,#เตาปิ้งย่างไฟฟ้า #เตาปิ้งย่าง #เตาไฟฟ้า | #เตาหมูกระทะ #เตาบาร์บีคิว #เตาชาบู | #Oxygenเตาปิ้งย่าง #เตาปิ้งย่าง1500วัตต์ #เตาปิ้งย่างKW302
1731890062908229086,#กระทะไฟฟ้าจิ๋ว #กระทะไฟฟ้า550W #กระทะไฟฟ้ามินิ | #กระทะไฟฟ้าอเนกประสงค์ #กระทะไฟฟ้าหอพัก #กระทะไฟฟ้าพกพา | #กระทะไฟฟ้าทำอาหาร #กระทะไฟฟ้าทอด #กระทะไฟฟ้าคุ้มๆ
1733614172755953536,#เครื่องดูดฝุ่น #เครื่องดูดฝุ่นพกพา #เครื่องดูดฝุ่นไร้สาย | #เครื่องดูดฝุ่นรถยนต์ #เครื่องดูดฝุ่นในรถ #ที่ดูดฝุ่นในรถ | #เครื่องดูดฝุ่นขนาดเล็ก #ที่ดูดฝุ่น #เครื่องดูดฝุ่น 990000Pa
1729563441280420258,#เตาไฟฟ้า #เตาไฟฟ้าอเนกประสงค์ #เตาไฟฟ้าพกพา | #เตาต้มกาแฟ #เตาไฟฟ้ามินิ #เตาอุ่นอาหาร | #เตาโมก้าป็อต #เตาไฟฟ้าขนาดเล็ก #เตาไฟฟ้าต้มน้ำ
1731890168487970270,#เครื่องดูดฝุ่น18L #เครื่องดูดฝุ่น1500W #เครื่องดูดฝุ่นอุตสาหกรรม | #เครื่องดูดฝุ่นดูดน้ำได้ #เครื่องดูดฝุ่นถังใหญ่ #VacumCleaner | #เครื่องดูดฝุ่นแห้งเปียก #เครื่องดูดฝุ่นในรถ #เครื่องดูดฝุ่นในบ้าน
1731545465109579829,#เครื่องทำวาฟเฟิล #เครื่องทำวาฟเฟิลมินิ #เครื่องทำวาฟเฟิลพกพา | #เครื่องอบวาฟเฟิล #เตาทำวาฟเฟิล #เครื่องทำขนมวาฟเฟิล | #เครื่องทำวาฟเฟิลโดนัท #เครื่องทำวาฟเฟิลหัวใจ #เครื่องทำวาฟเฟิลกลม
1729582775450503842,#เครื่องทำให้ชื้น #เครื่องเพิ่มความชื้น #เครื่องพ่นอโรม่า | #เครื่องทำความชื้น #เครื่องพ่นควัน #เครื่องพ่นไอน้ำ | #โคมไฟอโรมา #เครื่องพ่นอโรมา300ml #เครื่องพ่นอโรม่าห้องนอน
1732131505204988254,#เครื่องต้มไข่อัตโนมัติ #เครื่องต้มไข่ไฟฟ้า #เครื่องต้มไข่มินิ | #หม้อต้มไข่อัตโนมัติ #หม้อต้มไข่ไฟฟ้า #เครื่องต้มไข่ลวก | #เครื่องต้มไข่ราคาถูก #เครื่องต้มไข่พกพา #เครื่องต้มไข่ใช้งานง่าย
1729824293341661662,#เครื่องทำโดนัท #เครื่องทำโดนัทจิ๋ว #เตาทำโดนัท | #เครื่องทำขนม #เครื่องทำขนมจิ๋ว #เครื่องทำขนมโฮมเมด | #เตาอบโดนัท #เครื่องทำโดนัทไฟฟ้า #เครื่องทำโดนัท16หลุม
1731736229452810710,#เครื่องเพิ่มความชื้น #เครื่องพ่นควัน #เครื่องอโรมา | #เพิ่มความชื้นในห้อง #เครื่องพ่นอโรมา #เครื่องทำความชื้น | #เครื่องพ่นไอน้ำ #เครื่องเพิ่มความชื้นมินิ #เครื่องพ่นควันอโรมา
1730094484961004484,#เครื่องดักยุง #เครื่องดักยุงLED #เครื่องช็อตยุง | #ที่ดักยุง #เครื่องไล่ยุง #ไฟล่อยุง | #กำจัดยุง #โคมไฟดักยุง #เครื่องดูดยุง
1731637994723444164,#กาน้ำร้อนไฟฟ้า #กาน้ำชาไฟฟ้า #กาต้มน้ำไฟฟ้า | #กาน้ำร้อน600ml #กาต้มน้ำอเนกประสงค์ #กาน้ำชามินิมอล | #กาต้มชาไฟฟ้า #กาต้มน้ำเดือดเร็ว #กาไฟฟ้าอเนกประสงค์
1733556420859955113,#MODOFOH91 #กล้องแอคชั่น #กล้องโกโปร | #กล้องติดหมวก #กล้องแอคชั่นแคม #กล้องไวไฟ | #กล้องกีฬา #กล้องติดรถมอเตอร์ไซค์ #กล้องวิดีโอ
1735100654589477985,#กล้องแอคชั่น #TackiloLK18 #กล้องติดหมวก | #กล้องแอคชั่นแคม #กล้องPOV #กล้องติดอก | #กล้อง4K #กล้องแม่เหล็ก #กล้องVlog
1734725245803922934,#กล้องกิมบอล #VETEKHJD05 #กล้องกิมบอลถือมือ | #กล้อง4K #กล้องวิดีโอ #กล้องvlog | #กล้องถ่ายรูป #กล้องมือถือ #กล้องราคาถูก
1734727111040599542,#กล้องดิจิทัล #กล้องVETEK #กล้อง8K | #กล้องถ่ายรูป #กล้องไวไฟ #กล้องทำวล็อก | #กล้องดิจิตอล #กล้องเลนส์คู่ #กล้องหน้าจอสัมผัส
1732238012909455227,#Insta360X5 #กรงกระต่ายInsta360 #เคสInsta360X5 | #กรอบป้องกันInsta360 #เคสกันกระแทกInsta360 #กรงกล้องInsta360 | #อุปกรณ์เสริมInsta360 #เคสกล้องแอคชั่น #กรงโลหะInsta360
1732307033304106786,#พัดลมพกพา #พัดลมมินิ #พัดลมเทอร์โบ | #พัดลมไร้สาย #พัดลมชาร์จได้ #พัดลมมือถือ | #พัดลมgoojodoq #พัดลมนีลูง #พัดลมแฟชั่น
1734789810981668786,#พัดลมมือถือ #พัดลมพกพา #พัดลมมินิ | #พัดลมเทอร์โบ #พัดลมพกพาMORENO #พัดลมมือถือลมแรง | #พัดลมพกพาแฟชั่น #พัดลมพกพาหน้าร้อน #พัดลมมินิพกพา
1734227879586858047,#พัดลมพกพา #พัดลมมินิ #พัดลมพกพาfofox | #พัดลมมือถือ #พัดลมusb #พัดลมพกพาไร้สาย | #พัดลมจิ๋ว #พัดลมพกพาปรับระดับได้ #พัดลมพกพาเสียงเงียบ
1731036544034637950,#ขาตั้งกล้อง #ขาตั้งมือถือ #ขาตั้งกล้อง3ขา | #ขาตั้งกล้องถ่ายรูป #ขาตั้งกล้องไลฟ์สด #ขาตั้งกล้องมือถือ | #tripod #ขาตั้งกล้องรีวิว #ขาตั้งกล้องราคาถูก
1734074371162408062,#โคมไฟตั้งแคมป์ #โคมไฟพกพา #โคมไฟled | #โคมไฟโซล่าเซลล์ #โคมไฟแคมป์ปิ้ง #ไฟฉุกเฉิน | #โคมไฟกันน้ำ #โคมไฟเต็นท์ #ไฟแต่งเต็นท์
1733246826159703177,#ลำโพงบลูทูธ #ลำโพงพกพา #ลำโพงM600 | #ลำโพงบลูทูธไร้สาย #ลำโพงเสียงดี #ลำโพงเบสแน่น | #ลำโพงบลูทูธพกพา #ลำโพงมินิ #ลำโพงบลูทูธเสียงดี
1732133942660794084,#พัดลมพกพา #พัดลมไร้สาย #พัดลมตั้งโต๊ะ | #พัดลมusb #พัดลมจิ๋ว #พัดลมมินิ | #พัดลมใส #พัดลมพกพาน่ารัก #พัดลมพับได้
1732725385093809321,#พาวเวอร์แบงค์30000mah #พาวเวอร์แบงค์ชาร์จเร็ว #พาวเวอร์แบงค์มีสายในตัว | #แบตสำรองพกพา #แบตสำรองโซล่าเซลล์ #แบตสำรองของแท้ | #เพาเวอร์แบงค์ #โซล่าเซลล์พาวเวอร์แบงค์ #พาวเวอร์แบงค์แคมป์ปิ้ง
1730276602216155345,#พัดลมไร้สาย #พัดลม12นิ้ว #พัดลมแบตเตอรี่ | #พัดลมไร้สาย21V #พัดลมพกพา #พัดลมชาร์จไฟ | #พัดลมอเนกประสงค์ #พัดลมTANZU #พัดลมไร้สายพกพา
1729693765107091637,#ลำโพงบลูทูธ #ลำโพงบลูทูธเบสหนัก #ลำโพงบลูทูธไร้สาย | #ลำโพงบลูทูธขนาดเล็ก #ลำโพงบลูทูธพกพา #ลำโพงบลูทูธซับวูฟเฟอร์ | #ลำโพงบลูทูธกลางแจ้ง #ลำโพงบลูทูธแฟลชไดรฟ์ #ลำโพงบลูทูธtypec
1729756094356490725,#สายรัดกระเป๋า #สายรัดเดินทาง #สายรัดกระเป๋าเดินทาง | #สายรัดไขว้ #สายรัดกากบาท #สายรัดกระเป๋าไขว้ | #สายรัดกระเป๋าเดินทาง32นิ้ว #สายรัดกระเป๋าปรับได้ #สายรัดกระเป๋าคู่
1729431302658820898,#StandHolder #ขาตั้งแล็ปท็อป #ขาตั้งโน้ตบุ๊ก | #ที่วางแล็ปท็อป #ที่วางโน้ตบุ๊ก #แท่นวางแล็ปท็อป | #แท่นวางโน้ตบุ๊ก #ขาตั้งไอแพด #ที่วางไอแพด
1735714105270240282,#ไม้เซลฟี่ #ไม้เซลฟี่Magsafe #ไม้เซลฟี่ยืดได้ | #ไม้เซลฟี่A18 #ไม้เซลฟี่175ซม #ไม้เซลฟี่บลูทูธ | #ไม้เซลฟี่ไร้สาย #ไม้เซลฟี่มือถือ #ไม้เซลฟี่ขาตั้ง
1734522519216359202,#GOOJODOQ #มินิโปรเจคเตอร์ #โปรเจคเตอร์อัตโนมัติ | #โปรเจคเตอร์พกพา #โปรเจคเตอร์มินิ #โปรเจคเตอร์ราคาถูก | #โปรเจคเตอร์ไร้สาย #โปรเจคเตอร์สมาร์ท #โปรเจคเตอร์แต่งห้อง
1734465628480439507,#ปลอกป้องกันหมอน #ปลอกหมอนกันเปื้อน #ปลอกหมอนกันน้ำ | #ปลอกหมอนกันไรฝุ่น #ปลอกหมอนโรงแรม #ปลอกหมอนกันเหงื่อ | #ปลอกหมอนซักได้ #ปลอกหมอนระบายอากาศ #ปลอกหมอนกันคราบ
1729652298092677288,#กระเป๋าเก็บผ้านวม #ถุงใส่ผ้านวม #กระเป๋าใส่ผ้า | #ถุงใส่เสื้อผ้า #กระเป๋าจัดระเบียบ #กระเป๋าผ้าห่ม | #ถุงเก็บผ้านวม #กระเป๋าผ้านวม #กระเป๋าใส่ผ้านวม
1736193518780909342,#คอนโดตากปลา #ที่ตากอาหาร #มุ้งตากอาหาร | #ที่ตากปลา3ชั้น #คอนโดตากอาหาร #มุ้งตากปลา | #ที่ตากปลา #คอนโดตากปลา3ชั้น #มุ้งตากอาหาร3ชั้น
1732246898879858258,#ถ้วยมังกรLED #ถ้วยมังกรไฟLED #แก้วมังกรเปลี่ยนสี | #แก้วเบียร์LED #แก้วค็อกเทลมีไฟ #แก้วปาร์ตี้เรืองแสง | #แก้วมัคLED #แก้วเปลี่ยนสีอัตโนมัติ #แก้วมังกรเรืองแสง
1735850653130786563,#โลชั่นซิตร้า #โลชั่นทาผิว #ครีมทาผิว | #โลชั่นAHA #โลชั่นกันแดด #ครีมกันแดดทาตัว | #โลชั่นผิวขาว #โลชั่นตัวหอม #ครีมผิวขาว
1734699155873039896,#นาฬิกาข้อมือผู้ชาย #นาฬิกาผู้ชาย #นาฬิกาหรู | #นาฬิกาแฟชั่น #นาฬิกาสายหนัง #นาฬิกาข้อมือ | #นาฬิกาผู้ชายเท่ๆ #นาฬิกาข้อมือแฟชั่น #นาฬิกาแบรนด์ผู้ชาย
1733534079639062486,#พานแก้วอะคริลิค #พานใส #พานแก้ว | #พานแก้วคริสตัล #พานพระ #พานมินิมอล | #พานแก้วใส #พานอะคริลิค #พานถวายพระ
1732340946956158989,#มีดแกะกุ้ง #มีดแกะเปลือกกุ้ง #ที่แกะกุ้ง | #ที่ถอดเกล็ดปลา #คีมแกะเปลือกกุ้ง #ที่ปอกเปลือกกุ้ง | #อุปกรณ์แกะกุ้ง #มีดสแตนเลส #มีดครัว
1730289854914857237,#โซฟาเป่าลม #โซฟานั่งเล่น #โซฟาโซฟา | #เก้าอี้ลม #เก้าอี้เป่าลม #เก้าอี้โซฟา | #เบาะนั่งสูบลม #เบาะเป่าลม #เบาะนั่งพับได้
1733133935705687325,#กระดาษทิชชู่ #ทิชชู่ยกลัง #กระดาษชำระ | #ทิชชู่หนานุ่ม #กระดาษทิชชู่ราคาส่ง #ทิชชู่หนา3ชั้น | #กระดาษทิชชู่เช็ดหน้า #ทิชชู่ยักษ์ #กระดาษทิชชู่ยกลัง
1731625014758443468,#ปรอทวัดไข้ดิจิตอล #ปรอทวัดไข้ #ที่วัดไข้ | #ปรอทวัดอุณหภูมิ #เครื่องวัดไข้ #วัดไข้ดิจิตอล | #ปรอทวัดไข้เด็ก #ที่วัดไข้ดิจิตอล #ปรอทวัดไข้ผู้ใหญ่
1732207494920636204,#เครื่องวัดอุณหภูมิ #ที่วัดไข้ #เครื่องวัดไข้ | #เครื่องวัดอุณหภูมิหน้าผาก #ที่วัดอุณหภูมิ #วัดไข้เด็ก | #เครื่องวัดไข้ดิจิตอล #ที่วัดไข้ดิจิตอล #ปรอทวัดไข้ดิจิตอล
1731362732906809169,#เครื่องซีลแบบพกพาขนาดเล็ก #เครื่องซีลถุง #เครื่องซีลพลาสติก | #ที่ซีลถุงขนม #เครื่องซีลความร้อน #เครื่องซีลพกพา | #ที่ซีลถุงพลาสติก #เครื่องซีลถุงพลาสติก #เครื่องซีลขนาดเล็ก
1731816009199487530,#DECKER #เครื่องตัด #เครื่องตัดแบบชาร์จไฟ | #เครื่องเจียร์ #ลูกหมูไร้สาย #ลูกหมู12V | #ลูกหมูตัดเหล็ก #ลูกหมูหินเจียร #เครื่องเจียร
1736221297032267174,#น้ำยาซักผ้า #เดียร์นี่ #น้ำยาซักผ้าเดียร์นี่ | #ซักผ้าหอมๆ #น้ำยาซักผ้าสูตรเข้มข้น #ผลิตภัณฑ์ซักผ้า | #เดียร์นี่พีโอนี #น้ำยาซักผ้าถุงเติม #เดียร์นี่ลัชบลูม
1731685728861916027,#หูฟังไร้สาย #หูฟังบลูทูธ #หูฟังครอบหู | #หูฟังแมวมีไฟ #หูฟังเกมing #หูฟังบลูทูธ50 | #หูฟังเสียงดี #หูฟังแฟชั่น #หูฟังไร้สายบลูทูธ
1734315523478815928,#กระเป๋าสะพายข้าง #กระเป๋าวินเทจ #กระเป๋าแฟชั่น | #กระเป๋าสะพาย #กระเป๋าเท่ๆ #กระเป๋าฮิต | #กระเป๋าผู้ชาย #กระเป๋าผู้หญิง #กระเป๋าสตรีท
1733451811941091131,#น้ำหอมปรับอากาศในรถยนต์ #น้ำหอมรถยนต์ #น้ำหอมพระพาย | #อโรมา10ml #น้ำหอมติดรถยนต์ #ของแต่งรถหอมๆ | #น้ำหอมรถจอดตากแดด #ดับกลิ่นรถยนต์ #น้ำหอมออร์แกนิกในรถ
1734718089769485397,#น้ำยาล้างจาน #MAPRAOCHANG #น้ำยาล้างจานถุงเติม | #น้ำยาล้างจานราคาถูก #น้ำยาล้างจาน450มล #น้ำยาล้างจานสุดคุ้ม | #น้ำยาล้างจานขจัดคราบมัน #น้ำยาล้างจานกลิ่นมะนาว #น้ำยาล้างจานแพ็คคู่
1734846968372168412,#ลำโพงบลูทูธ #ลำโพงไร้สาย #ลำโพงพกพา | #ลำโพงบลูทูธเบสแน่น #ลำโพงบลูทูธเสียงดี #ลำโพงบลูทูธพกพา | #ลำโพงบลูทูธไร้สาย #ลำโพงบลูทูธมัสเชลล์ #ลำโพงบลูทูธทนทาน
1733594476940789206,#เคียวแมงกานีส #เคียวเหล็ก #เคียวคมๆ | #เคียวเกี่ยวหญ้า #เคียวเกี่ยวข้าว #มีดถางหญ้า | #เคียวตัดกิ่งไม้ #เคียวด้ามยาว #เครื่องมือเกษตร
1735602859898471704,#กระเป๋าคาดอก #กระเป๋าคาดอกผู้ชาย #กระเป๋าแฟชั่น | #กระเป๋าคาดเอว #กระเป๋าสะพายข้าง #กระเป๋าผู้ชาย | #กระเป๋าเท่ๆ #กระเป๋าสไตล์เกาหลี #กระเป๋าฮิต
1732783964720367394,#GOOJODOQ #ลำโพงพกพา #ลำโพงบลูทูธ | #ลำโพงไร้สาย #ลำโพงคาราโอเกะ #ลำโพงเสียงดี | #ลำโพง50W #ลำโพงปาร์ตี้ #ลำโพงAB4093
1733072569494177607,#แบตสำรอง #พาวเวอร์แบงค์ #PowerBank | #แบตสำรองพกพา #พาวเวอร์แบงค์20000มล #แบตสำรองน่ารัก | #พาวเวอร์แบงค์มีสายในตัว #แบตสำรองลายการ์ตูน #พาวเวอร์แบงค์ชาร์จไว
1734432542150395657,#BLUEWOW #พาวเวอร์แบงค์ #แบตสำรอง | #Powerbank #เพาเวอร์แบงค์ #พาวเวอร์แบงค์30000mAh | #พาวเวอร์แบงค์ของแท้ #พาวเวอร์แบงค์ชาร์จเร็ว #พาวเวอร์แบงค์120W
1735676833307527111,#กระเป๋าลำโพง #กระเป๋าบลูทูธ #ลำโพงบลูทูธ | #กระเป๋าA113 #ลำโพงA113 #กระเป๋ามีไฟ | #กระเป๋าแฟชั่น #ลำโพงไร้สาย #กระเป๋าพกพา
1735900270405912275,#ลำโพงบลูทูธ #ลำโพงไร้สาย #ลำโพงบลูทูธพกพา | #ลำโพงไฟRGB #ลำโพงแต่งห้อง #ลำโพงตั้งโต๊ะ | #ลำโพงบลูทูธเสียงดี #ลำโพงบลูทูธเบสหนัก #ลำโพงบลูทูธมินิมอล
1735446395974092047,#ลำโพงบลูทูธพกพา #ลำโพงบลูทูธไร้สาย #ลำโพงบลูทูธเสียงดี | #ลำโพงพกพา #ลำโพงบลูทูธมินิ #ลำโพงบลูทูธเบสแน่น | #ลำโพงบลูทูธราคาประหยัด #ลำโพงบลูทูธบลูทูธ #ลำโพงบลูทูธพกพาสะดวก
1734187523366094174,#ลำโพงบลูทูธ #ลำโพงพกพา #ลำโพงไร้สาย | #ลำโพงมินิ #ลำโพงน่ารัก #ลำโพงเสียงดี | #ลำโพงบลูทูธเบสหนัก #ลำโพงมีไฟ #ลำโพงบลูทูธจิ๋ว
1734807666662410082,#พาวเวอร์แบงค์ #แบตสำรอง #เพาเวอร์แบงค์30000mAh | #พาวเวอร์แบงค์ชาร์จเร็ว #แบตสำรองของแท้ #พาวเวอร์แบงค์พกพา | #พาวเวอร์แบงค์KARMU #แบตสำรองราคาถูก #พาวเวอร์แบงค์น่ารัก
1732124003351627670,#ลำโพงบลูทูธ #ลำโพงไร้สาย #ลำโพงพกพา | #ลำโพงเซ็นเซอร์ #ลำโพงอัจฉริยะ #ลำโพงบลูทูธเบสแน่น | #ลำโพงมินิ #ลำโพงบลูทูธราคาถูก #ลำโพงตั้งโต๊ะ
1736441061522114297,#พาวเวอร์แบงค์30000 #เพาเวอร์แบงค์ชาร์จเร็ว #แบตสำรอง20W | #พาวเวอร์แบงค์มีสาย #แบตสำรองพกพา #พาวเวอร์แบงค์จอ LED | #แบตสำรอง30000mAh #เพาเวอร์แบงค์ราคาถูก #พาวเวอร์แบงค์ของแท้
1731881892172564503,#Powerbank #พาวเวอร์แบงค์ #แบตสำรอง | #แบตเตอรี่สำรอง #พาวเวอร์แบงค์20000mAh #แบตสำรองไร้สาย | #Powerbank20000mAh #พาวเวอร์แบงค์รุ่นใหม่ #แบตสำรองพกพา
1729552687363885575,#ไม้ม็อบถูพื้นพร้อมถังปั่น #ถังปั่นไม้ม็อบ #ชุดถังปั่นถูพื้น | #SpinMop #ชุดถังปั่น #ไม้ถูพื้นสแตนเลส | #ไม้ถูพื้น #ไม้ม็อบ #ถังถูพื้น
1735792621124813926,#กระปุกออมสินตู้เซฟ #กระปุกออมสินคาปิบาร่า #กระปุกออมสินเด็ก | #กระปุกออมสินใส่รหัส #กระปุกออมสินดูดูดแบงค์ #กระปุกออมสินมีเสียง | #กระปุกออมสินสแกนนิ้ว #กระปุกออมสินการ์ตูน #เซฟออมสินเด็ก
1734177181597992914,#ชั้นวางรองเท้า #ชั้นวางรองเท้า4ชั้น #ชั้นวางรองเท้า5ชั้น | #ชั้นวางรองเท้าพลาสติก #ชั้นวางรองเท้าเหล็ก #ชั้นวางรองเท้าประกอบเอง | #ชั้นวางรองเท้าแฟชั่น #ชั้นวางรองเท้าราคาถูก #ชั้นวางรองเท้าคอนโด
1734873604093478481,#ลำโพงบลูทูธ #ลำโพงไร้สาย #ลำโพงพกพา | #ลำโพงบลูทูธเสียงดี #ลำโพงมินิ #ลำโพงบลูทูธเบสแน่น | #ลำโพงบลูทูธพกพา #ลำโพงคอมพิวเตอร์ #ลำโพงบลูทูธจิ๋ว
1733113285208803247,#ที่นอนท็อปเปอร์ #Topperหนา2นิ้ว #ท็อปเปอร์นุ่มๆ | #ที่นอนปูพื้น #ท็อปเปอร์หนาพิเศษ #ที่นอนแฟชั่น | #ท็อปเปอร์ราคาถูก #ที่นอนปอนนอนสบาย #ท็อปเปอร์ลายการ์ตูน
1732495912045807052,#กระปุกออมสิน #กระปุกออมสินน่ารัก #กระปุกออมสินมินิ | #กระปุกออมสินพลาสติก #กระปุกออมสินใส #กระปุกออมสินถอดได้ | #กระปุกออมสินตั้งโต๊ะ #กระปุกออมสินเด็ก #กระปุกออมสินสวยๆ
1729589980189264799,#ถังน้ำ5ลิตร #ถังน้ำดื่ม #ถังน้ำมีก๊อก | #ถังน้ำPET #ถังน้ำพลาสติก #ถังน้ำมีหูหิ้ว | #ถังใส่น้ำ #ถังน้ำดื่ม5ลิตร #ถังน้ำยกดื่ม
1735180871637239564,#หม้อสแตนเลส #หม้อต้ม #หม้อซุป | #หม้ออเนกประสงค์ #หม้อ17ซม #หม้อสแตนเลส304 | #หม้อทอด #หม้อชาบู #หม้อมาม่า
1736301273526077195,#เครื่องสับกระเทียม #เครื่องบดกระเทียม #ที่สับกระเทียม | #เครื่องสับกระเทียมมือถือ #เครื่องบดพริกกระเทียม #ที่บดกระเทียม | #เครื่องสับกระเทียมมินิ #เครื่องปั่นกระเทียม #เครื่องสับกระเทียม170ml
1729617102079626155,#ชุดเครื่องครัว #ชุดเครื่องครัวราคาถูก #ชุดเครื่องครัวครบชุด | #ชุดเครื่องครัวสีแดง #ชุดกระทะหม้อ #ชุดกระทะกันติด | #ชุดเครื่องครัว3ชิ้น #กระทะหม้อชุด #ชุดกระทะราคาประหยัด
1731197227087136059,#เตาดินเผา #เตาหมูกะทะ #เตาปิ้งย่าง | #เตาดินเผาหมูกะทะ #เตาถ่านดินเผา #เตาปิ้งย่างหมูกะทะ | #เตาดินเผาโบราณ #เตาหมูกะทะดินเผา #เตาปิ้งย่างถ่าน
1735177619598181503,#เครื่องทำน้ำแข็ง #ทำ100ลูก #พิมพ์ทำน้ำแข็ง | #บล็อกทำน้ำแข็ง #กล่องทำน้ำแข็ง #ถาดทำน้ำแข็ง | #เครื่องทำน้ำแข็งบ้าน #ที่ทำน้ำแข็ง #ที่ทำน้ำแข็งก้อน
1735896713609118803,#เตาแก๊สแคมป์ปิ้ง #เตาแก๊สพกพา #เตาแก๊สปิคนิค | #เตาแก๊สพกพาได้ #เตาแก๊สแค้มป์ปิ้ง #เตาแก๊สกระป๋องพกพา | #เตาแก๊ส2ระบบ #เตาแก๊สแคมป์ #เตาแก๊สพกพาราคาถูก
1729958539521002105,#สายปลั๊กกระทะปิ้งย่าง #สายปลั๊กหม้อสุกี้ #สายปลั๊กหม้อชาบู | #สายหม้อสุกี้ไฟฟ้า #สายกระทะปิ้งย่าง #สายหม้อชาบู | #สายปลั๊กก้านเสียบ #สายกระทะไฟฟ้า #สายหม้อสุกี้
1733743044224255453,#ลำโพงบลูทูธ #ลำโพงพกพา #ลำโพงไร้สาย | #ลำโพงบลูทูธเบสหนัก #ลำโพงบลูทูธจิ๋ว #ลำโพงบลูทูธพกพา | #ลำโพงบลูทูธเสียงดี #ลำโพงบลูทูธมีที่วางมือถือ #ลำโพงบลูทูธ5W
1731647485914481744,#ที่วางโทรศัพท์มือถือ #ที่วางมือถือ #แท่นวางโทรศัพท์ | #ที่วางโทรศัพท์บลูทูธ #แท่นวางมือถือมีลำโพง #ที่ตั้งมือถือไร้สาย | #ที่วางโทรศัพท์ตั้งโต๊ะ #แท่นวางมือถือบลูทูธ #ที่วางมือถือบลูทูธ
1731939171784754890,#ชุดอ่างล้างจานสแตนเลส #อ่างล้างจาน75ซม #ซิงค์ล้างจานสแตนเลส | #อ่างล้างจานมีชั้นวาง #ซิงค์ล้างจาน1หลุม #ชุดอ่างล้างจานราคาถูก | #อ่างล้างจานคอนโด #ซิงค์ล้างจานร้านค้า #อ่างล้างจานห้องเช่า
1729761397937899939,#เตาปิ้งย่าง #เตาย่างพกพา #เตาถ่านปิ้งย่าง | #เตาปิ้งย่างใช้ถ่าน #เตาปิ้งย่างพกพา #เตาย่างแคมป์ปิ้ง | #เตาปิ้งย่างหมูกระทะ #เตาย่างบาบีคิว #เตาปิ้งย่างถ่าน
1731320608760104738,#นาฬิกาSmartWatch #สมาร์ทวอทช์FB047 #นาฬิกาข้อมือผู้ชาย | #นาฬิกาโทรได้ #สมาร์ทวอทช์หน้าจอใหญ่ #นาฬิกาออกกำลังกาย | #สมาร์ทวอทช์กันน้ำ #นาฬิกาบลูทูธ #สมาร์ทวอทช์ยอดฮิต
1732329148973157285,#พัดลมเพดาน #พัดลมพกพา #พัดลมไร้สาย | #พัดลมตั้งโต๊ะ #พัดลมแคมป์ปิ้ง #พัดลมพับได้ | #พัดลมUSB #พัดลมมินิ #พัดลม8นิ้ว
1735609240702452890,#พัดลมไร้ใบพัด #พัดลมพกพา #พัดลมมินิ | #พัดลมคิตตี้ #พัดลมคล้องคอ #พัดลมพับได้ | #พัดลมน่ารัก #พัดลมพกพาลายการ์ตูน #พัดลมมือถือ
1731229601918190794,#สมาร์ทวอทช์ #นาฬิกาสมาร์ทวอทช์ #สมาร์ทวอทช์2026 | #สมาร์ทวอทช์โทรได้ #สมาร์ทวอทช์กันน้ำ #สมาร์ทวอทช์ราคาถูก | #สมาร์ทวอทช์ผู้ชาย #สมาร์ทวอทช์ผู้หญิง #สมาร์ทวอทช์แฟชั่น
1735016634436781639,#พัดลมมือถือ #พัดลมพกพา #พัดลมมินิ | #พัดลมพกพาแบตอึด #พัดลมมือถือเล็ก #พัดลมเงียบ | #พัดลม2026 #พัดลมพกพายอดฮิต #พัดลมมือถือสวยๆ
1733550378770008055,#สายรัดแม่เหล็ก #สายนาฬิกาMilanese #สายรัดAmazfit | #สายโลหะAmazfitBip #สายนาฬิกาRedmi #สายนาฬิกาHuawei | #สายนาฬิกาGarmin #สายสแตนเลสนาฬิกา #สายนาฬิกาแม่เหล็ก
1730908070670404251,#ลำโพงบลูทูธTHESKY #ลำโพงE&P #ลําโพงบลูทูธไร้สาย | #ลำโพงบลูทูธพกพา #ลําโพงเบสหนักๆ #ลําโพงบลูทูธเสียงดี | #ลำโพงบลูทูธลดราคา #ลำโพงบลูทูธแฟลชเซล #ลําโพงบลูทูธของแท้
1735328282770113711,#YOTEXแก้วปั่นน้ำผลไม้ #แก้วปั่นน้ำผลไม้ #เครื่องปั่นน้ำผลไม้แบบพกพา | #แก้วปั่นYOTEX #เครื่องปั่นพกพา #แก้วปั่นไร้สาย | #เครื่องปั่นน้ำผลไม้ #แก้วปั่นสมูทตี้ #เครื่องปั่นผลไม้
1735518166745384182,#เครื่องปั่นอเนกประสงค์ #เครื่องปั่นน้ําผลไม้ #เครื่องปั่นสมูทตี้ | #เครื่องปั่นน้ําแข็ง #เครื่องปั่น1500w #เครื่องปั่นsilvercrest | #เครื่องปั่นราคาถูก #เครื่องปั่นพกพา #เครื่องปั่นผลไม้
1731676034279508688,#เครื่องบดน้ำแข็ง #เครื่องบดน้ำแข็ง4ใบมีด #เครื่องทำน้ำแข็งไส | #เครื่องบดน้ำแข็งเชิงพาณิชย์ #เครื่องบดน้ำแข็ง300W #เครื่องบดน้ำแข็งตัวสูง | #เครื่องบดน้ำแข็งไฟฟ้า #เครื่องทำน้ำแข็งเกล็ดหิมะ #เครื่องบดน้ำแข็งร้านค้า
1732188524705122177,#ไม้ช็อตยุงไฟฟ้า #ไม้ตียุง #เครื่องดักยุง | #ไม้ช็อตยุง3000V #ไม้ตียุงไฟฟ้า #ที่ดักยุง | #ไม้ช็อตยุง2in1 #ไม้ตียุงไร้สาย #ไม้ช็อตยุงมีแท่นวาง
1731004751539899240,#เครื่องเล่นแผ่นเสียงHelloKitty #เครื่องเล่นแผ่นเสียง #เครื่องเล่นแผ่นเสียงน่ารัก | #ลำโพงบลูทูธHelloKitty #ลำโพงบลูทูธมินิ #ลำโพงบลูทูธไร้สาย | #ของขวัญวันเกิดผู้หญิง #ของขวัญให้เพื่อน #ของขวัญน่ารักๆ
1732237207043410247,#พัดลมหมุนเวียน #พัดลม8นิ้ว #พัดลมตั้งโต๊ะ | #พัดลมพกพา #พัดลมไร้สาย #พัดลมรีโมท | #พัดลมมินิมอล #พัดลมบ้าน #พัดลมโต๊ะทำงาน
1733485613553255608,#JMAXลำโพงบลูทูธ #ลำโพงJMAX #ลำโพงบลูทูธไร้สาย | #JM6PRO #ลำโพงบลูทูธ80W #ลำโพงปรับเบสได้ | #ลำโพงบลูทูธเสียงดี #ลำโพงพกพาJMAX #ลำโพงบลูทูธของแท้
1730226016254528044,#สวิงอัตโนมัติพัดลมไร้สาย #พัดลม5นิ้ว #พัดลมพกพา | #พัดลมแคมป์ #พัดลมแบตไร้สาย #พัดลมusb | #พัดลมแบต #พัดลมมินิ #พัดลมตั้งโต๊ะ
1732005576643676566,#imooZ1 #นาฬิกาไอโม่ #ไอโม่แท้ | #นาฬิกาเด็ก #นาฬิกาโทรได้ #สมาร์ทวอทช์เด็ก | #นาฬิกาimoo #นาฬิกาZ1 #นาฬิกาเด็ก4G
1732008868916987360,#ราวตากผ้า3ราว #ราวตากผ้าพับได้ #ราวตากผ้ามีล้อ | #ราวตากผ้าสแตนเลส #ราวตากผ้าคอนโด #ราวตากผ้าประหยัดพื้นที่ | #ราวตากผ้าอเนกประสงค์ #ราวตากผ้าแข็งแรง #ราวตากผ้ายืดหดได้
1730556494411762271,#เซ็ทปิ่นโต #ปิ่นโตถวายพระ #ปิ่นโตกระดาษ | #กล่องกระดาษหูหิ้ว #กล่องถวายพระ #กล่องใส่ปิ่นโต | #ถ้วยกระดาษพร้อมฝา #ชุดถวายพระ #สังฆทานกระดาษ
1729539132466563407,#ม่านไฟหัวใจ #ม่านไฟLED #ไฟม่านหัวใจ | #ไฟประดับห้อง #ไฟตกแต่งร้าน #ไฟคริสต์มาส | #ไฟแต่งสวน #ไฟปีใหม่ #ไฟกระพริบ
1732205871008090597,#ชุดถุงสูญญากาศ #ถุงสูญญากาศ #ถุงสูญญากาศเก็บผ้า | #ถุงสูญญากาศเดินทาง #ถุงสูญญากาศพร้อมปั๊ม #ถุงสูญญากาศใส่เสื้อผ้า | #ถุงสูญญากาศลดพื้นที่ #ถุงสูญญากาศราคาถูก #ถุงสูญญากาศกันฝุ่น
1730327222918744953,#ที่คว่ำจาน #ที่คว่ำจานพลาสติก #ที่คว่ำจานมีฝาปิด | #ที่วางจาน #ที่วางจานระบายน้ำ #ที่วางจานในครัว | #ชั้นคว่ำจาน #ที่เก็บจาน #ที่ตากจาน
1729583447417195140,#กระจกส่องเต็มตัว #กระจกทรงสูง #กระจกทรงยาว | #กระจกแต่งตัว #กระจกห้องนอน #กระจกมินิมอล | #กระจกตั้งพื้น #กระจกแต่งห้อง #กระจกสไตล์เกาหลี
1729626961504733922,#โต๊ะรีดผ้า #โต๊ะรีดผ้าราคาถูก #โต๊ะรีดผ้าปรับระดับ | #โต๊ะรีดผ้า6ระดับ #โต๊ะรองรีดผ้า #โต๊ะรีดผ้าสีเทา | #โต๊ะรีดผ้าInmyhome #โต๊ะรีดผ้าพับได้ #กระดานรองรีดผ้า
1734851919293875533,#อ่างอาบน้ำ #อ่างอาบน้ำพกพา #อ่างอาบน้ำเด็ก | #อ่างอาบน้ำผู้ใหญ่ #อ่างสปาพกพา #อ่างซาวน่า | #อ่างอาบน้ำพับได้ #อ่างแช่ตัว #อ่างอาบน้ำราคาถูก
1731135899784088554,#ชุดจานชามเซรามิก #จานชามเซรามิก #ชุดจานชาม | #จานเซรามิกน่ารัก #ชามเซรามิกน่ารัก #จานชามลายน่ารัก | #ชุดจานชามราคาถูก #จานชามเข้าไมโครเวฟได้ #ชุดจานชามมินิมอล
1729642469919197419,#ปิ่นโต #ปิ่นโตเคลือบลายไก่ #ปิ่นโตลายไก่ | #ปิ่นโตโบราณ #ปิ่นโตวินเทจ #ปิ่นโตเคลือบ | #ปิ่นโต4ชั้น #ปิ่นโตใส่อาหาร #ปิ่นโตตรานกเพนกวิน
1735487093330249164,#กระทะสแตนเลส #กระทะซื้อ1แถม1 #กระทะเกาหลี | #กระทะไซส์ใหญ่ #กระทะด้ามไม้ #กระทะไม่เป็นสนิม | #กระทะก้นลึก #กระทะทอด #กระทะผัด
1730654200060414086,#ชุดเตาย่าง #กระทะเกาหลี #ตรากุ๊กไทย | #เตาหมูกระทะ #กระทะหมูกระทะ #ชุดเตาหมูกระทะ | #เตาย่างเกาหลี #กระทะย่างซีฟู้ด #หมูย่างเกาหลี
1730574430078536677,#ถังเก็บข้าวสาร #กล่องใส่ข้าวสาร #ถังใส่ข้าวสาร | #กล่องสูญญากาศ #ถังข้าวสาร #กล่องเก็บอาหารแห้ง | #ถังข้าวสารกันมอด #กล่องข้าวสาร #ถังเก็บข้าว
1730894526735879146,#ชุดจานชามเซรามิก #จานชามเซรามิก #ชุดจานชาม | #จานเซรามิก #ชามเซรามิก #จานชามลายคราม | #ชุดจานชามสวยๆ #จานชามเข้าไมโครเวฟได้ #ชุดจานชามราคาถูก
1734159154247468654,#กล่องถนอมอาหาร #กล่องใส่อาหาร #กล่องพลาสติก | #กล่องเก็บเนื้อสัตว์ #กล่องแช่แข็ง #กล่องใส่ผัก | #กล่องมีฝาปิด #กล่องถนอมอาหาร10ชิ้น #กล่องเก็บของในครัว
1732571701025802218,#ชุดจานชาม #จานชามเซรามิก #ชุดจานชามเซรามิก | #จานลายไก่ #ชามลายไก่ #เซรามิกษลายไก่ | #จานข้าว #ชามข้าว #ชุดเครื่องครัว
1729944198728092108,#เครื่องตำบดสแตนเลส #ครกสแตนเลส #เครื่องตำสแตนเลส | #เครื่องตำพริกกระเทียม #ครกตำกระเทียม #เครื่องบดสแตนเลส | #ครกสแตนเลส304 #เครื่องตำยา #ครกอเนกประสงค์
1732944068191094118,#ชามเซรามิค #ชามลายผลไม้ #ชามครัวซองต์ | #ชามข้าว #ชามโยเกิร์ต #ชามเซรามิกน่ารัก | #ชามเซรามิค2025 #ชามเซรามิกมินิมอล #ชามใส่อาหาร
1732229253563385993,#เขียงสแตนเลส #เขียง304 #เขียงสแตนเลส304 | #เขียงพลาสติก #เขียงPP #เขียงสองหน้า | #เขียงขนาดใหญ่ #เขียงกันแบคทีเรีย #เขียงทำอาหาร
1730460301792676357,#ชุดแก้วน้ำดื่ม #แก้วน้ำนอร์ดิก #ชุดแก้วน้ำสวยๆ | #กาต้มน้ำเย็น #เหยือกน้ำ #เหยือกน้ำทรงสวย | #ชุดแก้วน้ำ #แก้วน้ำมินิมอล #ชุดแก้วน้ำครัวเรือน
1731005847060121704,#ถ้วยมาม่า #ชามสแตนเลส #ถ้วยสแตนเลส | #ชามมาม่า #ถ้วยมีหูจับ #ชามมีฝาปิด | #ถ้วยมาม่า1200ml #ชามกันความร้อน #ถ้วยใส่มาม่า
1734733688830920109,#ชุดหม้อสแตนเลส #หม้อสแตนเลส #ชุดหม้อ5ชิ้น | #หม้อต้มสแตนเลส #หม้อชุดสแตนเลส #หม้อทำอาหาร | #หม้อสแตนเลสแท้ #หม้อสแตนเลสชุด #หม้อพร้อมฝาปิด
1735029214601118743,#ถาดผลไม้หลายชั้น #ถาดผลไม้สวยงาม #ถาดผลไม้ตั้งโต๊ะ | #ถาดขนมมินิมอล #ถาดขนมจัดโต๊ะ #ถาดขนมคาเฟ่ | #ถาดโต๊ะกาแฟ #ถาดเค้กสวยๆ #ถาดใส่ของแต่งบ้าน
1733160396558403129,#แก้วน้ำน่ารัก #แก้วน้ำมินิมอล #แก้วน้ำเกาหลี | #แก้วกาแฟน่ารัก #แก้วนมมินิมอล #แก้วน้ำลายแมว | #แก้วน้ำสไตล์เกาหลี #แก้วน้ำทรงสูง #แก้วน้ำพรีเมี่ยม
1730567910493752086,#กระติกน้ำเย็นในตู้เย็น #กระติกน้ำเย็น #กระติกน้ำพร้อมก๊อก | #กาต้มน้ำเย็นพร้อมก๊อกน้ำ #กาต้มน้ำเย็น #กาต้มน้ำมีก๊อก | #ตู้กดน้ำทรงสี่เหลี่ยม #ถังน้ำ3500ml #ถังน้ำใส่น้ำร้อน
1730434968510106262,#ถาดทำน้ำแข็ง #ที่ทำน้ำแข็ง #ถาดทำน้ำแข็ง2ชั้น | #ถาดน้ำแข็งมีฝาปิด #แม่พิมพ์ทำน้ำแข็ง #ถาดทำน้ำแข็ง68ช่อง | #ที่ทำน้ำแข็งมีฝาปิด #แม่พิมพ์ทำน้ำแข็งมีฝา #ถาดน้ำแข็งกดได้
1733605640971978184,#กระทะทาโกะยากิ14หลุม #กระทะทาโกะยากิ #กระทะเหล็กหล่อ | #กระทะอบขนม #กระทะย่าง #แม่พิมพ์อบขนม | #กระทะทาโกะยากi #กระทะทำขนม #กระทะทอดปลาหมึก
1731788247743301755,#หม้อเซรามิก #ชามเซรามิก #ชามซุป | #หม้อเซรามิคมะเขือเทศ #ชามเซรามิคมะเขือเทศ #ชามซุปมีฝาปิด | #หม้อเซรามิกทนความร้อน #ชามเซรามิกน่ารัก #หม้อเซรามิกไมโครเวฟ
1729695474813209227,#กล่องข้าวไมโครเวฟ #กล่องข้าว2ชั้น #กล่องข้าวพกพา | #กล่องอาหารกลางวัน #กล่องข้าวเด็ก #กล่องใส่อาหาร | #กล่องข้าวสวยๆ #กล่องข้าวน่ารัก #กล่องข้าวญี่ปุ่น
1731747048656307726,#แก้วน้ำพลาสติก #แก้วน้ำ800มล #แก้วน้ำMishilei | #แก้วน้ำหลอดคู่ #แก้วน้ำน่ารัก #แก้วน้ำพกพา | #แก้วน้ำดื่ม #แก้วน้ำแฟชั่น #แก้วน้ำเกาหลี
1732173606830902072,#กระบอกน้ำ #กระบอกน้ำถังดับเพลิง #ทาวเวอร์เบียร์ | #ถังใส่เครื่องดื่ม #กระบอกน้ำปาร์ตี้ #กระบอกน้ำเก๋ๆ | #กระบอกน้ำ1.5ลิตร #ทาวเวอร์เบียร์ตั้งโต๊ะ #กระบอกน้ำแฟชั่น
1732239307034692139,#รถบังคับวิทยุ #รถบังคับเด็ก #รถบังคับวิทยุราคาถูก | #รถบังคับ2.4g #รถบังคับแรงๆ #รถบังคับ6ล้อ | #รถบังคับดริฟท์ #รถของเล่นบังคับ #รถบังคับโลหะผสม
1729983827818940717,#แม่พิมพ์เทฟล่อน #กระทะทอดไข่ #แพนเค้ก | #แม่พิมพ์เทฟล่อน4ช่อง #กระทะทอดไข่ดาว #กระทะแพนเค้ก | #แม่พิมพ์อเนกประสงค์ #กระทะไม่ติดผิว #แม่พิมพ์ทำขนม
1731014890289858629,#หูฟังบลูทูธLiBRA #หูฟังไร้สายTWS #หูฟังบลูทูธ5.4 | #หูฟังเสียงดีHiFi #หูฟังมีจอLED #หูฟังไมค์ชัดเจน | #หูฟังราคาประหยัด #หูฟังแฟลชเซล #หูฟังขายดีท็อป
1735337100163843870,#ปัตตาเลี่ยน #ปัตตาเลี่ยนไร้สาย #แบตเตอเลี่ยน | #ปัตตาเลี่ยนตัดผม #ปัตตาเลี่ยนเด็ก #แบตเตอเลี่ยนไร้สาย | #ปัตตาเลี่ยนพกพา #ปัตตาเลี่ยนผู้ชาย #แบตเตอเลี่ยนตัดผม
1735336941140346654,#แปรงสีฟันไฟฟ้า #แปรงสีฟันไฟฟ้าผู้ใหญ่ #แปรงสีฟันไฟฟ้าอัลตราโซนิก | #แปรงสีฟันไฟฟ้าชาร์จUSB #แปรงสีฟันไฟฟ้าหัวแปรง4หัว #แปรงสีฟันไฟฟ้าขจัดคราบ | #แปรงสีฟันไฟฟ้าลดคราบพลัค #แปรงสีฟันไฟฟ้าคนจัดฟัน #แปรงสีฟันไฟฟ้ากันน้ำ
1733077553079027432,#พัดลมตั้งโต๊ะ14นิ้ว #พัดลมตั้งโต๊ะ #พัดลมOOKAS | #พัดลม14นิ้ว #พัดลมลมแรง #พัดลมตั้งโต๊ะราคาถูก | #พัดลมระบายความร้อน #พัดลมตั้งโต๊ะมินิมอล #พัดลมประหยัดไฟ
1734576183430251774,#หูฟังY28 #หูฟังคู่รัก #หูฟังไร้สาย | #หูฟังบลูทูธ #หูฟังTWS #หูฟังเสียงดี | #หูฟังกันน้ำ #หูฟังANC #หูฟังเกมมิ่ง
1730626819635644909,#LUOBR #พาวเวอร์แบงค์ #แบตสำรอง | #PowerBank #พาวเวอร์แบงค์20000mAh #แบตสำรองชาร์จเร็ว | #พาวเวอร์แบงค์22.5W #แบตสำรองของแท้ #พาวเวอร์แบงค์มีสายในตัว
1734460236577802175,#พัดลมพกพา #พัดลมมือถือ #พัดลมตัวเล็ก | #พัดลมแรง #พัดลมUSB #พัดลมมินิ | #พัดลมชาร์จไฟ #พัดลมพกพาราคาถูก #พัดลมไร้สาย
1733530619845969080,#JMAXJM-H4 #หูฟังบลูทูธ #หูฟังครอบหู | #หูฟังไร้สาย #หูฟังRGB #หูฟังเกมing | #JMAX #หูฟังบลูทูธไร้สาย #หูฟังครอบหูไร้สาย
1729969918763632824,#JMAXลำโพงบลูทูธ #ลำโพงบลูทูธJM10 #ลำโพงไร้สายJMAX | #ลำโพงบลูทูธเสียงดี #ลำโพงบลูทูธพกพา #ลำโพงบลูทูธเบสแน่น | #ลำโพงบลูทูธ10W #ลำโพงไร้สายพกพา #ลำโพงบลูทูธมินิ
1734298022867469948,#หม้อไฟฟ้า #หม้อไฟฟ้าHANRIVER #หม้อไฟฟ้า4ลิตร | #หม้ออเนกประสงค์ #หม้อชาบู #หม้อสุกี้ | #หม้อนึ่งไฟฟ้า #หม้อไฟฟ้าอเนกประสงค์ #หม้อไฟฟ้าเกาหลี
1729647235515058896,#หม้อหุงข้าว #หม้อหุงข้าวไฟฟ้า #หม้อหุงข้าวอเนกประสงค์ | #หม้อหุงข้าว1.5ลิตร #หม้อหุงข้าว1.8ลิตร #หม้อหุงข้าวไม่ติดกระทะ | #หม้อหุงข้าวCAMEL #หม้อหุงข้าวขนาดเล็ก #หม้อหุงข้าวมินิ
1733857546462135515,#พัดลมพกพา #พัดลมตั้งโต๊ะ #พัดลมหนีบ | #พัดลม6นิ้ว #พัดลม12000mah #พัดลมไร้สาย | #พัดลมพกพาไร้สาย #พัดลมตั้งโต๊ะมินิ #พัดลมหนีบขอบโต๊ะ
1734583264612222793,#DECKERชุดเครื่องมือซ่อมรถยนต์82ชิ้น #ชุดเครื่องมือช่าง82ชิ้น #ชุดบล็อกDECKER | #ชุดบล็อกประแจDECKER #ชุดเครื่องมือDECKER #ชุดบล็อก82ชิ้น | #ชุดเครื่องมือซ่อมรถ #ชุดประแจDECKER #ชุดบล็อกซ่อมรถ
1730478351860664705,#เปลนอน #เปลแขวน #เปลญวน | #เปลผู้ใหญ่ #เปลชิงช้า #เก้าอี้เปล | #เปลนอนผู้ใหญ่ #เปลแขวนผู้ใหญ่ #เปลสนาม
1733784215809001298,#พัดลมโซล่าเซลล์ #พัดลมแคมป์ปิ้ง #พัดลมโคมไฟ | #พัดลมพกพา #พัดลมไร้สาย #พัดลมเต็นท์ | #พัดลมพับได้ #พัดลมกลางแจ้ง #พัดลมฉุกเฉิน
1732206142746430290,#ILLUME #ไฟLEDPanelLight #ไฟสตูดิโอ | #ไฟไลฟ์สด #ไฟถ่ายภาพ #ไฟLED | #ไฟต่อเนื่อง #ไฟไลฟ์สด11นิ้ว #ไฟสตูดิโอLED
1731730008951129938,#ไฟแถบนีออนLED #ไฟนีออนดัดได้ #ไฟเส้นLED | #ไฟนีออนเฟล็กซ์ #ไฟแต่งห้อง #ไฟประดับกันน้ำ | #ไฟLED220V #ไฟนีออนยาว30เมตร #ไฟตกแต่งคริสต์มาส
1731465051987347282,#โคมไฟเพดาน #โคมไฟled #โคมไฟเพดานโมเดิร์น | #โคมไฟรีโมท #ไฟเพดานห้องนอน #โคมไฟแต่งห้อง | #ไฟledติดเพดาน #โคมไฟห้องรับแขก #โคมไฟสวยๆ
1732002974110419794,#ไฟโซล่าเซลล์ #ไฟโซล่าเซลล์สว่างมาก #โซล่าเซลล์ | #ไฟถนนโซล่าเซลล์ #ไฟโซล่าเซลล์กันน้ำ #โซล่าเซลล์ไฟถนน | #ไฟโซล่าเซลล์10ปี #ไฟโซล่าเซลล์45000W #ไฟโซล่าเซลล์ออโต้
1731729990601312082,#หลอดไฟโซล่าเซลล์ #ไฟโซล่าเซลล์ #หลอดไฟโซล่าเซลล์80000W | #ไฟตุ้มโซล่าเซลล์ #ไฟตุ้ม3สี #ไฟโซล่าเซลล์3สี | #ไฟตั้งแคมป์ #สปอตไลท์พกพา #ไฟโซล่าเซลล์พกพา
1735206721947797330,#พัดลมโซล่าเซลล์ #พัดลมโซล่าเซลล์18นิ้ว #พัดลมโซล่าเซลล์10นิ้ว | #พัดลมพกพา #พัดลมตั้งพื้น #พัดลมอุตสาหกรรม | #พัดลมพลังงานแสงอาทิตย์ #พัดลมโซล่าเซลล์ราคาถูก #พัดลมโซล่าเซลล์โซار
1730747563526556440,#พัดลมโซล่าเซลล์ #พัดลมโซล่าเซลล์18นิ้ว #พัดลมโซล่าเซลล์ราคาถูก | #พัดลมพลังงานแสงอาทิตย์ #พัดลมโซล่าร์เซลล์ #พัดลมโซล่าเซลล์พกพา | #พัดลมโซล่าเซลล์ตั้งโต๊ะ #พัดลมโซล่าเซลล์ติดผนัง #พัดลมโซล่าเซลล์พลังงานแสงอาทิตย์
1733427196582135638,#เตาปิ้งย่าง31ลิตร #เตาปิ้งย่างขาสูง #เตาปิ้งย่างพับได้ | #เตาถ่านปิ้งย่าง #เตาย่างบาร์บีคิว #เตาย่างหมูกระทะ | #เตาปิ้งย่างราคาถูก #เตาปิ้งย่างพกพา #เตาย่างถ่าน
1729764740391275309,#เตาปิ้งย่าง #เตาปิ้งย่างพกพา #เตาปิ้งย่างถ่าน | #เตาบาบีคิว #เตาบาบีคิวพกพา #เตาย่างบาร์บีคิว | #เตาปิ้งย่างเหล็ก #เตาปิ้งย่างราคาถูก #เตาปิ้งย่างปิคนิค
1729590107899923364,#ที่นึ่งข้าวเหนียว #ที่นึ่งข้าวเหนียวหม้อหุงข้าว #อุปกรณ์นึ่งข้าวเหนียว | #ที่นึ่งข้าวเหนียวมินิ #หวดนึ่งข้าวเหนียว #ที่นึ่งข้าวเหนียวไฟฟ้า | #ที่นึ่งข้าวเหนียวสแตนเลส #หวดนึ่งข้าว #หม้อนึ่งข้าวเหนียว
1729641702483593774,#หม้อไฟมีปล่อง #หม้อไฟสแตนเลส #หม้อต้มยำ | #หม้อไฟชาบู #หม้อไฟพร้อมฝา #หม้อไฟ20ซม | #หม้อไฟ22ซม #หม้อไฟไทย #หม้อไฟงานปาร์ตี้
1734051256009524769,#ชั้นวางอ่างล้างจาน #อ่างล้างจานสแตนเลส #ซิงค์ล้างจาน | #อ่างล้างจานราคาถูก #ชั้นวางอ่างล้างจานคู่ #ซิงค์ล้างจานสแตนเลส | #อ่างล้างจานสแตนเลสสองหลุม #ซิงค์ล้างจานพร้อมชั้นวาง #ชั้นวางอ่างล้างจานสแตนเลส
1734198053671109749,#Mullerหม้อหุงข้าว #หม้อหุงข้าวไฟฟ้า #หม้อหุงข้าวเล็ก | #หม้อหุงข้าวมินิ #หม้อข้าวไฟฟ้า #หม้อหุงข้าวราคาถูก | #หม้อหุงข้าวคุณภาพ #หม้อหุงข้าวอัจฉริยะ #หม้อหุงข้าวพกพา
1731767837695314655,#หม้อสแตนเลส #หม้อสแตนเลส3in1 #หม้อ22ซม | #หม้อทอดสแตนเลส #หม้อนึ่งสแตนเลส #หม้ออเนกประสงค์ | #หม้อสแตนเลสแท้ #หม้อทำอาหาร #ชุดหม้อสแตนเลส
1732406670489388297,#หม้อกรองน้ำมัน #หม้อเก็บน้ำมัน #หม้อกรองกากอาหาร | #หม้อกรองน้ำมันสแตนเลส #หม้อกรองน้ำมันทอด #หม้อกรองน้ำมันพืช | #กระปุกกรองน้ำมัน #ภาชนะกรองน้ำมัน #ที่กรองน้ำมันทอด
1733450589966665503,#ชุดจานชาม #ชุดจานชามพลาสติก #ชุดจานชามแคมป์ปิ้ง | #ชุดจานชาม16ชิ้น #ชุดจานชามไม่แตก #ชุดจานชามพกพา | #ชุดจานชามในครัว #ชุดจานชามกลางแจ้ง #ชุดจานชามมินิมอล
1732411109864539751,#ลังข้าวสาร #ถังเก็บข้าวสาร #กล่องเก็บข้าวสาร | #ลังใส่ข้าวสาร #ถังใส่ข้าวสาร #กล่องใส่ข้าวสาร | #ลังเก็บข้าว #ถังข้าวสาร #กล่องเก็บธัญพืช
1731588371186943247,#ตู้เย็นติดรถยนต์ #ตู้เย็นพกพา #ตู้เย็นเล็ก | #ตู้เย็นมินิ #ตู้เย็น12v #ตู้เย็นในรถ | #ตู้เย็นเก็บนมแม่ #ตู้เย็นเล็กพกพา #ตู้เย็นรถยนต์
1735256073937717172,#กล่องแยกเหรียญ #กล่องใส่เหรียญ #กล่องเก็บเหรียญ | #กล่องใส่เงินทอน #กล่องเก็บเงินทอน #กล่องนับเหรียญ | #กล่องแยกเหรียญบาท #กล่องใส่เหรียญสิบ #กล่องจัดระเบียบเหรียญ
1731989782305409225,#ชุดปั้มรอยมือพ่อแม่ #ชุดปั้มรอยมือ #ชุดปั้มรอยเท้า | #ทำรอยมือพ่อแม่ #พิมพ์รอยมือพ่อแม่ #ปั๊มรอยมือพ่อแม่ | #ของขวัญวันพ่อแม่ #ของขวัญให้พ่อแม่ #ของขวัญวันเกิดพ่อแม่
1731639325920953360,#ถุงใส่แก้วน้ำพลาสติก #ถุงใส่แก้ว100ใบ #ถุงใส่แก้วราคาส่ง | #ถุงใส่แก้ว2ช่อง #ถุงหิ้วแก้วคู่ #ถุงใส่แก้วกาแฟ | #ถุงพลาสติกใส่แก้ว #ถุงใส่แก้วเดลิเวอรี่ #ถุงหิ้วแก้วน้ำ
1732031673621644338,#กล่องเก็บเหรียญ #กล่องใส่เหรียญ #ที่เก็บเหรียญ | #กล่องเก็บเหรียญรถยนต์ #ที่ใส่เหรียญในรถ #กล่องใส่เศษสตางค์ | #กล่องเหรียญ #ที่เก็บเหรียญในรถ #กล่องเก็บเหรียญ4ช่อง
1735600420360586462,#ครีมอาบน้ำโชกุบุสซึ #ครีมอาบน้ำ500มล #โชกุบุสซึแพ็คคู่ | #ครีมอาบน้ำซื้อ1แถม1 #ครีมอาบน้ำตัวหอม #ครีมอาบน้ำผิวขาว | #เจลอาบน้ำโชกุบุสซึ #สบู่เหลวอาบน้ำ #ครีมอาบน้ำราคาถูก
1734124605596533880,#เครื่องชาร์จแบตเตอรี่รถยนต์ #เครื่องชาร์จแบต12V #เครื่องชาร์จแบต24V | #เครื่องซ่อมแบตเตอรี่ #เครื่องฟื้นฟูแบตเตอรี่ #เครื่องชาร์จอัจฉริยะ | #ที่ชาร์จแบตรถยนต์ #เครื่องชาร์จแบตรถ #เครื่องชาร์จแบืตมอเตอร์ไซค์
1735660270688634759,#พาวเวอร์แบงค์โซล่าเซลล์ #พาวเวอร์แบงค์150000mAh #พาวเวอร์แบงค์22.5W | #แบตสำรองโซล่าเซลล์ #แบตสำรอง150000mAh #แบตสำรองชาร์จเร็ว | #พาวเวอร์แบงค์พกพา #แบตสำรองของแท้ #พาวเวอร์แบงค์ไร้สาย
1735284107326490513,#หูฟังบลูทูธ #หูฟังไร้สาย #หูฟังบลูทูธไร้สาย | #หูฟังติดปกเสื้อ #หูฟังคลิปหนีบ #หูฟังไมค์โครโฟน | #หูฟังคาราโอเกะ #หูฟังเสียงดี #หูฟังลดเสียงรบกวน
1734700251085636779,#อะแดปเตอร์แท่นชาร์จ #หัวชาร์จUSB #อะแดปเตอร์ชาร์จไว | #แท่นชาร์จมัลติพอร์ต #หัวชาร์จ6พอร์ต #ปลั๊กชาร์จUSB | #อะแดปเตอร์PD #หัวชาร์จTypeC #ฮับชาร์จมือถือ
1731747391999346764,#ที่สูบลมจักรยาน #สูบจักรยาน #ที่สูบลมขาเหยียบ | #ที่สูบลมมอเตอร์ไซค์ #ที่สูบลมพกพา #ที่สูบลมยาง | #ที่สูบลมมินิ #สูบลมจักรยานพกพา #สูบลมเท้าเหยียบ
1734396488809875327,#ปั๊มลมรถ #ปั๊มลม12V #ปั๊มลมพกพา | #ที่สูบลมรถยนต์ #ปั๊มลมรถยนต์ #ปั๊มลมมินิ | #ปั๊มลม120W #ปั๊มลมไฟฟ้า #ปั๊มลมรถยนต์12V
1735977374745462336,#ระบบผลิตไฟฟ้ากลางแจ้งแบบพกพา #แหล่งจ่ายไฟสำรองพลังงานแสงอาทิตย์ #สถานีพลังงานแสงอาทิตย์แบบพกพา | #ระบบผลิตไฟฟ้ากลางแจ้ง #แหล่งจ่ายไฟสำรอง #สถานีพลังงานแสงอาทิตย์ | #ระบบผลิตไฟฟ้าพกพา #แหล่งจ่ายไฟโซล่าเซลล์ #สถานีพลังงานพกพา
1732380928748914398,#แผงโซล่าเซลล์พับได้ #โซล่าเซลล์พับได้ #แผงโซล่าเซลล์100W | #โซล่าเซลล์พกพา #โซล่าเซลล์กันน้ำ #แผงโซล่าเซลล์USB | #โซล่าเซลล์ชาร์จมือถือ #แผงโซล่าเซลล์กลางแจ้ง #โซล่าเซลล์แคมป์ปิ้ง
1736295275258349129,#เตาแคมป์ปิ้ง #เตาแอลกอฮอล์ #เตาพกพา | #เตาเดินป่า #เตาปิคนิค #เตาแคมป์ | #เตาต้มกาแฟ #เตาทำอาหาร #เตาขนาดเล็ก
1731710937333859519,#เครื่องวัดความดัน #เครื่องวัดดัน #อุปกรณ์วัดความดัน | #เครื่องตรวจความดัน #ที่วัดความดัน #เครื่องวัดความดันโลหิต | #วัดความดันพกพา #เครื่องวัดความดันดิจิตอล #เครื่องวัดความดันผู้สูงอายุ
1732408845275072405,#ปั๊มลม #ปั๊มลมไฟฟ้า #ปั๊มลมรถยนต์ | #ปั๊มลมพกพา #เครื่องปั๊มลม #ปั๊มลม12V | #ปั๊มลมติดรถ #ปั๊มลม150PSI #ปั้มลมพกพา
1731579332898229004,#ชุดโซล่าเซลล์ #ชุดโซล่าเซลล์ครบชุด #ชุดโซล่าเซลล์นอนนา | #โซล่าเซลล์บ้านสวน #โซล่าเซลล์พกพา #โซล่าเซลล์สำเร็จรูป | #แผงโซล่าเซลล์ #ชุดไฟโซล่าเซลล์ #โคมไฟโซล่าเซลล์
1736224954864666249,#SOARFLY #อินเวอร์เตอร์ไฟฟ้าพกพา #อินเวอร์เตอร์300W | #แปลงไฟแบตเตอรี่ #พาวเวอร์สเตชั่น #พาวเวอร์สเตชั่นพกพา | #อินเวอร์เตอร์แคมป์ปิ้ง #อินเวอร์เตอร์ฉุกเฉิน #อินเวอร์เตอร์พกพา
1732123611589871571,#CarCharger #ที่ชาร์จแบตในรถ #ช่องเสียบusbรถยนต์ | #CarChargerTester #ที่ชาร์จโทรศัพท์ในรถ #หัวชาร์จรถยนต์ | #ที่ชาร์จในรถ12v #usbชาร์จรถยนต์ #อุปกรณ์ชาร์จในรถ
1733290496502892475,#เครื่องเล่นMP5รถยนต์ #เครื่องเล่นMP5 #เครื่องเสียงรถยนต์ | #จอติดรถยนต์ #จอCarplay #จอแอนดรอยด์รถยนต์ | #บลูทูธรถยนต์ #เครื่องเล่นเอ็มพีห้า #จอแสดงผลรถยนต์
1729906397817244290,#เครื่องชาร์จแบตเตอรี่ #เครื่องชาร์จแบตรถยนต์ #ที่ชาร์จแบตรถยนต์ | #เครื่องชาร์จแบต12v #เครื่องชาร์จแบต24v #เครื่องชาร์จแบตอัจฉริยะ | #เครื่องชาร์จแบตรถมอเตอร์ไซค์ #เครื่องฟื้นฟูแบตเตอรี่ #ที่ชาร์จแบตเตอรี่
1730000805109926330,#ปั๊มลมรถยนต์ #ปั๊มลม12v #ปั๊มลมพกพา | #เครื่องอัดอากาศรถยนต์ #ปั๊มลมสองสูบ #ปั๊มลมไฟฟ้า | #ปั๊มลมรถเก๋ง #ปั๊มลมมอเตอร์ไซค์ #ปั๊มลม150psi
1732946261046298429,#โซฟาเป่าลม #โซฟาเป่าลมพกพา #โซฟาเป่าลมชายหาด | #ที่นอนพองลม #ที่นอนเป่าลม #ที่นอนปิคนิคเป่าลม | #โซฟาแคมป์ปิ้ง #โซฟาพับได้ #โซฟาอเนกประสงค์
1729718247826032976,#พัดลมติดรถยนต์ #พัดลม12v #พัดลม24v | #พัดลมรถบรรทุก #พัดลมUSB #พัดลมใช้ในบ้าน | #พัดลมรถยนต์ #พัดลม12โวลท์ #พัดลมติดรถ
1733020394227926781,#ปั๊มลม #ปั๊มลมไฟฟ้า #ปั้มลม | #ปั๊มลมพกพา #เครื่องปั๊มลม #ปั๊มลมติดรถยนต์ | #ปั๊มลมมินิ #ปั๊มลม12v #เครื่องเติมลมยาง
1731736498463804172,#ชุดไฟโซล่าเซลล์ #ชุดไฟโซล่าเซลล์พกพา #โซล่าเซลล์แคมป์ปิ้ง | #ชุดไฟสำรองอเนกประสงค์ #พาวเวอร์บ็อกซ์โซล่าเซลล์ #ชุดไฟฉุกเฉินโซล่าเซลล์ | #อุปกรณ์แคมป์ปิ้งโซล่าเซลล์ #โซล่าเซลล์SE0701 #ชุดไฟพลังงานแสงอาทิตย์
1733503639596991576,#ฝาครอบแบตเตอรี่ #กล่องแบตเตอรี่ #กล่องใส่แบต | #ฝาครอบแบตอเนกประสงค์ #กล่องแบตเตอรี่12V #กล่องแบต20A | #ฝาครอบแบตตะกั่วกรด #กล่องแบตเตอรี่แห้ง #กล่องแบตอิเล็กทรอนิกส์
1730783690576791747,#แผงโซล่าเซลล์6วัตต์ #แผงโซล่าเซลล์พกพา #โซล่าเซลล์ชาร์จมือถือ | #แผงโซล่าเซลล์6W #แผงโซล่าเซลล์6V #โซล่าเซลล์ราคาถูก | #แผงโซล่าเซลล์เล็ก #โซล่าเซลล์ติดบ้าน #แผงโซล่าเซลล์พร้อมส่ง
1733044358375966406,#ที่นอนเป่าลมในรถ #เบาะที่นอนในรถ #ที่นอนในรถ | #ที่นอนรถยนต์ #ที่นอนเบาะหลังรถ #ที่นอนเด็กในรถ | #เตียงLลมในรถ #ที่นอนลมรถยนต์ #carairbed
1731670735008860381,#จั๊มสตาร์ทรถ #จั๊มสตาร์ทรถยนต์ #จั๊มสตาร์ท12v | #สตาร์ทเตอร์ #สตาร์ทรถฉุกเฉิน #แบตเตอรี่สำรองรถ | #พาวเวอร์แบงค์รถ #อุปกรณ์ฉุกเฉินรถ #ที่ชาร์จแบตในรถ
1732005396534102649,#ปั๊มน้ำ #เครื่องสูบน้ำ #DCPump | #ปั๊มจุ่ม #ไดโว่ #ปั๊มน้ำ12V | #ปั๊มน้ำ24V #ปั๊มแช่ #ปั๊มสูบน้ำ
1731883506835032713,#PortablePowerStation #Powerbox500w #พาวเวอร์บ็อกซ์ | #Powerbankพกพา #เครื่องกำเนิดไฟฟ้า #CampingPowerbank | #แบตสำรองแคมป์ปิ้ง #พาวเวอร์สเตชั่น #โซล่าเซลล์แคมป์ปิ้ง
1735545908890863428,#อินเวอร์เตอร์ #อินเวอร์เตอร์12v #อินเวอร์เตอร์6000w | #อินเวอร์เตอร์pure sinewave #อินเวอร์เตอร์แปลงไฟ #อินเวอร์เตอร์รถยนต์ | #เครื่องแปลงไฟ #หม้อแปลงไฟรถยนต์ #เพียวซายน์เวฟ
1729740849165731955,#ปั๊มลมไร้สาย #ที่สูบลมยางพกพา #ปั๊มลมรถยนต์ | #ปั๊มลมไฟฟ้า #ที่สูบลมยางไฟฟ้า #ปั๊มลมพกพา | #ปั๊มลมดิจิตอล #ที่สูบลมยางรถยนต์ #ปั๊มลมมินิ
1733471244716771271,#เปลฮัมมอก #เปลแคมป์ปิ้ง #เปลนอนป่า | #เปลกันยุง #เปลสนาม #เปลนอนกลางแจ้ง | #เปลเดินป่า #เปลนอน #เปลมุ้ง
1732036415517788091,#เครื่องเล่นMP5 #จอแอนดรอยด์รถยนต์ #เครื่องเสียงรถยนต์ | #จอติดรถยนต์ #วิทยุรถยนต์ #เครื่องเล่นรถยนต์ | #จอMP5 #เครื่องเล่นในรถ #จอหน้ารถยนต์
1731731955382191309,#เครื่องชาร์จแบตเตอรี่รถยนต์ #เครื่องชาร์จแบต #เครื่องชาร์จ12V | #ตัวชาร์จแบตเตอรี่ #เครื่องชาร์จ24V #เครื่องชาร์จอัจฉริยะ | #ที่ชาร์จแบตรถยนต์ #เครื่องฟื้นฟูแบต #เครื่องชาร์จ1000A
1731787656090650007,#เครื่องตรวจจับสัญญาณดักฟัง #เครื่องตรวจจับสัญญาณ #เครื่องตรวจจับCC308 | #ตัวตรวจจับสัญญาณ #เครื่องสแกนกล้องซ่อน #เครื่องตรวจจับจีพีเอส | #อุปกรณ์กันแอบถ่าย #เครื่องเช็คกล้องแอบถ่าย #เครื่องหาตำแหน่งGPS
1732288376418698605,#กระเป๋าใส่แคมป์ปิ้ง #กระเป๋าแคมป์ปิ้ง #กระเป๋าเดินป่า | #กระเป๋าเก็บของปิกนิก #กระเป๋าปิกนิก #กระเป๋าใส่เต็นท์ | #กระเป๋าเก็บของอเนกประสงค์ #กระเป๋าอุปกรณ์แคมป์ #กระเป๋าพกพา
1731192636495463803,#รถวิทยุ7นิ้ว #เครื่องเสียงรถยนต์ #วิทยุรถยนต์ | #จอandroidรถยนต์ #เครื่องเล่นรถยนต์ #จอหน้ารถยนต์ | #วิทยุติดรถยนต์ #จอวิทยุรถยนต์ #เครื่องเล่นMP5
1736502717640902266,#ชิงช้าแขวน #เก้าอี้เปลญวน #ชิงช้าแต่งบ้าน | #เปลญวนนั่ง #ชิงช้าในสวน #ชิงช้าผู้ใหญ่ | #เปลญวนถัก #ชิงช้าแคมป์ปิ้ง #เก้าอี้แขวน
1732320293142628279,#ห้องน้ำพับได้ #ห้องน้ำพกพา #สุขภัณฑ์พกพา | #ห้องน้ำแคมป์ปิ้ง #สุขภัณฑ์แคมป์ #ห้องน้ำสนาม | #ห้องน้ำในรถ #ห้องน้ำคนแก่ #ห้องน้ำเดินทาง
1732216605451651786,#มาส์กตานอน #มาส์กตานอนบลูทูธ #ผ้าปิดตานอน | #ผ้าปิดตาบลูทูธ #ที่ปิดตานอน #แว่นตานอน | #มาส์กตาไร้สาย #หูฟังนอนหลับ #ผ้าปิดตาฟังเพลง
1735645408688768264,#กระเป๋าลำโพงบลูทูธ #กระเป๋าลำโพง #กระเป๋าบลูทูธ | #กระเป๋าสะพายอก #กระเป๋าคาដอก #กระเป๋าแฟชั่นชาย | #ลำโพงบลูทูธพกพา #ลำโพงไร้สาย #ลำโพงบลูทูธ
1731431072876233797,#พาวเวอร์แบงค์ชาร์จเร็ว #แบตสำรอง22.5W #เพาเวอร์แบงค์พกพา | #แบตสำรองชาร์จไว #พาวเวอร์แบงค์20000mAh #แบตสำรองมีขาปลั๊ก | #เพาเวอร์แบงค์ของแท้ #พาวเวอร์แบงค์มีสายในตัว #แบตสำรองพร้อมสาย
1730802272570018422,#หลังคาชนิดทดแทน #หลังคาชิงฉ้า #ผ้าใบหลังคาชิงฉ้า | #หลังคาชิงฉ้า3ที่นั่ง #ผ้าคลุมชิงฉ้า #หลังคาผ้าใบกันน้ำ | #ผ้าใบเปลี่ยนชิงฉ้า #หลังคากันแดดชิงฉ้า #ผ้าคลุมเปลญวน
1735847997196764327,#แบตสำรอง #พาวเวอร์แบงค์ #แบตสำรองACNIC | #แบตสำรอง80000mah #พาวเวอร์แบงค์80000mah #แบตสำรองชาร์จเร็ว | #พาวเวอร์แบงค์ของแท้ #แบตสำรองของแท้ #พาวเวอร์แบงค์120w
1730584046668909324,#ชุดโซล่าเซลล์พกพา #โซล่าเซลล์พกพา #ชุดโซล่าเซลล์อเนกประสงค์ | #โซล่าเซลล์กลางแจ้ง #โซล่าเซลล์ชาร์จUSB #ชุดโซล่าเซลล์มีหลอดไฟ | #โซล่าเซลล์SE0101 #ชุดโซล่าเซลล์พลังงานแสงอาทิตย์ #โซล่าเซลล์อเนกประสงค์
1734006838306178580,#ชุดโซล่าเซลล์ #ชุดเครื่องสำรองไฟ #โซล่าเซลล์พกพา | #เครื่องสำรองไฟบ้าน #ชุดโซล่าเซลล์ราคาถูก #โซล่าเซลล์ชาร์จมือถือ | #เครื่องสำรองไฟพกพา #โซล่าเซลล์พร้อมอุปกรณ์ #ชุดโซล่าเซลล์บ้าน
1735838057191474202,#PortablePowerbox #พาวเวอร์บ็อกซ์500w #เพาเวอร์บ็อกซ์ | #เครื่องสำรองไฟพกพา #โซล่าเซลล์แคมป์ปิ้ง #แบตเตอรี่สำรองไฟ | #เพาเวอร์สเตชั่น #พาวเวอร์แบงค์แคมป์ปิ้ง #เครื่องปั่นไฟพกพา
1732216388968547631,#ตัวแปลงไฟรถยนต์ #อินเวอร์เตอร์150W #ตัวแปลงไฟDC220V | #ซ็อกเก็ตแปลงไฟ #อินเวอร์เตอร์ไร้สาย #พาวเวอร์ซัพพลาย | #ตัวแปลงไฟแบตเตอรี่ #อะแดปเตอร์แปลงไฟ #อินเวอร์เตอร์สากล
1735514294222423792,#พัดลมไร้สาย #พัดลมYOUXIAN #พัดลม9นิ้ว | #พัดลมแค้มปิ้ง #พัดลมพกพา #พัดลมไร้สาย9นิ้ว | #พัดลมตั้งแคมป์ #พัดลมแบตเตอรี่ #พัดลมไร้สายราคาถูก
1730540814263879988,#ชุดนอนนาโซล่าเซลล์ #ชุดนอนนาโซล่าร์เซลล์ #ชุดไฟโซล่าเซลล์ | #ชุดนอนนาพกพา #โซล่าเซลล์ชุดนอนนา #ไฟโซล่าเซลล์นอนนา | #ชุดนอนนาโซล่าเซลล์พร้อมใช้ #ชุดนอนนาโซล่าเซลล์ราคาถูก #โซล่าเซลล์ชุดเล็ก
1736502546209801591,#อุปกรณ์ฉุกเฉินอเนกประสงค์ #อุปกรณ์ฉุกเฉิน #เครื่องฉุกเฉิน | #แหล่งจ่ายไฟสำรอง #แบตสำรองพกพา #พาวเวอร์แบงค์แคมป์ปิ้ง | #สถานีพลังงานแสงอาทิตย์ #โซล่าเซลล์พกพา #เครื่องปั่นไฟโซล่าเซลล์
1731749681481680610,#ลำโพงบลูทูธ #ลำโพงไร้สาย #ลำโพงพกพา | #ลำโพงมินิ #ลำโพงบลูทูธเบสแน่น #ลำโพงบลูทูธเสียงดี | #ลำโพงมีไฟ #ลำโพงบลูทูธพกพา #ลำโพงบลูทูธราคาถูก
1734066784443467168,#หม้อนึ่งสแตนเลส #หม้อนึ่ง24ซม #หม้อนึ่งอเนกประสงค์ | #ชุดหม้อนึ่ง #หม้อต้มสแตนเลส #หม้อนึ่งสองหู | #หม้อนึ่งอาหาร #หม้อนึ่งปลา #หม้อนึ่งราคาถูก
1732084872255473208,#กางเกงเต้นรำ #กางเกงขายาว #กางเกงทรงกว้าง | #กางเกงสตรีท #กางเกงแจ๊ส #กางเกงแฟชั่น | #กางเกงผู้หญิง #กางเกงเอวสูง #กางเกงแนวๆ
1732057136688826763,#เดรสสั้นเกาะอก #เดรสแฟชั่น #เดรสสีดำ | #ชุดไปคาเฟ่ #ชุดเดรสสั้น #เดรสเกาะอก | #ชุดเที่ยวกลางคืน #เดรสน่ารัก #ชุดแฟชั่นเกาหลี
1735752279318692867,#เซ็ตงาน4ชิ้น #ชุดเซ็ตลายจุด #ชุดเซ็ทแฟชั่น | #ชุดเซ็ตน่ารัก #ชุดเซ็ตเกาหลี #เซ็ตเสื้อกางเกง | #ชุดเซ็ตผู้หญิง #ชุดเซ็ตสวยๆ #ชุดเซ็ตราคาถูก
1731731947998054281,#เสื้อแขนยาวผู้หญิง #เสื้อคอกลมแขนยาว #เสื้อแฟชั่นเกาหลี | #เสื้อยืดแขนยาว #เสื้อลายโบว์ #เสื้อผ้าใส่สบาย | #เสื้อสไตล์เกาหลี #เสื้อยืดผู้หญิง #เสื้อแขนยาวแฟชั่น
1731946664949418562,#ชุดคอสเพลย์ #ชุดสไปเดอร์แมน #ชุดบอดี้สูท | #ชุดแฟนซี #ชุดเซ็กซี่ #ชุดเดรสแฟชั่น | #ชุดปาร์ตี้ #ชุดเที่ยวกลางคืน #ชุดคาเฟ่
1731618093421463735,#ชุดทูพีซ #ชุดเซ็ตผู้หญิง #เสื้อแฟชั่น | #กระโปรงสั้น #ชุดเอวสูง #ชุดลำลอง | #แฟชั่นเกาหลี #ชุดวินเทจ #เสื้อผ้าแฟชั่น
1731051131031882648,#เสื้อยืดผู้หญิง #เสื้อผ้าแฟชั่นผู้หญิง #เสื้อโอเวอร์ไซส์ | #เสื้อยืดสวยๆ #เสื้อแฟชั่นเกาหลี #เสื้อแนวอเมริกัน | #เสื้อยืดแขนสั้น #เสื้อสไตล์เรโทร #เสื้อกีฬาลำลอง
1731120592961571337,#เสื้อยืดผู้หญิง #เสื้อแขนยาว #เสื้อเปิดไหล่ | #เสื้อแฟชั่นเกาหลี #เสื้อสไตล์Y2K #เสื้อชิคๆ | #เสื้อผ้าแฟชั่น #เสื้อแขนยาวผู้หญิง #เสื้อสไตล์เกาหลี
1734440978854020806,#เดรสเลเยอร์ #เดรสแฟชั่น #เดรสสั้น | #เดรสระบาย #เดรสซีทรู #เดรสผู้หญิง | #เดรสน่ารัก #ชุดเดรสแฟชั่น #เดรสออกงาน
1732223399659407517,#ชุดเซตสามชิ้น #ชุดเซตน่ารัก #ชุดเซตแฟชั่น | #ชุดเซตเสื้อแขนยาว #ชุดเอี้ยมกระโปรง #ชุดเซตสไตล์เกาหลี | #ชุดเซตผู้หญิง #ชุดเซตราคาถูก #ชุดเซตสวยๆ
1732335764287030667,#เสื้อเบลาส์ผู้หญิง #เสื้อแขนยาวผู้หญิง #เสื้อคอปาดไหล่ | #เสื้อแฟชั่นเกาหลี #เสื้อผ้าฟลีซ #เสื้อแต่งลายสก็อต | #เสื้อทรงเฉียง #เสื้อสวยๆ #เสื้อทำงานผู้หญิง
1729887609628560312,#เสื้อเชิ้ตแขนยาว #เสื้อเชิ้ตลายทาง #เสื้อเชิ้ตเกาหลี | #เสื้อเชิ้ตผู้หญิง #เสื้อผ้าแฟชั่น #เสื้อเชิ้ตทำงาน | #เสื้อเชิ้ตสวยๆ #เสื้อเชิ้ตOOTD #เสื้อเชิ้ตพร้อมเนคไท
1733211111447430282,#เดรสออกงาน #เดรสเปิดไหล่ #เดรสแขนยาว | #เดรสเข้ารูป #เดรสสั้น #เดรสเกาหลี | #ชุดออกงาน #ชุดเดรส #ชุดไปงานแต่ง
1732070790995477700,#ชุดเดรสเปิดไหล่ #ชุดเดรสสองชิ้น #ชุดเดรสสตรีท | #ชุดเดรสแขนยาว #ชุดเดรสสั้น #ชุดเดรสแฟชั่น | #ชุดเดรสฤดูใบไม้ร่วง #ชุดเดรสสาวฮอต #ชุดเดรสไฮ엔ด์
1731489573192501750,#มินิเดรสผู้หญิง #มินิเดรสแฟชั่น #มินิเดรสเกาหลี | #เดรสแขนกุด #เดรสคอปก #เดรสสั้นน่ารัก | #ชุดเดรสผู้หญิง #ชุดเดรสแฟชั่น #ชุดลำลองผู้หญิง
1731054041998985394,#เสื้อสเวตเตอร์ #เสื้อสเวตเตอร์เกาหลี #เสื้อกันหนาวแฟชั่น | #เสื้อเปิดไหล่ #เสื้อถักไหมพรม #เสื้อแขนยาวผู้หญิง | #เสื้อสไตล์เกาหลี #เสื้อลูกไม้แฟชั่น #เสื้อผ้าแฟชั่นเกาหลี
1734082355833832584,#เสื้อสไตล์อเมริกัน #เสื้อลูกไม้แฟชั่น #เสื้อเปิดไหล่ | #เสื้อยืดแขนยาว #เสื้อผู้หญิงสวยๆ #เสื้อแฟชั่นเกาหลี | #เสื้อพรีเมี่ยม #เสื้อต้นฤดูใบไม้ผลิ #เสื้อแฟชั่นผู้หญิง
1731366162611799799,#เสื้อปาดไหล่ #เสื้อแฟชั่นผู้หญิง #เสื้อเซ็กซี่ | #Suitcute #เสื้อแขนโคมไฟ #เสื้อประดับมุก | #เสื้อสไตล์ฝรั่งเศส #เสื้อทรงหลวม #เสื้อผู้หญิงแฟชั่น
1731401075907791463,#ชุดว่ายน้ำ #ชุดว่ายน้ำแฟชั่น #ชุดว่ายน้ำผู้หญิง | #ชุดว่ายน้ำวันพีช #ชุดว่ายน้ำแขนยาว #ชุดว่ายน้ำน่ารัก | #ชุดว่ายน้ำเกาหลี #ชุดว่ายน้ำเซ็กซี่ #ชุดว่ายน้ำสวยๆ
1731246144766183250,#หม้อนึ่งพลาสติก #หม้อนึ่งไมโครเวฟ #หม้อนึ่งซาลาเปา | #กล่องนึ่งอาหาร #ชามนึ่งไมโครเวฟ #กล่องอุ่นอาหาร | #หม้อนึ่งทรงกลม #เครื่องครัวไมโครเวฟ #กล่องนึ่งพลาสติก
1731263647124392895,#กระทะทอดไข่4หลุม #กระทะทอดไข่ #กระทะทอดไข่ดาว | #กระทะแพนเค้ก #กระทะหลุม #กระทะก้นแบน | #กระทะทอดไข่ไม่ติดกระทะ #กระทะทำอาหาร #กระทะทอดไข่สี่หลุม
1733211885828146745,#แก้วน้ำคิตตี้ #แก้วมัจฉะ #แก้วน่ารัก | #แก้วน้ำ300ml #แก้วกาแฟ #แก้วมินิมอล | #แก้วใส #แก้วเครื่องดื่ม #แก้วแฟนซี
1730594506831399330,#กระปุกออมสินเด็ก #กระปุกออมสินน่ารัก #กระปุกออมสินมินิ | #กระปุกออมสินบ้าน #กระปุกออมสินการ์ตูน #กระปุกออมสินของเล่น | #กระปุกออมสินเงินเก็บ #กระปุกออมสินสวยๆ #กระปุกออมสินแฟชั่น
1735284919862724511,#พัดลมตั้งโต๊ะ #พัดลมCasgoo #พัดลมมินิมอล | #พัดลมพกพา #พัดลมโต๊ะทำงาน #พัดลมปรับระดับ | #พัดลมเสียงเงียบ #พัดลมปรับ180องศา #พัดลมลมแรง
1732305268972029428,#ไมโครโฟน3in1 #ไมโครโฟนไร้สาย #ไมโครโฟนหนีบเสื้อ | #ไมโครโฟนไลฟ์สด #ไมโครโฟนบันทึกวิดีโอ #ไมโครโฟนมือถือ | #ไมโครโฟนTypeC #ไมโครโฟนไอ폰 #ไมโครโฟนลดเสียงรบกวน
1733992507246019647,#การตกแต่งภายใน #ผ้าตกแต่ง #ฉากถ่ายรูป | #ผ้าพื้นหลัง #ฉากถ่ายสินค้า #พร็อพถ่ายรูป | #ฉากถ่ายภาพ #ผ้าฉากหลัง #อุปกรณ์ถ่ายภาพ
1731783635864028245,#เซ็ตถ่ายไลฟ์สด #ชุดขาตั้งโทรศัพท์ #อุปกรณ์ไลฟ์สด | #ขาตั้งกล้องมือถือ #ไม้เซลฟี่ไลฟ์สด #กิมบอลกันสั่น | #ไมค์ไลฟ์สด #ไฟLEDไลฟ์สด #ขาตั้งVlog
1730745588953942277,#อุปกรณ์ถ่ายภาพ #แผ่นสะท้อนแสง #สตูดิโอถ่ายภาพ | #อุปกรณ์ถ่ายทำวิดีโอ #รีเฟลกเตอร์ถ่ายภาพ #ฉากถ่ายรูปสินค้า | #อุปกรณ์ไลฟ์สด #ไฟสตูดิโอ #อุปกรณ์ถ่ายคลิป
1732858027860985065,#พัดลมไอน้ำ #พัดลมพกพา #พัดลมไอเย็น | #พัดลมแคมป์ปิ้ง #พัดลมตั้งโต๊ะ #พัดลมไร้สาย | #พัดลม9นิ้ว #พัดลมมินิ #พัดลมพ่นยา
1735839260258764308,#ผ้าฉากหลัง #ฉากหลังไลฟ์สด #ฉากไลฟ์สด | #ผ้าฉากหลังถ่ายทอดสด #ฉากหลังถ่ายไลฟ์ #ฉากหลังสตูดิโอ | #ผ้าฉากหลังความละเอียดสูง #ฉากหลังสวยๆ #ฉากหลังราคาถูก
1734632999053657730,#พัดลมSunika #พัดลมไร้สาย #พัดลมไอเย็น | #พัดลมพกพา #พัดลมชาร์จไฟได้ #พัดลม12นิ้ว | #พัดลมแคมป์ปิ้ง #พัดลมมินิมอล #พัดลมไฟฟ้า
1731439859708758306,#พัดลมไร้สาย #พัดลมพกพา #พัดลมชาร์จไฟ | #พัดลมพับได้ #พัดลมตั้งโต๊ะ #พัดลมUSB | #พัดลมมินิ #พัดลมไร้สายพกพา #พัดลมพับได้7200mAh
1730928981899578308,#LIGEนาฬิกาสมาร์ทวอทช์ #สมาร์ทวอทช์ผู้ชาย #นาฬิกาLIGE | #นาฬิกาสมาร์ทวอทช์ #สมาร์ทวอทช์ชาย #นาฬิกาข้อมือชาย | #สมาร์ทวอทช์โทรได้ #นาฬิกาออกกำลังกาย #สมาร์ทวอทช์แบตอึก
1731132333154208727,#พาวเวอร์แบงก์30000mAh #แบตสำรอง30000 #พาวเวอร์แบงก์OUKU | #แบตสำรองพกพา #พาวเวอร์แบงก์ของแท้ #แบตสำรองความจุสูง | #พาวเวอร์แบงก์ราคาถูก #แบตสำรองชาร์จไว #พาวเวอร์แบงก์ขึ้นเครื่องบินได้
1731382683870004821,#พาวเวอร์แบงค์ #พาวเวอร์แบงค์150000mah #พาวเวอร์แบงค์ชาร์จเร็ว | #แบตสำรอง #แบตสำรองความจุสูง #แบตสำรองโซล่าเซลล์ | #เพาเวอร์แบงค์ #เพาเวอร์แบงค์พกพา #เพาเวอร์แบงค์แท้
1731886442995747421,#UGREENMagneticPowerBank #พาวเวอร์แบงค์UGREEN #แบตสำรองแม่เหล็ก | #พาวเวอร์แบงค์10000mAh #แบตสำรองไร้สาย #เพาเวอร์แบงค์ชาร์จเร็ว | #พาวเวอร์แบงค์iPhone #แบตสำรองPD20W #เพาเวอร์แบงค์พกพา
1730855229540632642,#iMIPowerbank #แบตสำรอง #พาวเวอร์แบงค์ | #แบตสำรอง20000mAh #พาวเวอร์แบงค์ชาร์จเร็ว #แบตสำรองมีสายในตัว | #พาวเวอร์แบงค์มีปลั๊ก #แบตสำรองของแท้ #พาวเวอร์แบงค์พกพา
1730090379088595549,#UGREENNexode #หัวชาร์จUGREEN #หัวชาร์จGaN | #หัวชาร์จ100W #หัวชาร์จเร็ว #ที่ชาร์จแบต | #หัวชาร์จTypeC #อะแดปเตอร์ชาร์จไว #หัวชาร์จมือถือ
1735806242780907384,#พัดลมตั้งพื้น #พัดลม18นิ้ว #พัดลมPOWERONE | #พัดลมบ้าน #พัดลมราคาถูก #พัดลม5ใบพัด | #พัดลมลมแรง #พัดลมประหยัดไฟ #พัดลมตั้งพื้น18นิ้ว
1736277419153851526,#เครื่องพ่นอโรมาเปลวไฟ #เครื่องพ่นอโรมา #เครื่องพ่นไอน้ำ | #อโรมาดีฟิวเซอร์ #เครื่องพ่นอโรมาLED #เครื่องพ่นไอน้ำอโรมา | #เครื่องพ่นอโร마รีโมท #เครื่องพ่นอโรมาตั้งเวลา #เครื่องพ่นไอน้ำเปลวไฟ
1730668536431348658,#เครื่องดูดฝุ่นไร้สาย #เครื่องดูดฝุ่น #เครื่องดูดฝุ่นมินิ | #เครื่องดูดฝุ่นในรถ #เครื่องดูดฝุ่นพกพา #เครื่องดูดฝุ่นแรงสูง | #ดูดฝุ่นรถยนต์ #เครื่องดูดฝุ่นไร้สายพกพา #เครื่องดูดฝุ่นในบ้าน
1730410964729891412,#กางเกงในชาย #กางเกงในบ็อกเซอร์ #บ็อกเซอร์ชาย | #ชุดชั้นในชาย #กางเกงในแพ็ค10 #บ็อกเซอร์ราคาถูก | #กางเกงในผ้านุ่ม #กางเกงในใส่สบาย #บ็อกเซอร์ผู้ชาย
1729663928749427195,#รองเท้าผ้าใบผู้ชาย #รองเท้าผ้าใบสีขาว #รองเท้าผ้าใบแฟชั่น | #รองเท้าผ้าใบผู้ชายเท่ๆ #รองเท้าผ้าใบใส่เที่ยว #รองเท้าผ้าใบใส่ทำงาน | #รองเท้าผ้าใบพื้นยาง #รองเท้าผ้าใบใส่วิ่ง #รองเท้าผ้าใบน้ำหนักเบา
1729657178552699072,#รองเท้าแตะกีฬาผู้ชาย #รองเท้าแตะผู้ชาย #รองเท้าแตะกันน้ำ | #รองเท้าผู้ชายฤดูร้อน #รองเท้าแตะชายหาด #รองเท้าแฟชั่นชาย | #รองเท้าแตะ #รองเท้าผู้ชาย #รองเท้ากันน้ำ
1730331508303235294,#รองเท้าแตะผู้ชาย #รองเท้าแตะชายหาด #รองเท้าแตะแฟชั่น | #รองเท้าแตะผู้ชายเท่ๆ #รองเท้าแตะผู้ชายใส่สบาย #รองเท้าแตะผู้ชายลุยน้ำ | #รองเท้าแตะผู้ชายกันลื่น #รองเท้าแตะผู้ชายราคาถูก #รองเท้าแตะผู้ชายพื้นนิ่ม
1732666023312524472,#ลำโพงบลูทูธ #ลำโพงไร้สาย #ลำโพงJMAX | #ลำโพงพกพา #ลำโพงมีไฟRGB #ลำโพงเสียงดี | #ลำโพงบลูทูธพกพา #ลำโพงไร้สายเสียงดี #ลำโพงบลูทูธJMAX
1733790850191098895,#Higeเครื่องโกนหนวด #เครื่องโกนหนวดไฟฟ้า #โกนหนวดพกพา | #Higeเครื่องโกนหนวดไฟฟ้า #เครื่องโกนหนวดผู้ชาย #ที่โกนหนวดไฟฟ้า | #เครื่องโกนหนวดอัจฉริยะ #ที่โกนหนวดพกพา #Higeเครื่องโกนหนวดอัจฉริยะ
1729843416756947120,#ไม้เซลฟี่ #ไม้เซลฟี่บลูทูธ #ไม้เซลฟี่ไร้สาย | #ขาตั้งโทรศัพท์ #ไม้เซลฟี่มินิ #ไม้เซลฟี่ตั้งโต๊ะ | #รีโมทไม้เซลฟี่ #ไม้เซลฟี่พกพา #เซลฟี่สติ๊ก
1733205782382019774,#แก้วน้ำสแตนเลส #แก้วSMAIL #แก้วเก็บความเย็น | #แก้วน้ำ800ml #แก้วสแตนเลส316 #แก้วเก็บความร้อน | #แก้วน้ำพกพา #แก้วน้ำเก็บอุณหภูมิ #แก้วมัคสแตนเลส
1733326743893214585,#นาฬิกาผู้ชาย #นาฬิกาแฟชั่นชาย #นาฬิกาสายเหล็ก | #นาฬิกาควอตซ์ #นาฬิกาข้อมือชาย #นาฬิกาผู้ชายเท่ๆ | #นาฬิกาหน้าปัดอารบิก #ชุดนาฬิกาผู้ชาย #นาฬิกาของขวัญ
1729742333281012530,#เข็มขัดหนังลายจระเข้ #เข็มขัดผู้ชาย #เข็มขัดหนังวัว | #เข็มขัดหัวออโต้ #เข็มขัดทำงานชาย #เข็มขัดแฟชั่นชาย | #เข็มขัดหนังแท้ #เข็มขัดผู้ชายเท่ๆ #เข็มขัดผู้ชายพรีเมียม
1729660506099190658,#เซ็ตน้ำหอมผู้ชาย #น้ำหอมผู้ชาย #เซ็ตน้ำหอม | #ชุดน้ำหอมผู้ชาย #น้ำหอมชาย #เซ็ตของขวัญผู้ชาย | #น้ำหอมผู้ชายติดทน #น้ำหอมบอส #เซ็ตน้ำหอม4ขวด
1731863574752626858,#CIVAGO #แก้วเก็บความร้อน #แก้วเก็บความเย็น | #แก้วน้ำ30oz #แก้วสเตนเลส #แก้วน้ำเด็กผู้หญิง | #แก้วน้ำเก็บความเย็น #แก้วน้ำ900ml #แก้วมีหลอด
1735580824623941529,#หมวกพัดลม #หมวกพัดลมโซล่าเซลล์ #หมวกพัดลมพลังงานแสงอาทิตย์ | #หมวกกันแดด #หมวกกันยูวี #หมวกกันความร้อน | #หมวกปีกใหญ่ #หมวกปีกกว้าง #หมวกกันแดดปีกกว้าง
1730562312835270989,#VKAMกล้องวงจรปิด #กล้องวงจรปิด4G #กล้องวงจรปิดใส่ซิม | #กล้องวงจรปิดโซล่าเซลล์ #กล้องวงจรปิด2เลนส์ #กล้องวงจรปิดไร้สาย | #กล้องวงจรปิดภายนอก #กล้องวงจรปิดดูผ่านมือถือ #กล้องวงจรปิดกันน้ำ
1733508887918642913,#เดรสออกงาน #ชุดเดรสยาว #เดรสสีพื้น | #เดรสสไตล์ลำลอง #เดรสกระโปรง #เดรสสายเดี่ยว | #เดรสทรงเอ #เดรสเปิดไหล่ #เดรสGiiGii
1729549488617195563,#กางเกงขาสั้นแฟชั่น #กางเกงขาสั้นผู้หญิง #กางเกงขาสั้นผ้ากำมะหยี่ | #กางเกงขาสั้นเกาหลี #กางเกงขาสั้นเอวยางยืด #กางเกงขาสั้นขากว้าง | #กางเกงขาสั้นลำลอง #กางเกงขาสั้นสปอร์ต #กางเกงขาสั้นหน้าร้อน
1736443683022210106,#ชุดเซ็ตทวิต2ชิ้น #ชุดเซ็ตทวิต #ชุดเซ็ตเสื้อกางเกง | #ชุดเซ็ตน่ารัก #ชุดเซ็ตแฟชั่น #ชุดเซ็ตผู้หญิง | #ชุดเซ็ตราคาถูก #ชุดเซ็ตสวยๆ #ชุดเซ็ตเกาหลี
1731035457596721205,#เครื่องทำความชื้น #เครื่องอโรม่า #เครื่องพ่นไอน้ำ | #เครื่องฟอกอากาศ #เครื่องพ่นปรับอากาศ #พ่นน้ำหอม | #เครื่องทำความชื้นห้องนอน #เครื่องอโรม่าห้องรับแขก #เครื่องพ่นไอน้ำมินิ
1733293214660986127,#เครื่องซักผ้ามินิ #เครื่องซักผ้าพับได้ #เครื่องซักผ้าเด็กอ่อน | #เครื่องซักผ้าหอพัก #เครื่องซักผ้าคอนโด #เครื่องซักผ้า11L | #เครื่องซักผ้าพกพา #เครื่องซักผ้าเล็ก #เครื่องซักผ้าปั่นแห้ง
1735511427202516529,#เสื้อสายเดี่ยว #เสื้อลูกไม้ #เสื้อแฟชั่น | #เสื้อสายเดี่ยวลูกไม้ #เสื้อเกาหลี #เสื้อผ้าน่ารัก | #เสื้อเซ็กซี่ #เสื้อสายเดี่ยวแฟชั่น #เสื้อผ้าแฟชั่น
1735268152223040575,#ชุดเซ็ต2ชิ้น #ชุดเซ็ตผู้หญิง #ชุดเซ็ตเกาหลี | #ชุดเซ็ตลายทาง #ชุดเซ็ตขาสั้น #ชุดเซ็ตน่ารัก | #ชุดเซ็ตแฟชั่น #ชุดเซ็ตใส่สบาย #ชุดเซ็ตราคาถูก
1733039296122947052,#หมวกเบสบอล #หมวกแฟชั่น #หมวกกันหนาว | #หมวกผู้หญิง #หมวกเกาหลี #หมวกไหมพรม | #หมวกขนแกะ #หมวกวิบวับ #หมวกน่ารัก
1736416807359317067,#LAVENIA #กระเป๋าสะพายข้าง #กระเป๋าผู้หญิง | #กระเป๋าแฟชั่น #กระเป๋าสไตล์เกาหลี #กระเป๋าหนังPU | #กระเป๋าใบใหญ่ #กระเป๋าจุของได้เยอะ #กระเป๋ามีซิป
1735528769050805269,#เสื้อทีมฟุตบอลสีครีม #เสื้อทีมฟุตบอล #เสื้อทีมบอล | #เสื้อแข่งชุดฟุตบอล #เสื้อแข่งบอล #ชุดฟุตบอล | #เสื้อบอลราคาถูก #เสื้อฟุตบอลราคาถูก #เสื้อบอลลดราคา
1731230352347858755,#เดรสสายเดี่ยว #เดรสสาวอวบ #เดรสแฟชั่น | #ชุดเซ็ตเดรส #เดรสไหมพรม #ชุดไปคาเฟ่ | #เดรสผ้ายืด #ชุดเซ็ตสาวอวบ #เดรสสลับสี
1735267589255234795,#เซ็ต2ชิ้น #เสื้อปาดไหล่ #แฟชั่นผู้หญิง | #เสื้อลายทาง #กางเกงขาสั้น #ชุดเซ็ตเกาหลี | #เสื้อผ้าแฟชั่น #ชุดเซ็ตน่ารัก #เสื้อเข้ารูป
1732522966834186051,#เดรสไหมพรม #เดรสแขนสั้น #แม็กซี่เดรส | #เดรสสาวอวบ #เดรสแฟชั่น #เดรสนิ่มๆ | #เดรสออกงาน #เดรสใส่เที่ยว #ชุดเดรสยาว
1730269017169365827,#มินิเดรสผ้าไหมพรม #เดรสไหมพรม #ชุดเดรสสาวอวบ | #เดรสลายอักษร #มินิเดรสเกาหลี #ชุดเดรสแฟชั่น | #เดรสรัดรูป #มินิเดรสราคาถูก #ชุดเดรสน่ารักๆ
1735706476984173949,#ชุดเซ็ตเกาะอก #ชุดเซ็ตแฟชั่น #ชุดเกาะอกแฟชั่น | #ชุดเซ็ตกระโปรง #กระโปรงลายริ้ว #ชุดกระโปรงแฟชั่น | #ชุดเซ็ตผู้หญิง #ชุดลุคคุณหนู #ชุดเซ็ตสวยๆ
1730497363641142083,#เดรสไหมพรม #เดรสยาว #เดรสสาวอวบ | #เดรสแขนกุด #เดรสเรียบหรู #เดรสตออกกำลังกาย | #เดรสแฟชั่น #เดรสสวยๆ #เดรสน่ารัก
1732846265818187587,#เดรสแขนกุด #เดรสไหมพรม #เดรสยาว | #เดรสสาวอวบ #เดรสแฟชั่น #เดรAหรูหรา | #ชุดเดรส #เดรสออกงาน #เดรสทำงาน
1736508507295483291,#ชุดเซ็ท2ชิ้น #ชุดเซ็ทแฟชั่น #ชุดเซ็ทผู้หญิง | #ชุดเซ็ทลูกคุณหนู #ชุดเซ็ทไฮโซ #ชุดเซ็ทสวยๆ | #ชุดเซ็ทเรียบหรู #ชุดเซ็ทน่ารัก #ชุดเซ็ทออกงาน
1729544328107034843,#มินิเดรส #มินิเดรสไหมพรม #มินิเดรสแขนกุด | #เดรสไหมพรม #เดรสแขนกุด #เดรสลายริ้ว | #ชุดไหมพรม #ชุดเดรสสั้น #ชุดเดรสแฟชั่น
1735406430955209818,#คีมอเนกประสงค์ #คีมพับได้ #คีมพกพา | #คีม19in1 #คีมเดินป่า #คีมพับ | #คีมสแตนเลส #คีมอเนกประสงค์พกพา #คีมแค้มป์ปิ้ง
1730897532688567107,#เซ็ต2ชิ้น #ชุดเซ็ตผู้หญิง #ชุดเซ็ตแฟชั่น | #เซ็ตเสื้อกระโปรง #ชุดเซ็ตเกาหลี #ชุดเซ็ตน่ารัก | #ชุดเซ็ตไหมพรม #เซ็ตเสื้อกับกระโปรง #ชุดเซ็ตราคาถูก
1732537789450389240,#ค้อนพังหน้าต่าง #ค้อนฉุกเฉินรถยนต์ #ค้อนขวานอเนกประสงค์ | #ค้อนนิรภัยติดรถ #ค้อนทุบกระจก #ค้อนกู้ภัยรถยนต์ | #เครื่องมือฉุกเฉินรถ #อุปกรณ์หนีภัยในรถ #ค้อนสแตนเลส
1730257868948081475,#เดรสยาวสาวอวบ #เดรสไหมพรม #เดรсоออกงาน | #เดรสแขนตุ๊กตา #เดรสคอเหลี่ยม #เดรสผ้ายืด | #เดรสทอลาย #เดรสน่ารัก #ชุดเดรสแฟชั่น
1731223018510256775,#เต็นท์ป๊อปอัพ #เต็นท์เปลี่ยนเสื้อผ้า #ห้องน้ำเคลื่อนที่ | #เต็นท์เปลี่ยนเสื้อผ้ากลางแจ้ง #ห้องเปลี่ยนเสื้อผ้าป๊อปอัพ #เต็นท์เดินป่า | #เต็นท์แคมป์ปิ้ง #เต็นท์ห้องน้ำ #เต็นท์สนาม
1731731951520548045,#เครื่องชาร์จแบตเตอรี่รถยนต์1200A #เครื่องชาร์จแบต12V #เครื่องชาร์จแบต24V | #เครื่องชาร์จแบตรถยนต์อัจฉริยะ #เครื่องชาร์จแบตรถยนต์ซ่อมได้ #ที่ชาร์จแบตรถยนต์1200A | #เครื่องชาร์จแบตรถยนต์12V24V #อุปกรณ์ชาร์จแบตรถยนต์ #เครื่องชาร์จแบตรถยนต์ออโต้
1736143702475441900,#ปลั๊กอัจฉริยะ #เครื่องแปลงไฟ #อินเวอร์เตอร์ | #ปลั๊กอัจฉริยะสองอัน #เครื่องแปลงไฟ150W #อินเวอร์เตอร์พกพา | #ปลั๊กอัจฉริยะไร้สาย #เครื่องแปลงไฟแบตเตอรี่ #อินเวอร์เตอร์21V
1732790608493708324,#ถุงเก็บความร้อน #กระเป๋าเก็บความร้อน #กระเป๋าเก็บความเย็น | #ถุงเก็บความร้อน30L #กระเป๋าใส่ของร้อนเย็น #ถุงกันน้ำเก็บความร้อน | #กระเป๋าใส่กล่องข้าว #กระเป๋าปิคนิค #กระเป๋าเก็บอุณหภูมิ
1731087307030760259,#ชุดเซ็ตเดรสลายทาง #ชุดเซ็ตรุ่นวาสนา #ชุดเซ็ตผ้าไหมพรม | #ชุดเดรสลายทาง #เดรสไหมพรม #เดรสออกงาน | #เสื้อคลุมไหมพรม #เสื้อคลุมกระดุมหน้า #ชุดเซ็ต2ชิ้น
1732592564037322563,#เดรสยาวไหมพรม #เดรสไหมพรมสาวอวบ #เดรสไหมพรมแหวกข้าง | #เดรสออกงานสาวอวบ #เดรสไหมพรมแขนสั้น #เดรสยาวแฟชั่น | #เดรสไหมพรมหนานุ่ม #เดรสใส่เที่ยวคาเฟ่ #เดรสไหมพรมพรีเมี่ยม
1734892847148271112,#ตู้แช่เย็นพกพา #ตู้แช่เย็น #กล่องเก็บความเย็น | #ตู้แช่28ลิตร #ตู้แช่แคมป์ปิ้ง #กล่องcoolbox | #กระติกน้ำแข็ง #ถัง 28ลิตร #ตู้แช่พกพา
1730746713527847747,#ชุดเซ็ต2ชิ้น #ชุดเดรสไหมพรม #เซ็ตเสื้อผ้าแฟชั่น | #ชุดเซ็ตผู้หญิง #เดรสยาวไหมพรม #ชุดเซ็ตเกาหลี | #ชุดไปคาเฟ่ #ชุดออกเดท #ชุดเซ็ตหรูหรา
1729679392124865347,#เดรสแฟชั่น #เดรสผู้หญิง #ชุดเดรส #เดรissออกงาน #เดรสทำงาน #ชุดเดรสแฟชั่น #เดรสสั้น #เดรสสวยๆ #ชุดเดรสผู้หญิง
1729702385557014645,#ค้อนเล็บตั้งแคมป์ #ค้อนมัลติฟังก์ชั่น #ค้อนสนาม | #คีมพับพกพา #คีมอเนกประสงค์ #คีมแค้มปิ้ง | #มีดเอาชีวิตรอด #มีดเดินป่า #อุปกรณ์แค้มปิ้ง
1731104402386553667,#ชุดเซ็ต2ชิ้น #ชุดเซ็ตสาวอวบ #ชุดเซ็ตแฟชั่น | #เดรสสายเดี่ยว #เดรสไหมพรม #เดรสรูปตัวเอส | #เสื้อคลุมแขนยาว #เสื้อคลุมไหมพรม #ชุดเซ็ตราคาถูก
1732287170019493699,#เดรสไหมพรม #เดรสแฟชั่น #เดรสผู้หญิง | #เดรสสาวอวบ #เดรสน่ารัก #ชุดเดรส | #เดรสทำงาน #เดรสเกาหลี #เดรสสั้น
1733765627944601411,#เดรสยาว #เดรสแขนกุด #เดรสคอโปโล | #เดรสไหมพรม #เดรสสาวอวบ #เดรสมินิมอล | #ชุดเดรสยาว #ชุดเดรสแฟชั่น #ชุดเดรสสวยๆ
1731000627039537987,#ชุดเซ็ต2ชิ้น #ชุดเซ็ตสาวอวบ #ชุดเซ็ตแฟชั่น | #ชุดเซ็ตไหมพรม #ชุดเซ็ตออกงาน #ชุดเซ็ตไปทะเล | #ชุดเซ็ตเกาหลี #ชุดเซ็ตน่ารัก #ชุดเซ็ตขายดี
1729446264749328902,#อินเวอร์เตอร์3000w #อินเวอร์เตอร์12vto220v #อินเวอร์เตอร์รถยนต์ | #อินเวอร์เตอร์โซล่าเซลล์ #หม้อแปลงไฟรถเป็นบ้าน #เครื่องแปลงไฟ12V | #อินเวอร์เตอร์24V #ตัวแปลงไฟรถยนต์ #อินเวอร์เตอร์เพียวสแควร์
1736363140846290439,#รองเท้าแตะโรมัน #รองเท้าแตะปิดหัว #รองเท้าแตะผู้หญิง | #รองเท้าสไตล์เรโทร #รองเท้าแฟชั่นฝรั่งเศส #รองเท้าใส่เที่ยว | #รองเท้าหน้าร้อน #รองเท้าแตะสวยๆ #รองเท้าแตะแฟชั่น
1732692399937652703,#ชั้นวางของ #ชั้นวางของเหล็ก #ชั้นวางของอเนกประสงค์ | #ชั้นวางของโลหะ #ชั้นวางของปรับระดับได้ #ชั้นวางของกันสนิม | #ชั้นวางเป๊กบอร์ด #ชั้นวางเครื่องมือ #ชั้นวางของDIY
1732221690961364803,#เดรสไหมพรม #เดรสสาวอวบ #เดรสแฟชั่น | #ชุดเดรสไหมพรม #เดรสผ้ายืด #ชุดเดรสแฟชั่น | #เดรสใส่สบาย #ชุดเดรสสาวอวบ #เดรสทำงาน
1731009054871292739,#เซ็ต2ชิ้น #เสื้อผ้าแฟชั่น #ชุดเซ็ตสาวอวบ | #เซ็ตเสื้อกระโปรง #ชุดออกงาน #ชุดไปเที่ยว | #เสื้อติดเพชร #กระโปรงลายโบว์ #ชุดเซ็ตน่ารัก
1735354445619300336,#พัดลมแบตเตอรี่ไร้สาย #พัดลมไร้สาย8นิ้ว #พัดลมแบตสว่าน | #พัดลมพกพาไร้สาย #พัดลม21V #พัดลมแบตเตอรี่ | #พัดลมพลังสูง #พัดลมไร้สายพกพา #พัดลมไร้สายราคาถูก
1732843312954705731,#เดรสไหมพรม #เดรสไหมพรมยาว #เดรสไหมพรมสาวอวบ | #เดรสไหมพรมแฟชั่น #เดรสไหมพรมออกงาน #เดรสไหมพรมแขนสั้น | #เดรสไหมพรมทอลาย #เดรสไหมพรมสีพื้น #เดรสไหมพรมเกาหลี
1731201016893441859,#ชุดเซ็ต2ชิ้น #ชุดเซ็ตสาวอวบ #ชุดเซ็ตไหมพรม | #ชุดเซ็ตแฟชั่น #ชุดเซ็ตเกาหลี #ชุดเซ็ตทำงาน | #ชุดเซ็ตราคาถูก #ชุดเซ็ตสวยๆ #ชุดเซ็ตน่ารัก
1731858796693392178,#ชุดเซ็ต2ชิ้น #ชุดเซ็ตสาวอวบ #ชุดเซ็ตแฟชั่น | #เสื้อคอวี #เสื้อไหมพรม #เสื้อแฟชั่นสาวอวบ | #กระโปรงยาว #กระโปรงไหมพรม #กระโปรงแฟชั่น
1730395770483542851,#เสื้อแขนกุด #เสื้อไหมพรม #เสื้อแฟชั่น | #เสื้อตัวยาว #เสื้อสาวอวบ #เสื้อถัก | #เสื้อกันหนาว #เสื้อใส่เที่ยว #เสื้อทำงาน
1729679539609373507,#เดรสไหมพรม #เดรสคล้องคอ #เดรสเซ็กซี่ | #ชุดเซ็ตเดรส #เดรสแฟชั่น #เดรสสวยๆ | #ชุดเดรสผู้หญิง #เดรสออกงาน #เดรสเข้ารูป
1732091854123140221,#Hergooคีมพับมัลติฟังก์ชั่น #คีมพับมัลติฟังก์ชั่น #คีมพับEDC | #คีมพับเอนกประสงค์ #คีมพับพกพา #คีมพับเดินป่า | #คีมพับตั้งแคมป์ #คีมซ่อมแซม #คีมช่างพับ
1732207221565064291,#เก้าอี้โซฟา #เก้าอี้ปรับนอน #เก้าอี้มีที่พักขา | #เก้าอี้สนาม #เก้าอี้พกพา #เก้าอี้พับได้ | #เก้าอี้ปิคนิค #เก้าอี้เดินป่า #เก้าอี้แคมป์ปิ้ง
1731253572375513923,#เซ็ต2ชิ้น #ชุดเซ็ตเสื้อกระโปรง #ชุดเซ็ตสาวอวบ | #เสื้อคอปกไหมพรม #กระโปรงไหมพรม #ชุดเซ็ตเกาหลี | #ชุดเซ็ตแฟชั่น #เสื้อผ้าสาวอวบ #ชุดเซ็ตราคาถูก
1731698005231109676,#ที่ชาร์จในรถยนต์ #ที่ชาร์จแบตในรถ #หัวชาร์จในรถ | #ที่ชาร์จมือถือในรถ #อะแดปเตอร์ชาร์จรถ #ที่ชาร์จในรถPD | #ที่ชาร์จรถยนต์USB #ที่ชาร์จโทรศัพท์ในรถ #หัวชาร์จรถยนต์
1731408166426871374,#PowerBank #แบตสำรอง #พาวเวอร์แบงค์ | #PowerBankของแท้ #แบตสำรองของแท้ #พาวเวอร์แบงค์ของแท้ | #PowerBank100000mAh #แบตสำรอง100000mAh #พาวเวอร์แบงค์100000mAh
1732040718437221613,#กระดาษทิชชู่Yaya #ทิชชู่แขวนผนัง #กระดาษเช็ดหน้า | #ทิชชู่Yaya #กระดาษชำระหนา #ทิชชู่ยกลัง | #กระดาษทิชชู่1000แผ่น #ทิชชู่ลายการ์ตูน #กระดาษทิชชู่หิ้ว
1731765111723494211,#ชุดเซ็ต2ชิ้น #ชุดเซ็ตเสื้อกระโปรง #ชุดเซ็ตสาวอวบ | #ชุดเซ็ตไหมพรม #ชุดเซ็ตออกงาน #ชุดเซ็ตแฟชั่น | #ชุดเซ็ตทำงาน #ชุดเซ็ตน่ารัก #ชุดเซ็ตราคาถูก
1731585670264489450,#เก้าอี้พับ #เก้าอี้แค้มป์ปิ้ง #เก้าอี้พับได้ | #เก้าอี้ปิคนิค #เก้าอี้สนาม #เก้าอี้พับพกพา | #เก้าอี้แคมป์ปิ้ง #เก้าอี้ชายหาด #เก้าอี้ปรับนอน
1729974695593347691,#พัดลมโซล่า #พัดลมโซล่าเซลล์ #พัดลม8นิ้ว | #พัดลมตั้งแคมป์ #พัดลมพกพา #พัดลมกลางแจ้ง | #พัดลมusb #พัดลมแคมป์ปิ้ง #พัดลมโซลาร์
1731448044100617787,#เครื่องตัดหญ้า #เครื่องตัดหญ้าไฟฟ้า #ตัดหญ้าไร้สาย | #เครื่องตัดแต่งกิ่งไม้ #กรรไกรตัดหญ้า #เครื่องตัดกิ่ง | #เครื่องตัดหญ้าแบตเตอรี่ #ตัดหญ้าสวน #เครื่องตัดหญ้าราคาถูก
1732211414125085891,#มีดเหล็กแมงกานีส #เคียวเหล็กแมงกานีส #มีดพร้า | #มีดตัดหญ้า #มีดตัดแต่งกิ่ง #เคียวคม | #เคียวไม่ต้องลับ #มีดอเนกประสงค์ #เคียวตัดหญ้า
1732080311725753958,#แก้วน้ำเก็บความเย็น #แก้วสแตนเลส316 #แก้วเก็บอุณหภูมิ | #กระบอกน้ำเก็บความเย็น #กระบอกน้ำสแตนเลส #กระบอกน้ำเซรามิก | #แก้วน้ำเซรามิก #แก้วน้ำพร้อมหลอด #แก้วน้ำพกพา
1733106004594230873,#เครื่องบดเนื้อSOKANY #เครื่องบดเนื้อไฟฟ้า #เครื่องบดหมูแรงสูง | #เครื่องทำไส้กรอก #เครื่องบดอาหาร #เครื่องบดเนื้อ3200W | #เครื่องบดหมูไฟฟ้า #เครื่องบดเนื้ออัตโนมัติ #เครื่องบดเนื้อสัตว์
1731939455589582237,#เครื่องกรองน้ำPhilips #เครื่องกรองน้ำRO #เครื่องกรองน้ำ5in1 | #เครื่องกรองน้ำทำน้ำแข็ง #เครื่องกรองน้ำร้อนเย็น #เครื่องกรองน้ำยูวี | #เครื่องกรองน้ำดื่ม #เครื่องกรองน้ำติดผนัง #เครื่องกรองน้ำระบบRO
1735265616348742993,#เซตออมเงิน #แฟ้มออมเงิน #สมุดออมเงิน | #กระปุกออมเงิน #กล่องออมเงิน #เป้าหมายการออม | #ออมเงิน25วัน #วิธีออมเงิน #เก็บเงินในซอง
1733803571593446613,#กระปุกออมสินอะคริลิค #กระปุกออมสินใส #กระปุกออมสินทรงบ้าน | #กระปุกออมสินเปิดไม่ได้ #กล่องออมเงินใส #กระปุกออมสินน่ารัก | #กระปุกออมสินเงินเก็บ #กล่องออมสินอะคริลิค #กระปุกออมสินเป้าหมาย
1735142279301989713,#สมุดสติ๊กเกอร์ #สติ๊กเกอร์ตัวเลข #สมุดสติ๊กเกอร์ตัวเลข | #สติ๊กเกอร์ติดสมุด #สติ๊กเกอร์ตัวเลข300ดวง #สติ๊กเกอร์ราคาถูก | #สมุดสติ๊กเกอร์ราคาถูก #สติ๊กเกอร์น่ารัก #สติ๊กเกอร์ได cắt
1734680479902041286,#แฟ้มออมเงิน #แฟ้มออมเงินน่ารัก #แฟ้มออมเงินความลับ | #สมุดออมเงิน #สมุดออมเงินเกาหลี #สมุดออมเงินแฟ้ม | #กระเป๋าออมเงิน #กระเป๋าออมเงินแฟ้ม #กระเป๋าออมเงินตาราง
1731030896080816771,#หม้อหุงข้าว #หม้อหุงข้าวมินิ #หม้อหุงข้าวพกพา | #หม้อหุงข้าว1.2ลิตร #หม้อหุงข้าวเล็ก #หม้อหุงข้าวหอพัก | #หม้อหุงข้าวคอนโด #หม้อหุงข้าวไฟฟ้า #หม้อหุงข้าวราคาถูก
1736361033102886461,#เลื่อยตัดกิ่ง #เลื่อยไร้สาย #เลื่อยตัดแต่งกิ่ง | #เลื่อยโซ่ #เลื่อยตัดไม้ #เลื่อยไฟฟ้า | #เลื่อยMASARU #เลื่อยด้ามยาว #เลื่อย6นิ้ว
1731395646260610576,#ชั้นวางของ #ชั้นเหล็กวางของ #ชั้นวางของ4ชั้น | #ชั้นอเนกประสงค์ #ชั้นวางของเหล็ก #ชั้นวางของอเนกประสงค์ | #ชั้นวางของในครัว #ชั้นวางของราคาถูก #ชั้นวางของมินิมอล
1734984431631435356,#ถังน้ำแข็งแค้มป์ปิ้ง #กระติกแคมป์ปิ้ง #กระติกน้ำแข็ง | #ถังน้ำแข็ง #กล่องเก็บความเย็น #กระติกเก็บความเย็น | #ถังน้ำแข็งพกพา #กระติกน้ำแข็งพกพา #ถังน้ำแข็งแคมป์ปิ้ง
1732182858846145345,#โต๊ะทำงานไม้ #โต๊ะไม้มีลิ้นชัก #โต๊ะทำงานมินิมอล | #โต๊ะคอมพิวเตอร์ไม้ #โต๊ะเขียนหนังสือ #โต๊ะอ่านหนังสือ | #โต๊ะทำงานนอร์ดิก #โต๊ะไม้สไตล์มินิมอล #โต๊ะทำงานในบ้าน
1734453600247710933,#กระปุกออมสิน #กระปุกออมสินใส #กระปุกออมสินอะคริลิค | #กระปุกออมสิน15ซม #กระปุกออมสินตารางออม #กระปุกออมสินยอดฮิต | #กระปุกออมสินน่ารัก #กระปุกออมสินเงินเก็บ #กระปุกออมสินผู้ใหญ่
1734324759207773382,#สายคาดธนบัตร #สายรัดแบงค์ #สายคาดแบงค์ | #สายรัดเงิน #สายคาดเงิน #สายรัดธนบัตร | #สายคาดเงินสด #สายรัดเงินสด #กระดาษคาดธนบัตร
1734577641308849476,#โต๊ะสแตนเลส #โต๊ะทำงานสแตนเลส #โต๊ะครัวสแตนเลส | #โต๊ะสแตนเลส3ชั้น #โต๊ะสแตนเลสแท้ #โต๊ะสแตนเลสราคาถูก | #โต๊ะวางของสแตนเลส #โต๊ะเตรียมอาหาร #โต๊ะสแตนเลสร้านอาหาร
1732881365588018637,#หญ้าเทียม #หญ้าเทียมปูพื้น #หญ้าปลอม | #สนามหญ้า #แต่งสวน #ปูพื้นคอนกรีต | #หญ้าเทียมยกม้วน #หญ้าเทียมเกรดA #หญ้าเทียมราคาถูก
1730288644325738845,#Nidadress #เดรสปาดไหล่ #เดรสซีทรู | #ชุดเดรสออกงาน #ชุดเดรสสวยๆ #เดรสแฟชั่น | #เดรสเกาหลี #ชุดไปคาเฟ่ #เดรสสั้น
1734482183314048750,#Summerchicset #ชุดเซ็ต2ชิ้น #ชุดเซ็ตผู้หญิง | #ชุดแฟชั่นผู้หญิง #ชุดไปทะเล #ชุดซัมเมอร์ | #ชุดเซ็ตน่ารัก #ชุดเสื้อกางเกง #ชุดไปคาเฟ่
1735756457016919408,#เสื้อครอปท็อป #เสื้อSuiSer #เสื้อผูกโบว์หน้า | #เสื้อครอปคอวี #เสื้อแฟชั่นผู้หญิง #เสื้อครอปสวยๆ | #เสื้อสีเบจ #เสื้อครอปน่ารัก #เสื้อเอว SML
1736185532917122514,#กางเกงยีนส์เอวต่ำ #กางเกงยีนส์วินเทจ #กางเกงยีนส์ขากว้าง | #กางเกงยีนส์เกาหลี #กางเกงยีนส์แต่งลูกไม้ #กางเกงยีนส์ผู้หญิง | #กางเกงเอวต่ำ #กางเกงวินเทจ #กางเกงขากว้าง
1736397797388682269,#V.3สายเดี่ยว #สายเดี่ยวแต่งอก #สายเดี่ยวปักผ้า | #กระโปรงปักลาย #กระโปรงลายดอก #กระโปรงแฟชั่น | #ชุดสายเดี่ยว #ชุดปักลายดอก #ชุดเซ็ตน่ารัก
1735811667460916234,#เสื้อสายเดี่ยวแฟชั่น #เสื้อสายเดี่ยวผู้หญิง #เสื้อสายเดี่ยวน่ารัก | #เสื้อสายเดี่ยวเกาหลี #เสื้อสายเดี่ยวผ้าร่อง #เสื้อสายเดี่ยวสวยๆ | #เสื้อสายเดี่ยวราคาถูก #เสื้อสายเดี่ยวฮิต #เสื้อสายเดี่ยวคิ้วท์
1732198734173471981,#กางเกงยีนส์ #กางเกงยีนส์ผู้หญิง #กางเกงยีนส์เอวสูง | #กางเกงยีนส์ขากระบอก #กางเกงยีนส์แฟชั่น #กางเกงยีนส์เกาหลี | #กางเกงยีนส์รุ่นFlowy #กางเกงยีนส์TooHotToHeal #กางเกงยีนส์ SugarMlik
1734710129127360473,#เสื้อยืดแขนยาว #เสื้อแขนยาวผู้หญิง #เสื้อแฟชั่นผู้หญิง | #เสื้อเข้ารูป #เสื้อเซ็กซี่ #เสื้อผู้หญิงเก๋ๆ | #เสื้อยืดสไตล์อเมริกัน #เสื้อสองชิ้น #เสื้อยืดแฟชั่น
1736461221079123617,#เสื้อSummer #เสื้อเกาหลี #เสื้อแขนสั้น | #เสื้อแฟชั่นผู้หญิง #เสื้อยืดแฟชั่น #เสื้อครอปเกาหลี | #เสื้อผ้าราคาถูก #เสื้อผ้าผู้หญิง #เสื้อแฟชั่นเกาหลี
1735228807141164987,#MosesQueen #เสื้อปาดไหล่ #เสื้อแขนยาว | #เสื้อสลิมฟิต #เสื้อสาวอเมริกัน #เสื้อผ้าแฟชั่น | #เสื้อครอปแขนยาว #เสื้อแฟชั่นผู้หญิง #เสื้อราคาถูก
1735643563069703679,#สายเดี่ยวคอกระเช้า #สายเดี่ยวถักลูกไม้ #สายเดี่ยวแฟชั่น | #เสื้อสายเดี่ยวสวยๆ #เสื้อสายเดี่ยวเกาหลี #เสื้อสายเดี่ยวเซ็กซี่ | #สายเดี่ยวลูกไม้ #สายเดี่ยวฤดูร้อน #สายเดี่ยวเปิดหลัง
1735910449915593945,#เสื้อคล้องคอ #Sistertop #เสื้อคล้องคอแฟชั่น | #เสื้อแฟชั่นผู้หญิง #เสื้อสายเดี่ยว #เสื้อเกาะอก | #เสื้อครอป #เสื้อไปเที่ยว #เสื้อแซ่บๆ
1734789296931505512,#เสื้อกล้ามลูกไม้ #เสื้อกล้ามสั้น #เสื้อกล้ามรัดรูป | #เสื้อกล้ามคอสูง #เสื้อกล้ามแฟชั่น #เสื้อกล้ามผู้หญิง | #เสื้อกล้ามวินเทจ #เสื้อกล้ามเซ็กซี่ #เสื้อกล้ามเกาหลี
1735222461431186976,#เสื้อยืด #เสื้อยืดผู้หญิง #เสื้อยืดเกาหลี | #เสื้อคอเหลี่ยม #เสื้อแขนห้าส่วน #เสื้อแฟชั่น | #เสื้อสไตล์เกาหลี #เสื้อผ้าแฟชั่น #เสื้อผ้าราชถูก
1735479177630942954,#MangoLady031 #เสื้อกล้ามลูกไม้ #เสื้อสายเดี่ยวลูกไม้ | #เสื้อลูกไม้สีขาว #เสื้อกล้ามสีขาว #เสื้อแฟชั่นผู้หญิง | #เสื้อสายบาง #เสื้อลูกไม้แฟชั่น #เสื้อผ้าผู้หญิง
1734008127393006814,#เสื้อเกาะอกลายจุด #เสื้อเกาะอกแฟชั่น #เกาะอกลายจุด | #เสื้อคอร์เซ็ตแฟชั่น #เสื้อเกาะอกคอร์เซ็ต #เสื้อคอร์เซ็ตลายจุด | #เสื้อเกาะอกระบาย #เสื้อลายจุดแฟชั่น #เสื้อเกาะอกสวยๆ
1736062426417169652,#เสื้อสายเดี่ยว #เสื้อแฟชั่น #เสื้อเซ็กซี่ | #เสื้อคอเหลี่ยม #เสื้อผูกโบว์ #เสื้อสายเดี่ยวแฟชั่น | #เสื้อสายเดี่ยวเซ็กซี่ #เสื้อผ้าแฟชั่น #เสื้อสวยๆ
1732735222100100456,#เสื้อชั้นในเปิดไหล่ #เสื้อชั้นในแฟชั่น #เสื้อชั้นในผู้หญิง | #เสื้อชั้นในเซ็กซี่ #เสื้อชั้นในน่ารัก #เสื้อชั้นในเกาหลี | #เสื้อชั้นในวัยรุ่น #เสื้อชั้นในสวยๆ #เสื้อชั้นในราคาถูก
1735625456257632187,#เสื้อครอปสายเดี่ยว #เสื้อครอปแฟชั่น #เสื้อครอปผู้หญิง | #เสื้อสายเดี่ยวสวยๆ #เสื้อสายเดี่ยวแฟชั่น #เสื้อสายเดี่ยวผู้หญิง | #เสื้อแฟชั่นผู้หญิง #เสื้อแฟชั่นเกาหลี #เสื้อผู้หญิงน่ารัก
1731483143879296955,#กระโปรงถัก #กระโปรงถักแฟชั่น #กระโปรงถักลายทาง | #กระโปรงถักขาวดำ #กระโปรงถักสลิมฟิต #กระโปรงถักรัดรูป | #กระโปรงถักผู้หญิง #กระโปรงถักเซ็กซี่ #กระโปรงถักเกาหลี
1735770032420128583,#เสื้อกั๊กผู้หญิง #เสื้อสายเดี่ยว #เสื้อแฟชั่น | #เสื้อลูกไม้ #เสื้อเปิดไหล่ #เสื้อแขนกุด | #เสื้อสตรี #เสื้อเซ็กซี่ #เสื้อน่ารัก
1731699469863061167,#เสื้อสเวตเตอร์ #เสื้อเปิดไหล่ #เสื้อถักผู้หญิง | #เสื้อสลิมฟิต #เสื้อเซ็กซี่ #เสื้อแฟชั่นเกาหลี | #เสื้อสไตล์ฝรั่งเศส #เสื้อน่ารัก #เสื้อแขนสั้น
1731067488211077342,#เสื้อคล้องคอ #เสื้อซีทรู #เสื้อโชว์หลัง | #เสื้อลายจุด #เสื้อแฟชั่นเกาหลี #เสื้อเซ็กซี่ | #เสื้อออกงาน #เสื้อสายเดี่ยว #เสื้อปาร์ตี้
1734309298427823926,#เกาะอกตัวยาว #เกาะอกแฟชั่น #เกาะอกยืดหยุ่น | #เกาะอกสีพื้น #เกาะอกเกาหลี #เกาะอกเซ็กซี่ | #เกาะอกผู้หญิง #เกาะอกสวยๆ #เกาะอกราคาถูก
1732204144334963830,#เสื้อแขนกุด #เสื้อแฟชั่น #เสื้อผู้หญิง | #เสื้อไหล่เฉียง #เสื้อสวยๆ #เสื้อเก๋ๆ | #เสื้อแฟชั่นเกาหลี #เสื้อทำงาน #เสื้อใส่เที่ยว
1735253240371512501,#กางเกงยีนส์ขาสั้น #กางเกงยีนส์คาร์โก้ #กางเกงขาสั้นผู้หญิง | #กางเกงยีนส์แฟชั่น #กางเกงยีนส์ATIPA #กางเกงขาสั้นทรงบอย | #กางเกงยีนส์เอวสูง #กางเกงยีนส์เกาหลี #กางเกงขาสั้นแฟชั่น
1734426196766131381,#เสื้อยืดแขนยาว #เสื้อเรย่อน #เสื้อแขนยาวผู้หญิง | #เสื้อผ้าแฟชั่น #เสื้อใส่สบาย #เสื้อเบสิค | #เสื้อยืดแฟชั่น #เสื้อแขนยาวเรย่อน #เสื้อทำงาน
1731957875033081459,#ชุดอินเนอร์กันหนาว #อินเนอร์กันหนาว #ชุดลองจอห์น | #ลองจอห์นกันหนาว #ชุดกันหนาว #ชุดฮีทเทค | #ฮีทเทคกันหนาว #ลองจอห์นชายหญิง #ชุดกันหนาวไร้รอยต่อ
1732218702890503107,#WARRIXกางเกงยีนส์ #กางเกงยีนส์ชาย #กางเกงยีนส์ขาทรงกระบอก | #กางเกงยีนส์แฟชั่น #กางเกงยีนส์ผู้ชาย #กางเกงยีนส์แท้ | #กางเกงยีนส์WARRIX #กางเกงยีนส์ลำลอง #กางเกงยีนส์เท่ๆ
1732630045888513205,#เสื้อโอเวอร์ไซซ์ #เสื้อoversize #เสื้อยืดผู้ชาย | #เสื้อผ้าแฟชั่น #เสื้อยืดเกาหลี #เสื้อผ้าผู้หญิง | #ATIPA #เสื้อยืดโอเวอร์ไซซ์ #เสื้อยืดคอกลม
1732146774499429277,#เสื้อเชิ้ตแขนสั้น #เสื้อคอจีนผู้ชาย #เสื้อเกาหลีชาย | #เสื้อเชิ้ตผู้ชาย #เสื้อผ้านิ่มใส่สบาย #เสื้อแฟชั่นผู้ชาย | #เสื้อไซซ์ใหญ่ #เสื้อใส่ทำงาน #เสื้อลำลองชาย
1730138513535175129,#เสื้อยืดทหารบก #เสื้อรองในทหารบก #เสื้อลายพราง | #เสื้อผ้านาโน #เสื้อคอวี #เสื้อแขนสั้น | #เสื้อทหาร #เสื้อรองใน #เสื้อลายพรางทหาร
1736455022145669111,#กางเกงชั้นในไร้ตะเข็บ #กางเกงในสปอร์ต #กางเกงในผู้หญิง | #กางเกงในวัยรุ่น #กางเกงในผ้าฝ้าย #กางเกงในเอวกลาง | #กางเกงในใส่ออกกำลังกาย #กางเกงในโยคะ #กางเกงในไร้ขอบ
1735608996683613380,#เสื้อยืดทูโทน #เสื้อยืดคอกลม #เสื้อยืดแฟชั่น | #เสื้อยืดผู้หญิง #เสื้อยืดผู้ชาย #เสื้อยืดunisex | #เสื้อยืดลายเท่ #เสื้อยืดใส่สบาย #เสื้อยืดระบายอากาศ
1736431090409440715,#เสื้อฮู้ดผู้ชาย #เสื้อฮู้ดมีซิป #เสื้อฮู้ดสตรีท | #แจ็คเก็ตฮู้ด #เสื้อสเวตเตอร์ #เสื้อแขนยาวบุขน | #เสื้อผ้าแฟชั่นผู้ชาย #เสื้อฮู้ดแฟชั่น #เสื้อหนาวผู้ชาย
1733404059895301777,#เสื้อฮู้ดดี้ #เสื้อฮู้ด #เสื้อกันหนาวมีฮู้ด | #เสื้อวาฟเฟิล #เสื้อแขนยาว #เสื้อโปโลแขนยาว | #เสื้อสตรีท #เสื้อโอเวอร์ไซส์ #เสื้อเกาหลี
1732857411032483271,#ผ้าขนหนูอาบน้ำเด็ก #กระโปรงอาบน้ำเด็ก #เสื้อคลุมอาบน้ำเด็ก | #ผ้าขนหนูเด็ก #กระโปรงอาบน้ำ #เสื้อคลุมอาบน้ำ | #ชุดอาบน้ำเด็ก #ผ้าขนหนูน่ารัก #ผ้าขนหนูเด็กอ่อน
1736155944213120067,#เสื้อแขนสั้นผู้หญิง #เสื้อคอกว้าง #เสื้อแหวกเอว | #เสื้อยืดสีพื้น #เสื้อเซ็กซี่ #เสื้อผ้าแฟชั่น | #เสื้อผู้หญิง #เสื้อผ้านุ่ม #เสื้อใส่สบาย
1733151803121108407,#ชุดนอนกันหนาวเด็ก #ชุดนอนเด็กกันหนาว #ชุดนอนผ้าสักหลาด | #ชุดนอนเด็กน่ารัก #ชุดนอนเด็กหนานุ่ม #ชุดนอนเด็กอุ่น | #ชุดนอนเด็ก2ชิ้น #ชุดนอนเด็กบุขน #ชุดนอนเด็กหน้าหนาว
1736636600539644956,#เสื้อแขนตุ๊กตา #ชุดเซ็ตเด็กผู้หญิง #ชุดแฟชั่นเด็ก | #เสื้อผ้าเด็กน่ารัก #ชุดคุณหนู #ชุดเซ็ตแฟชั่น | #เสื้อระบายหัวใจ #กางเกงขายาวเด็ก #ชุดเด็กผู้หญิง
1736546381313705476,#ชุดเซตผู้หญิง #ชุดเซต2ชิ้น #เสื้อผ้าแฟชั่น | #ชุดเซตเกาหลี #ชุดเซตวินเทจ #ชุดเซตน่ารัก | #เสื้อผ้าผู้หญิง #ชุดเซตฤดูร้อน #ชุดเซตราคาถูก
1734845975825123060,#ชุดเซ็ท2ชิ้น #ชุดเซตแฟชั่น #ชุดเซ็ตน่ารัก | #เสื้อคอเหลี่ยม #เสื้อแต่งดอกกุหลาบ #เสื้อแฟชั่นผู้หญิง | #กางเกงบอลลูน #กางเกงทรงฟักทอง #กางเกงขาสั้นแฟชั่น
1733999795735136038,#ชุดสูทบ้าน #ชุดสูทผู้หญิง #ชุดบ้านสวยๆ | #ชุดเซ็ต3ชิ้น #ชุดนอนใส่สบาย #ชุดเซ็ตน่ารัก | #เสื้อคาร์ดิแกน #กางเกงขายาว #ชุดอยู่บ้าน
1736469113837881076,#ชุดJinni #ชุดเซ็ตJinni #เสื้อกางเกงJinni | #ชุดไปคาเฟ่ #ชุดเซ็ตน่ารัก #ชุดลายพาสเทล | #ชุดผ้าคลัช #ชุดแฟชั่นฮิต #ชุดเซ็ตผู้หญิง
1733617683910330222,#เสื้อยืดแขนสั้น #เสื้อยืดผู้หญิง #เสื้อลายจุด | #ชุดเซ็ตผู้หญิง #ชุดเซ็ตแฟชั่น #ชุดเซ็ตเกาหลี | #กางเกงขาม้า #กางเกงสลิม #กางเกงแฟชั่น
1734778724511483347,#กางเกงขาสั้นลายพราง #กางเกงลายพราง #กางเกงขาสั้นแฟชั่น | #กางเกงวินเทจ #กางเกงเอวสูง #กางเกงสไตล์เกาหลี | #กางเกงขาสั้นผู้หญิง #กางเกงยุทธวิธี #กางเกงขาสั้นฮิต
1735865287276791604,#เสื้อยืดแขนสั้น #เสื้อยืดคอกลม #เสื้อยืดผู้หญิง | #เสื้อเบบี้ที #เสื้อbabytee #เสื้อแฟชั่นเกาหลี | #เสื้อลายใบโคลเวอร์ #เสื้อแขนสั้นผู้หญิง #เสื้อยืดน่ารัก
1736257330033624308,#เสื้อสายเดี่ยว #เสื้อลูกไม้ #เสื้อเซ็กซี่ | #เสื้อสายเดี่ยวแฟชั่น #เสื้อลูกไม้เซ็กซี่ #เสื้อเปิดหลัง | #Laylaเสื้อสายเดี่ยว #เสื้อสายเดี่ยวลูกไม้ #เสื้อผ้าแฟชั่น
1734729078095185140,#เสื้อเชิ้ตแฟชั่น #เสื้อลูกไม้หญิง #เสื้อเชิ้ตแขนสั้น | #เสื้อเชิ้ตคอวี #เสื้อแฟชั่นผู้หญิง #เสื้อสวยหรู | #เสื้อเชิ้ตเกาหลี #เสื้อผ้าแฟชั่น #เสื้อเข้ารูป
1732231484593112308,#เสื้อเบลาส์ลายทาง #เสื้อแขนกุดเกาหลี #เสื้อคอฮอลเตอร์ | #เสื้อเปิดไหล่แฟชั่น #เสื้อผูกโบว์สวยๆ #เสื้อแฟชั่นหน้าร้อน | #เสื้อเอวเข้ารูป #เสื้อสไตล์เกาหลี #เสื้อเบลาส์ผู้หญิง
1734621108599162707,#เสื้อเกาะอก #เสื้อเกาะอกแฟชั่น #เกาะอกผู้หญิง | #เสื้อเกาะอกเฉลียงเอว #เสื้อเกาะอกสวยๆ #เกาะอกแฟชั่น | #เสื้อเกาะอกน่ารัก #เสื้อแฟชั่นผู้หญิง #เสื้อเกาะอกหุ่นดี
1735856919278814535,#กางเกงผ้าเทอร์รี่ #กางเกงขาตรง #กางเกงไซส์ใหญ่ | #กางเกงสาวอวบ #กางเกงเอวยืด #กางเกงคนอ้วน | #กางเกงแฟชั่น #กางเกงขายาว #กางเกงสตรี
1731701128651901255,#เสื้อสเวตเตอร์ #เสื้อโปโลผู้หญิง #เสื้อสเวตเตอร์เกาหลี | #เสื้อแขนสั้นแฟชั่น #เสื้อสเวตเตอร์บาง #เสื้อโปโลแฟชั่น | #เสื้อสเวตเตอร์ปักลาย #เสื้อแฟชั่นเกาหลี #เสื้อผู้หญิงน่ารัก
1736441087457985584,#เสื้อโปโลผู้หญิง #เสื้อโปโลแฟชั่น #เสื้อโปโลขาว | #เสื้อยืดคอวี #เสื้อเข้ารูป #เสื้อสไตล์อเมริกัน | #เสื้อแขนสั้น #เสื้อสีขาว #เสื้อแฟชั่นราคาถูก
1736227812069770288,#เสื้อยืดแฟชั่นผู้หญิง #เสื้อยืดคอวี #เสื้อยืดเข้ารูป | #เสื้อยืดแขนสั้น #เสื้อแต่งโบว์ #เสื้อลูกไม้ฝรั่งเศส | #เสื้อหวานเซ็กซี่ #เสื้อแฟชั่นเกาหลี #เสื้อผ้าผู้หญิง
1736088313719456816,#เสื้อครอป #เสื้อแฟชั่น #เสื้อผู้หญิง | #เสื้อครอปเกาหลี #เสื้อสายเดี่ยว #เสื้อผ้าแฟชั่น | #เสื้อครอปแฟชั่น #เสื้อผ้าผู้หญิง #เสื้อสตรี
1736528920514102933,#เสื้อกันแดด #เสื้อกันแดดผู้หญิง #เสื้อกันยูวี | #เสื้อกันแดดบางเบา #เสื้อกันแดดกันร้อน #เสื้อกันแดดซัมเมอร์ | #เสื้อกันแดดแฟชั่น #เสื้อกันแดดราคาถูก #เสื้อกันแดดกันยูวี
1734331090053072059,#ชุดสุภาพสตรีหรูหรา #ชุดสุภาพ #ชุดสง่างาม | #ชุดสุภาพสตรี #ชุดแฟชั่นผู้หญิง #ชุดเซ็ตผู้หญิง | #ชุดทำงานผู้หญิง #ชุดออกงาน #ชุดสวยๆ
1736407996216477539,#ชุดเซ็ทน้องกากบาท #ชุดเซ็ทแฟชั่น #ชุดเซ็ทน่ารัก | #ชุดเซ็ท2ชิ้น #ชุดเซ็ทเสื้อกางเกง #ชุดเซ็ทผู้หญิง | #ชุดเซ็ทราคาถูก #ชุดเซ็ทสวยๆ #ชุดเซ็ทเกาหลี
1736407287773103515,#ชุดเซ็ทน้องจินนี่ #ชุดเซ็ทลายจุด #ชุดเซ็ทโบว์3D | #ชุดเซ็ทมีกระเป๋าข้าง #ชุดเซ็ทคอลใหม่ #ชุดเซ็ทน่ารัก | #ชุดเซ็ทแฟชั่น #ชุดเซ็ทผู้หญิง #ชุดเซ็ทสวยๆ
1736157352244185067,#เซตแฟชั่น #เซตเสื้อผ้า #ชุดเซตน่ารัก | #เสื้อระบายขนมชั้น #ชุดเซตผู้หญิง #เซตเสื้อกางเกง | #ชุดเซטเกาหลี #แฟชั่นน่ารัก #เสื้อผ้าผู้หญิง
1736473753570870467,#ชุดเซตลายจุดขาวยาว #ชุดเซตลายจุด #ชุดเซตแฟชั่น | #ชุดเซตกางเกงขายาว #ชุดเซตน่ารัก #ชุดเซטเกาหลี | #ชุดเซตผู้หญิง #ชุดเซ็ตลายจุด #ชุดเซทลายจุด
1730891553786595547,#มินิเดรสคอโปโล #เดรสไหมพรม #ชุดไปคาเฟ่ | #เดรสสั้นแขนสั้น #เดรสรัดรูป #ชุดออกงาน | #มินิเดรสแฟชั่น #เดรสคอโปโล #เสื้อผ้าผู้หญิง
1731635774206674082,#Set2ชิ้นผู้หญิง #ชุดเซ็ต2ชิ้น #เซ็ตผู้หญิงลายขวาง | #เสื้อครอปผู้หญิง #เสื้อครอปเต็มตัว #เสื้อลายขวาง | #กางเกงขายาว #กางเกงขายาวผู้หญิง #กางเกงลายขวาง
1736639714267334225,#ชุดเซต2ชิ้น #ชุดเซตแฟชั่น #ชุดเซตผู้หญิง | #ชุดเซตแต่งโบว์ #ชุดเซตเสื้อกางเกง #ชุดเซตน่ารัก | #ชุดเซตราคาถูก #ชุดเซตใส่สบาย #ชุดเซตขายดี
1736185667187935108,#Set2ชิ้น #ชุดเซ็ตแฟชั่น #ชุดเซ็ตน่ารัก | #ชุดไปคาเฟ่ #ชุดเซ็ตเสื้อกางเกง #ชุดเซ็ตผู้หญิง | #ชุดเซ็ตราคาถูก #ชุดเซ็ตสวยๆ #เสื้อแต่งระบายขอบลูกไม้
1736237034714334801,#ชุดเซทสายเดี่ยวระบายอกแต่งเข็มกลัด #ชุดเซทผู้หญิง #ชุดเซทแฟชั่น | #ชุดเซทสวยๆ #ชุดเซทราคาถูก #ชุดเซทน่ารัก | #ชุดเซทใส่วันสบายๆ #ชุดเซทไปคาเฟ่ #ชุดเซทคุณหนู
1735342408143963934,#ชุดนอนวันพีซ #ชุดนอนลายกระต่าย #ชุดนอนผู้หญิง | #ชุดนอนซัมเมอร์ #ชุดนอนใส่สบาย #ชุดนอนแฟชั่น | #ชุดนอนน่ารัก #ชุดนอนเกาหลี #ชุดนอนลายจุด
1732337640585398370,#เสื้อชั้นในผู้หญิง #เสื้อชั้นในแฟชั่น #เสื้อชั้นในหวานๆ | #เสื้อชั้นในลูกไม้ #เสื้อชั้นในสีฟ้า #เสื้อชั้นในแขนกุด | #เสื้อชั้นในน่ารัก #เสื้อชั้นในเกาหลี #เสื้อชั้นในซัมเมอร์
1735572076338644379,#เสื้อสายเดี่ยวแฟชั่น #เสื้อสายเดี่ยวชiffon #เสื้อสายเดี่ยวลายพิมพ์ | #เสื้อผ้าแฟชั่นผู้หญิง #เสื้อผ้าสไตล์บาหลี #เสื้อผ้าซัมเมอร์ | #เสื้อใส่เที่ยวทะเล #เสื้อครอปสายเดี่ยว #เสื้อสายเดี่ยวสวยๆ
1732490473272018452,#เสื้อชั้นในลายเสือดาว #เสื้อชั้นในแฟชั่น #เสื้อชั้นในผู้หญิง | #เสื้อชั้นในซัมเมอร์ #เสื้อชั้นในลายเสือ #เสื้อชั้นในสวยๆ | #เสื้อชั้นในเกาหลี #เสื้อชั้นในน่ารัก #เสื้อชั้นในเซ็กซี่
1735441491918358407,#ชุดเซ็ท #ชุดเซ็ทสายเดี่ยว #ชุดเซ็ทแฟชั่น | #กางเกงทรงจินนี่ #ชุดเซ็ทน่ารัก #ชุดเซ็ทผู้หญิง | #ชุดใส่เที่ยว #ชุดแฟชั่นเกาหลี #ชุดเซ็ทสวยๆ
1735223147881202923,#ชุดนอนผู้หญิง #ชุดนอนน่ารัก #ชุดนอนเกาหลี | #ชุดนอนสายเดี่ยว #ชุดนอนขาสั้น #ชุดนอนลูกไม้ | #ชุดนอนซัมเมอร์ #ชุดนอนใส่สบาย #ชุดนอนสวยๆ
1735641512550434330,#เสื้อWorkwear #เสื้อผู้หญิงแฟชั่น #เสื้อแฟชั่นเกาหลี | #เสื้อสายเดี่ยวสวยๆ #เสื้อแฟชั่นฤดูร้อน #เสื้อลูกไม้ผู้หญิง | #เสื้อผ้าผู้หญิงสวยๆ #เสื้อผ้าแฟชั่นน่ารัก #เสื้อผ้าสไตล์ฝรั่งเศส
1736206924789352267,#กางเกงขาสั้นสตรี #กางเกงขาสั้นผู้หญิง #กางเกงขาสั้นแฟชั่น | #กางเกงขาสั้นสีดำ #กางเกงขาสั้นสีเทา #กางเกงขาสั้นน่ารัก | #กางเกงขาสั้นใส่สบาย #กางเกงขาสั้นลำลอง #กางเกงขาสั้นฤดูร้อน
1732447107936454032,#เสื้อสเวตเตอร์แฟชั่น #เสื้อสเวตเตอร์เกาหลี #เสื้อสเวตเตอร์ผู้หญิง | #เสื้อแขนยาวผู้หญิง #เสื้อกันหนาวผู้หญิง #เสื้อสเวตเตอร์ไหล่เฉียง | #เสื้อสเวตเตอร์สวยๆ #เสื้อผ้าหน้าหนาว #เสื้อสเวตเตอร์น่ารัก
1736131422579820046,#Singsongbrand #เดรสSingsongbrand #เสื้อSingsongbrand | #เดรสผูกคอ #เดรสลูกปัด #เดรสผูกหลัง | #เดรสแซ่บๆ #เดรสหุ่นสับ #เดรสเที่ยวทะเล
1732421639697237528,#เสื้อถักเปิดไหล่ #เสื้อถักเกาหลี #เสื้อถักลายทาง | #เสื้อเปิดไหล่ขาวดำ #เสื้อกันหนาวแขนยาว #เสื้อแฟชั่นเกาหลี | #เสื้อโอเวอร์سไชส์ #เสื้อถักแฟชั่น #เสื้อแขนยาวลายทาง
1733801123425650559,#กางเกงขาสั้นถัก #กางเกงถักผู้หญิง #กางเกงขาสั้นเกาหลี | #กางเกงถักน่ารัก #กางเกงขาสั้นแฟชั่น #กางเกงไหมพรมขาสั้น | #กางเกงขาสั้นเอวยางยืด #กางเกงถักกันหนาว #กางเกงขาสั้นผู้หญิง
1734263036430092137,#สายเดี่ยว #เสื้อสายเดี่ยว #สายเดี่ยวลายสก็อต | #สายเดี่ยวสม็อค #เสื้อสายเดี่ยวแฟชั่น #สายเดี่ยวโบว์น้ำตาล | #สายเดี่ยวสวยๆ #เสื้อแฟชั่นผู้หญิง #สายเดี่ยวน่ารักๆ
1730156249835539111,#SexyWomen #ชุดนอนเซ็กซี่ #ชุดนอนน่ารัก | #ชุดนอนลูกไม้ #ชุดนอนใส่สบาย #ชุดนอนพร้อมส่ง | #ชุดนอนแฟชั่น #ชุดนอนผู้หญิง #ชุดนอนสวยๆ
1732501842466866395,#เสื้อกล้าม #เสื้อกล้ามผู้หญิง #เสื้อกล้ามy2k | #เสื้อกล้ามแฟชั่น #เสื้อกล้ามสตรี #เสื้อกล้ามสกรีนลาย | #เสื้อกล้ามสาวอวบ #เสื้อกล้ามผ้ายืด #เสื้อกล้ามเว้าหลัง
1730324339500026217,#กระโปรงสีดำ #กระโปรงเซ็กซี่ #กระโปรงแฟชั่น | #กระโปรงสั้น #กระโปรงเที่ยวกลางคืน #กระโปรงน่ารัก | #กระโปรงเกาหลี #กระโปรงสายเดี่ยว #กระโปรงดำ
1732213279992285178,#กางเกงขาสั้นลายเสือ #กางเกงวายทูเค #กางเกงขาสั้นy2k | #กางเกงเอวต่ำ #กางเกงขาสั้นแฟชั่น #กางเกงแฟชั่นผู้หญิง | #กางเกงรัดรูป #กางเกงขาสั้นเซ็กซี่ #กางเกงลายเสือ
1732386665794733483,#มินิเดรสสีกรม #มินิเดรสลายสก็อต #มินิเดรสแฟชั่น | #ชุดไปทะเลสวยๆ #เดรสสั้นแฟชั่น #เดรสคอฮอลเตอร์ | #ชุดเดรสเกาหลี #ชุดเดรสราคาถูก #เดรสน่ารักๆ
1732868505761711672,#เทรนด์สตรีทแดนซ์เกาหลี #ชุดเต้นสตรีทแฟชั่น #เสื้อผ้าสตรีทผู้หญิง | #ชุดแดนซ์เซอร์เกาหลี #แฟชั่นเต้นสตรีท #ชุดเต้นสไตล์เกาหลี | #ชุดเต้นฮิปฮอปหญิง #ชุดแดนซ์สตรีท #ชุดเต้นเท่ๆ
1733755623103694702,#เสื้อกั๊กแขวนลายสก๊อต #ชุดเซ็ตสองชิ้น #เสื้อผ้าแฟชั่น | #ชุดกระโปรงเอวสูง #ชุดเซ็ตผู้หญิง #ชุดไปคาเฟ่ | #แฟชั่นฤดูร้อน #ชุดลายสก๊อต #ชุดเที่ยวทะเล
1734022168267818900,#เสื้อยืดแขนกุด #เสื้อแขนกุดผู้หญิง #เสื้อกล้ามผู้หญิง | #เสื้อยืดสไตล์อเมริกัน #เสื้อผ้าแฟชั่นผู้หญิง #เสื้อยืดพิมพ์ลาย | #เสื้อแขนกุดเซ็กซี่ #เสื้อใส่สบาย #เสื้อผู้หญิงNovva
1732301620368018273,#ชุดเซตสองชิ้น #ชุดเซตเกาหลี #ชุดเซטน่ารัก | #เสื้อคลุมแฟชั่น #มินิเดรสสายเดี่ยว #ชุดเดรสลายดอกไม้ | #ชุดเซตสไตล์เกาหลี #ชุดเดรสพาสเทล #ชุดเซטแฟชั่น
1734726781293331841,#เดรสยาวสีเทาอ่อน #เดรสผูกคอ #เดรสเซ็กซี่ | #เดรสเข้ารูป #เดรสยาวแฟชั่น #เดรสออกงาน | #เดรสสไตล์เกาหลี #เดรสใส่เที่ยว #ชุดเดรสผู้หญิง
1730484673019808579,#เดรสยาวสาวอวบ #เดรสยาวแฟชั่น #เดรสยาวผู้ดี | #เดรสยาวคอวี #เดรสยาวกระดุมหน้า #เดรสยาวผ้ายืด | #เดรสยาวยืดหยุ่น #เดรสยาวใส่สบาย #เดรสยาวทรงถ่วง
1733361890318779602,#ชุดคลุมท้อง #ชุดคลุมท้องแฟชั่น #ชุดคลุมท้องเกาหลี | #ชุดคลุมท้องM #ชุดคลุมท้องL #ชุดคลุมท้องXL | #ชุดคลุมท้องราคาถูก #ชุดคลุมท้องสวยๆ #ชุดคลุมท้องใส่ทำงาน
1733457286859883560,#ชุดเดรสลายทาง #ชุดเดรสเซ็กซี่ #ชุดเดรสแขนยาว | #ชุดกระโปรงทรงสอบ #ชุดเดรuteฤดูใบไม้ร่วง #ชุดเดรสแฟชั่น | #ชุดเดรสสไตล์เกาหลี #ชุดเดรสสวยๆ #ชุดเดรสน่ารัก
1730364035013970738,#เสื้อครอปรูดหน้า #เสื้อแขนยาว #เสื้อครอปแฟชั่น | #เสื้อไฮโซ #เสื้อเรียบหรู #เสื้อผ้าแฟชั่น | #เสื้อถักกล้วยไม้ #เสื้อแฟชั่นเกาหลี #เสื้อผู้หญิง
1732091206063328067,#ชุดเซ็ต2ชิ้น #ชุดเซ็ตไหมพรม #ชุดเซ็ตสาวอวบ | #ชุดเซ็ตแฟชั่น #ชุดเซ็ตเกาหลี #ชุดเซ็ตน่ารัก | #ชุดเซ็ตราคาถูก #ชุดเซ็ตพร้อมส่ง #ชุดเซ็ตออกงาน
1733617587310069614,#กระโปรงยาว #กระโปรงลายทาง #กระโปรงผู้หญิง | #กระโปรงแฟชั่น #กระโปรงเกาหลี #กระโปรงวินเทจ | #กระโปรงสวยๆ #กระโปรงหน้าหนาว #กระโปรงฤดูใบไม้ร่วง
1732132966938281611,#เดรสทรงหลวม #เดรสแฟชั่น #เดรสใหม่2025 | #เดรสแขนสั้น #เดรสซัมเมอร์ #เดรสหรูหรา | #เดรสพลัสไซส์ #เดรสตาข่าย #เดรสสาวอวบ
1732292877650003295,#เดรสลายสก๊อต #เดรสแขนกุด #เดรสผู้หญิง | #เดรสแฟชั่น #เดรสยาว #เดรสฤดูร้อน | #เดรสสไตล์ฝรั่งเศส #เดรสไฮ엔ด์ #เดรสสวยๆ
1730891626453896003,#งานชุดเซต #ชุดเซต2ชิ้น #ชุดเซตเสื้อกางเกง | #ชุดเซตสาวอวบ #เสื้อผ้าสาวอวบ #ชุดเซตแฟชั่น | #ชุดเซตไหมพรม #ชุดเซטน่ารัก #ชุดเซตราคาถูก
1735232748083578018,#Set2ชิ้น #ชุดเซ็ตแฟชั่น #เซ็ตมิกกี้เมาส์ | #ชุดเซ็ตผู้หญิง #ชุดเซ็ตขายาว #เซ็ตลายมิกกี้ | #ชุดไปเที่ยว #ชุดใส่สบาย #เซ็ตน่ารักๆ
1734850049794999355,#เสื้อผ้าสาวอวบ #เสื้อผ้าพลัสไซส์ #เสื้อผ้าผู้หญิง | #เสื้อยืดสาวอวบ #เสื้อยืดไซส์ใหญ่ #เสื้อยืดoversize | #เดรสสาวอวบ #เดรสไซส์ใหญ่ #เดรสผ้าฝ้าย
1731095804126333724,#GBCเดรสยาว #เดรสพลัสไซส์ #เดรสสาวอวบ | #GBCคอลเลคชั่นใหม่ #เดรสเก็บพุง #เดรสพรางผอม | #GBCแฟชั่น #ชุดเดรสผู้หญิง #เดรสสวยหรู
1731314614146009923,#เดรสไหมพรม #เดรสไหมพรมถ่วง #เดรสคอปกโปโล | #เดรสไหมพรมสั้น #เดรสแฟชั่น #เดรสทำงาน | #เดรสน่ารัก #เดรสเกาหลี #เดรสใส่เที่ยว
1732812606380541763,#เสื้อกล้าม #เสื้อกล้ามคอปก #เสื้อกล้ามไหมพรม | #เสื้อกล้ามแฟชั่น #เสื้อกล้ามผู้หญิง #เสื้อกล้ามมินิมอล | #เสื้อกล้ามออกงาน #เสื้อกล้ามสาวอวบ #เสื้อกล้ามสวยๆ
1730500404514425667,#มินิเดรสรัดรูป #มินิเดรสสาวอวบ #มินิเดรสไหมพรม | #เดรสรัดรูป #เดรสสาวอวบ #เดรสไหมพรม | #ชุดเดรสรัดรูป #ชุดเดรสสาวอวบ #ชุดเดรสไหมพรม
1730843656092093251,#เซต2ชิ้น #เสื้อครอปโปโล #กระโปรงยาว | #เสื้อครอปแขนสั้น #ชุดเซตไหมพรม #กระโปรงไหมพรม | #เสื้อโปโลไหมพรม #ชุดเซotแฟชั่น #ชุดไปคาเฟ่
1730257913101585219,#เดรสสายเดี่ยว #ชุดเซ็ตไหมพรม #เดรสสาวอวบ | #เสื้อคลุมถัก #ชุดเซ็ต2ชิ้น #เดรสไหมพรม | #เดร_สแฟชั่น #ชุดเซ็ตน่ารัก #เดรสมินิมอล
1731858659180579142,#ชุดเซ็ต2ชิ้น #ชุดเซ็ตสาวอวบ #ชุดเซ็ตไหมพรม | #ชุดเซต2ชิ้น #ชุดเซตสาวอวบ #ชุดเซตไหมพรม | #ชุดเซ็ตแฟชั่น #ชุดเซตแฟชั่น #ชุดเซ็ตน่ารัก
1735625617647502420,#เสื้อเกาะอก #เสื้อสาวเวียดนาม #เสื้อแฟชั่น | #เสื้อระบาย #เสื้อจับจีบ #เสื้อโบว์น่ารัก | #เสื้อเกาะอกแฟชั่น #เสื้อสาวเวียด #เสื้อเกาะอกระบาย
1731038133620280208,#ชุดเซตสายเดี่ยวเสื้อคลุม #ชุดเซตไหมพรม #เซตเกาะอกเสื้อคลุม | #ชุดเซตแฟชั่น #ชุดเซตน่ารัก #ชุดเซตเกาหลี | #เสื้อคลุมแขนยาว #เสื้อสายเดี่ยวเกาะอก #ชุดเซตปักโบว์
1732108706119845699,#เสื้อครอปคอปก #เสื้อไหมพรม #เสื้อครอปแฟชั่น | #เสื้อใส่เที่ยวทะเล #เสื้อซัมเมอร์ #เสื้อครอปน่ารัก | #เสื้อแขนสั้น #เสื้อถักฉลุ #เสื้อครอปไหมพรม
1731611039280629486,#ชุดเซ็ต2ชิ้น #ชุดเดรสสายเดี่ยว #ชุดเซ็ตสาวอวบ | #เสื้อคลุมตาข่าย #ชุดไปคาเฟ่ #ชุดเดรสแฟชั่น | #ชุดเซ็ตแฟชั่น #ชุดเรียบหรู #ชุดเซ็ตน่ารัก
1735622451705185630,#เดรสแฟชั่นทรงเอ #เดรสผ้าคาสต์ #เดรสพิมพ์ลาย | #เดรสผู้หญิง #เดรสน่ารัก #ชุดเดรสแฟชั่น | #เดรสทรงเอ #เดรสสวยๆ #ชุดเดรสผู้หญิง
1731582470567790341,#ชุดเดรสถัก #เดรสถักแขนยาว #ชุดเดรสคอวี | #เดรสแต่งลูกไม้ #ชุดเดรสเซ็กซี่ #เดรสหน้าA | #ชุดเดรสสั้น #เดรสพรางหุ่น #ชุดเดรสเข้ารูป
1730452649705900867,#ชุดเซ็ต2ชิ้น #ชุดไหมพรม #ชุดซัมเมอร์ | #ชุดไปทะเล #ชุดเซ็ตน่ารัก #ชุดแฟชั่นผู้หญิง | #ชุดเซ็ตเกาหลี #ชุดเซ็ตราคาถูก #ชุดเซ็ตขาสั้น
1731468940910757861,#ชุดเดรสเอี๊ยม #เดรสเอี๊ยม #ชุดเดรสแฟชั่น | #เดรสเกาหลี #ชุดเดรสสวยๆ #เดรสลายสก็อต | #ชุดเอี๊ยมแฟชั่น #เดรสแขนสั้น #ชุดเดรสผู้หญิง
1730449158708759363,#เซตใส่ไปทะเล #ชุดไปทะเล #แฟชั่นชายหาด | #เซตไหมพรม #ชุดเซต2ชิ้น #ชุดแฟชั่นผู้หญิง | #เสื้อสายเดี่ยวผูกคอ #กระโปรงสั้นแฟชั่น #ชุดไปทะเลน่ารัก
1735944634855031892,#เซ็ทกระโปรงผ้าวูลเวฟ #ชุดเซ็ทกระโปรง #เซ็ทกระโปรงแฟชั่น | #เซ็ทกระโปรงทำงาน #เซ็ทกระโปรงสวยๆ #เซ็ทกระโปรงราคาถูก | #เซ็ทกระโปรงผู้หญิง #ชุดเซ็ทออกงาน #ชุดเซ็ทน่ารัก
1732686661453252581,#ชุดเดรสสีพื้น #ชุดเดรสแฟชั่น #เดรสผู้หญิง | #ชุดเดรสสวยๆ #เดรสทำงาน #เดรสออกงาน | #ชุดเดรสราคาถูก #เดรสน่ารัก #ชุดเดรสสั้น
1731972192545049312,#ชุดเดรสลายจุด #เดรสไซส์ใหญ่ #ชุดเดรสสาวอวบ | #เดรสลายจุดสาวอวบ #ชุดเดรสคนอ้วน #เดรสแฟชั่นไซส์ใหญ่ | #ชุดเดรสไซส์ใหญ่ #เดรสออกงานสาวอวบ #ชุดเดรสทำงานไซส์ใหญ่
1735649102803666050,#ชุดเดรสลายทาง #ชุดเดรสผู้หญิง #เดรสแฟชั่น | #เดรสรัดรูป #เดรสแขนระบาย #เดรสสั้นผู้หญิง | #ชุดเดรสเกาหลี #เดรสลายทางขาวดำ #ชุดเดรสสวยๆ
1731842968914135499,#เซ็ตเสื้อคลุม #ชุดเซ็ตสามชิ้น #ชุดเซ็ตแฟชั่น | #เสื้อคลุมผู้หญิง #เสื้อสายเดี่ยวแฟชั่น #กางเกงเอวสูงผู้หญิง | #ชุดเซ็ตเกาหลี #ชุดไปคาเฟ่สวยๆ #ชุดเซ็ตราคาถูก
1734366521108039083,#ชุดเซ็ต2ชิ้น #เสื้อผ้าสาวอวบ #ชุดทำงานสาวอวบ | #เดรสสาวอวบ #เดรสไซส์ใหญ่ #เสื้อผ้าไซส์ใหญ่ | #ชุดเซ็ตสาวอวบ #ชุดเดรสสาวอวบ #ชุดเซ็ตไซส์ใหญ่
1735849051272610900,#ชุดเซ็ทกางเกงกระโปรง #ชุดเซ็ทวูลเวฟ #ชุดเซ็ทแฟชั่น | #ชุดเซ็ทเสื้อสูท #ชุดเซ็ททำงาน #ชุดเซ็ทน่ารัก | #ชุดเซ็ทออกงาน #ชุดเซ็ทผู้หญิง #ชุดเซ็ทสวยๆ
1735847942981452884,#ชุดเซตผ้าวูลเวฟ #ชุดเซตแฟชั่น #ชุดเซตผู้หญิง | #ชุดเซตน่ารัก #ชุดเซตราคาถูก #ชุดเซตสวยๆ | #ชุดเซตทำงาน #ชุดเซตเที่ยวคาเฟ่ #ชุดเซตเกาหลี
1735852668657173588,#ชุดเซตสั้น #ชุดเซตวูลเวฟ #ชุดเซตแฟชั่น | #ชุดเซตน่ารัก #ชุดเซตผู้หญิง #ชุดเซตขาสั้น | #ชุดเซตสวยๆ #ชุดเซตทำงาน #ชุดเซตเกาหลี
1735933495848371284,#ชุดเซตสั้นผ้าวูลเวฟ #ชุดเซตน่ารักๆ #ชุดเซตแฟชั่น | #ชุดเซตเสื้อกางเกง #ชุดเซตเกาหลี #ชุดเซตผู้หญิง | #ชุดเซตใส่สบาย #ชุดเซตราคาถูก #ชุดเซตสวยๆ
1735947861726364756,#ชุดเซตผ้าวูลเวฟ #ชุดเซตแฟชั่น #ชุดเซตผู้หญิง | #ชุดเซตราคาถูก #ชุดเซตสวยๆ #ชุดเซตน่ารัก | #ชุดเซตทำงาน #ชุดเซตเที่ยว #ชุดเซตเกาหลี
1735848145071604820,#ชุดเซตยาวทรูโทน #ชุดเซตวูลเวฟ #ชุดเซตผู้หญิง | #ชุดเซตทรงสูท #ชุดเซตกระดุมมุก #ชุดเซตทำงาน | #ชุดเซตสวยๆ #ชุดเซตแฟชั่น #ชุดเซตขายาว
1731500053473430053,#เสื้อสาวอวบ #เสื้อผ้าสาวอวบ #เสื้อไซส์ใหญ่ | #เสื้อสาวอวบอ้วน #เสื้อสาวอวบราคาถูก #เสื้อแฟชั่นสาวอวบ | #เสื้อสาวอวบน่ารัก #เสื้อสาวอวบอ้วนราคาถูก #เสื้อสาวอวบแฟชั่น
1736551736441734902,#เซ็ต2ชิ้น #ชุดเซ็ตเสื้อกางเกง #เสื้อกางเกงขาสั้น | #ชุดเซ็ตผู้หญิง #ชุดเซ็ตหรูหรา #ชุดเซ็ตสวยหรู | #แฟชั่นผู้หญิง #เสื้อผ้าผู้หญิง #ชุดไปเที่ยวคาเฟ่
1736639590885590690,#เชต2ชิ้นกางเกงบอนลูน #ชุดเซ็ตผ้าไหมอิตาลี #ชุดเซ็ตลายสก็อต | #เซต2ชิ้นแฟชั่น #ชุดเซ็ตผู้หญิง #เสื้อผ้าลายสก็อต | #ชุดเซ็ตน่ารัก #เซต2ชิ้นสวยๆ #ชุดเซ็ตเกาหลี
1735401810060740340,#ชุดเซ็ทบอลลูน #ชุดเซ็ทแฟชั่น #ชุดเซ็ทน่ารัก | #ชุดเซ็ทผู้หญิง #ชุดเซ็ทไปคาเฟ่ #ชุดเซ็ทเกาหลี | #ชุดเซ็ทลายสก๊อต #ชุดเซ็ทขายดี #ชุดเซ็ทราคาถูก
1736397816263837411,#NewSetผ้าโรซี่ลายพื้น #เซ็ท2ชิ้น #ชุดเซ็ตผู้หญิง | #ชุดเซ็ทแฟชั่น #ชุดเซ็ทน่ารัก #เสื้อผ้าเซ็ท2ชิ้น | #ชุดเซ็ทราคาถูก #ชุดเซ็ทสวยๆ #ชุดเซ็ทเกาหลี
1736440293914281699,#เซ็ตกุหลาบ #เซ็ตกุหลาบแฟชั่น #ชุดเซ็ตกุหลาบ | #เซ็ตกุหลาบ2ชิ้น #เซ็ตกุหลาบสวยๆ #เซ็ตกุหลาบน่ารัก | #เซ็ตกุหลาบราคาถูก #เซ็ตกุหลาบผู้หญิง #เซ็ตกุหลาบมาใหม่
1736618484900464355,#ชุดเซ็ทเสื้อแขนยาว #ชุดเซ็ทแฟชั่น #ชุดเซ็ทน่ารัก | #ชุดเซ็ทผู้หญิง #เสื้อแขนยาวแต่งกุหลาบ #ชุดเซ็ทเกาหลี | #ชุดเซ็ทราคาถูก #ชุดเซ็ทสวยๆ #ชุดเซ็ทร้านดัง
1736283997502801091,#ชุดเซต #ชุดเซ็ต #ชุดแฟชั่น | #ชุดเดรส #ชุดน่ารัก #ชุดสวยๆ | #ชุดออกงาน #ชุดไปคาเฟ่ #ชุดทำงาน
1736275017432270019,#ชุดเซ็ทกางเกงขายาว #ชุดเซ็ทผู้หญิง #ชุดเซ็ทแฟชั่น | #ชุดเซ็ทออกงาน #ชุดเซ็ทหรู #ชุดเซ็ทน่ารัก | #ชุดเซ็ทสวยๆ #ชุดเซ็ทราคาถูก #ชุดเซ็ทขายดี
1735888026853409987,#เสื้อสม๊อกแขนยาว #เสื้อสม๊อกแฟชั่น #เสื้อสม๊อกน่ารัก | #เสื้อแขนยาวสม๊อก #เสื้อสม๊อกลายผีเสื้อ #เสื้อแฟชั่นสม๊อก | #เสื้อแขนยาวผู้หญิง #เสื้อแฟชั่นผู้หญิง #เสื้อผ้าแฟชั่นผู้หญิง
1736520994779465460,#ชุดเซ็ทคอเหลี่ยม #ชุดเซ็ทผ้าร่อง #ชุดเซ็ทแฟชั่น | #ชุดเซ็ทผู้หญิง #ชุดเซ็ทราคาถูก #ชุดเซ็ทสวยๆ | #ชุดเซ็ทลุคคุณหนู #ชุดเซ็ทน่ารัก #ชุดเซ็ทใส่เที่ยว
1736401416717043245,#ชุดเซ็ทคอยูลายจุด #ชุดเซ็ทแฟชั่น #ชุดเซ็ทน่ารัก | #ชุดเซ็ทผู้หญิง #ชุดเซ็ทใส่สบาย #ชุดเซ็ทเกาหลี | #ชุดเซ็ทขายาว #ชุดเซ็ทผ้าร่อง #ชุดเซ็ทราคาถูก
1736484264079099307,#ชุดเซ็ต2ชิ้น #ชุดเซ็ตแฟชั่น #ชุดเซ็ตผู้หญิง | #เสื้อครอปแขนยาว #เสื้อเปิดไหล่ #เสื้อสายเดี่ยว | #กางเกงขากระดิ่ง #กางเกงเอวยางยืด #ชุดไปคาเฟ่
1734216962648409250,#Set2ชิ้น #ชุดเซ็ตเสื้อกางเกง #ชุดเซ็ตแฟชั่น | #เสื้อคอปักม้า #กางเกงลายสก็อต #เสื้อคอปกลายขวาง | #ชุดเซ็ตผู้หญิง #ชุดเซ็ตน่ารัก #ชุดไปคาเฟ่
1735516766217864354,#Setเสื้อปาดไหล่ #เซ็ตเสื้อปาดไหล่ #ชุดเซ็ตปาดไหล่ | #เสื้อปาดไหล่แฟชั่น #เสื้อปาดไหล่สวยๆ #เสื้อปาดไหล่น่ารัก | #กางเกงขาม้าลายขวาง #เซ็ตแฟชั่นผู้หญิง #ชุดเซ็ตน่ารักๆ
1734081621503804578,#ชุดเซ็ทแฟชั่น #ชุดเซ็ทผู้หญิง #ชุดเซ็ทเกาหลี | #ชุดเซ็ทราคาถูก #ชุดเซ็ทสวยๆ #ชุดเซ็ทน่ารัก | #ชุดเซ็ทเสื้อกางเกง #ชุดเซ็ททำงาน #ชุดเซ็ทเที่ยวคาเฟ่
1734242436737369250,#ชุดเซ็ทแฟชั่น #ชุดเซ็ทผู้หญิง #ชุดเซ็ทลายกราฟฟิก | #ชุดเซ็ทตัวอักษร #ชุดเซ็ทเสื้อกางเกง #ชุดเซ็ทน่ารัก | #ชุดเซ็ทใส่เที่ยว #ชุดเซ็ทเกาหลี #ชุดเซ็ทขายดี
1736585347984295074,#ชุดเซ็ทคอวี #ชุดเซ็ทแฟชั่น #ชุดเซ็ทสาวอวบ | #ชุดเซ็ทสวยๆ #ชุดเซ็ทน่ารัก #ชุดเซ็ทราคาถูก | #ชุดเซ็ทผู้หญิง #ชุดเซ็ทใส่สบาย #ชุดเซ็ทคอวีปักอังกฤษ
1731787142255446178,#ชุดเซ็ทแฟชั่น #ชุดเซ็ทผู้หญิง #ชุดเซ็ทน่ารัก | #ชุดเซ็ทลายหัวใจ #ชุดเซ็ทแขนสั้น #ชุดเซ็ทกางเกงยีนส์ | #ชุดเซ็ทราคาถูก #ชุดเซ็ทสวยๆ #ชุดเซ็ทขายดี
1735373067730846882,#Set2ชิ้น #ชุดเซ็ต2ชิ้น #ชุดเซ็ตผู้หญิง | #เสื้อสกรีนลายKT #เสื้อลายการ์ตูน #เสื้อยืดผู้หญิง | #กางเกงขายาว #ชุดนอนผู้หญิง #ชุดเซ็ตน่ารัก
1736072390379340962,#ชุดเซ็ท2ชิ้น #ชุดเซ็ทสาวอวบ #ชุดเซ็ทแฟชั่น | #ชุดมัดย้อม #ชุดเซ็ทมัดย้อม #ชุดลายมัดย้อม | #ชุดเซ็ทฟรีไซส์ #ชุดใส่เที่ยว #ชุดใส่สบาย
1733619921218275300,#ฮู้ดแขนสั้น #ฮู้ดสาวอวบ #ฮู้ดแฟชั่น | #ฮู้ดไซส์ใหญ่ #ฮู้ดคนอ้วน #ฮู้ดน่ารัก | #ฮู้ดเกาหลี #ฮู้ดสตรีท #ฮู้ดราคาถูก
1731955405726583664,#ชุดเซต #ชุดเซ็ทแฟชั่น #ชุดเซ็ตผู้หญิง | #ชุดเซตวุลเวฟ #ชุดเซ็ทวุลเวฟ #ชุดเซ็ตสาวอวบ | #ชุดเซตทำงาน #ชุดเซ็ทเที่ยวคาเฟ่ #ชุดเซ็ตราคาถูก
1733370160890938530,#ชุดเซ็ทปั้มนูน #ชุดเซ็ทแขนยาว #ชุดเซ็ทขายาว | #ชุดเซ็ทผู้หญิง #ชุดเซ็ทแฟชั่น #ชุดเซ็ทสวยๆ | #ชุดเซ็ทร้านดัง #ชุดเซ็ทราคาถูก #ชุดเซ็ทพร้อมส่ง
1735398952083883444,#เซ็ต2ชิ้นไซส์ใหญ่ #เซ็ตเสื้อกางเกง #ชุดเซ็ตผู้หญิง | #เซ็ตแฟชั่นเกาหลี #เซ็ต2ชิ้นสาวอวบ #ชุดเซ็ตฤดูร้อน | #เซ็ตเสื้อผ้าแฟชั่น #เซ็ตใส่สบาย #ชุดเซ็ตน่ารัก
1735553356790007260,#เซตเสื้อยืด #ชุดเซ็ตผู้หญิง #เสื้อผ้าแฟชั่น | #เซตเสื้อกางเกง #ชุดอยู่บ้าน #เสื้อผ้าแฟชั่นผู้หญิง | #ชุดเซ็ตน่ารัก #เสื้อผ้าซัมเมอร์ #ชุดใส่สบาย
1732454493569975571,#ชุดลำลองผู้หญิง #ชุดเซ็ตผู้หญิง #ชุดกีฬาหญิง | #ชุดลำลองแฟชั่น #ชุดแฟชั่นเกาหลี #ชุดไปเที่ยวผู้หญิง | #ชุดเซ็ต2ชิ้น #ชุดใส่หน้าร้อน #ชุดแขนสั้นขาสั้น
1732454853607589139,#เสื้อผ้าผู้หญิง #ชุดเซ็ตสาวอ้วน #สไตล์อเมริกัน | #เสื้อผ้าไซส์ใหญ่ #ชุดเซ็ตแฟชั่น #ชุดเซ็ตผู้หญิง | #เสื้อผ้าสาวอวบ #เสื้อผ้าคนอ้วน #ชุดเซ็ตไซส์ใหญ่
1733483392581535028,#ชุดเซ็ตเสื้อแขนสั้น #ชุดเซ็ตขาสั้น #ชุดเซ็ตผู้หญิง | #ชุดเซ็ตเกรดห้าง #ชุดเซ็ตคอตตอน #ชุดเซ็ตเพชร | #ชุดเซ็ตไซส์ใหญ่ #ชุดเซ็ตแฟชั่น #ชุดเซ็ตสวยๆ
1733800281426790139,#เสื้อน่ารัก #เสื้อเกาหลี #เสื้อยืดคอกลม | #เสื้อผ้าฝ้าย #เสื้อโอเวอร์ไซส์ #เสื้อUnisex | #เสื้อยืดน่ารัก #เสื้อคอกลมเกาหลี #เสื้อผ้าคอตตอน
1733626620949202449,#ชุดสูทกางเกงขาสั้น #ชุดสูทผู้หญิง #ชุดสูทแฟชั่น | #ชุดสูททำงาน #ชุดสูทน่ารัก #ชุดสูทเกาหลี | #ชุดสูทแขนสั้น #ชุดสูทขาสั้น #ชุดเซ็ตสูท
1736560073679537386,#กระโปรงครึ่งตัว #กระโปรงแฟชั่น #กระโปรงเกาหลี | #กระโปรงลายการ์ตูน #กระโปรงสั้น #กระโปรงรัดรูป | #กระโปรงสาวตัวเล็ก #กระโปรงน่ารัก #กระโปรงสวยๆ
1735410940023571729,#กางเกงผู้หญิง #กางเกงขากว้าง #กางเกงเอวสูง | #กางเกงแฟชั่น #กางเกงลูกไม้ #กางเกงทรงกระบอก | #กางเกงใส่เที่ยว #กางเกงน่ารัก #กางเกงเกาหลี
1736386813998499663,#กางเกงขายาวผู้หญิง #กางเกงทรงหลวม #กางเกงลำลอง | #กางเกงบอลลูน #กางเกงเอวสูง #กางเกงขาเรียว | #กางเกงแฟชั่น2026 #กางเกงทรงเพรียว #กางเกงฤดูร้อน
1736657104658269831,#ชุดเซตวูลเวฟ #ชุดเซตผ้าวูลเวฟ #ชุดเซตผู้หญิง | #ชุดเซ็ตวูลเวฟ #ชุดเซ็ตผ้าวูลเวฟ #ชุดเซ็ตผู้หญิง | #ชุดเซตน่ารัก #ชุดเซตแฟชั่น #ชุดเซตเกาหลี
1736665241672320997,#เสื้อลายจุด #เสื้อทูโทน #เสื้อคอบัว | #เสื้อแขนตุ๊กตา #เสื้อผ้าครัช #เสื้อแฟชั่นผู้หญิง | #เสื้อแฟชั่นเกาหลี #เสื้อสวยๆ #เสื้อน่ารักๆ
1736505021012739787,#เสื้อสายเดี่ยว #เสื้อสายเดี่ยวเกาหลี #เสื้อสายเดี่ยวแฟชั่น | #เสื้อสายเดี่ยวเสริมฟองน้ำ #เสื้อสายเดี่ยวมีฟองน้ำ #เสื้อสายเดี่ยวสั้น | #เสื้อสายเดี่ยวเปิดหลัง #เสื้อสายเดี่ยวครอป #เสื้อสายเดี่ยวสวยๆ
1736601384686814327,#เสื้อยืดจับจีบข้าง #เสื้อยืดสาวอวบ #เสื้อยืดโอเวอร์ไซซ์ | #เสื้อยืดทรงหลวม #เสื้อยืดเก็บพุง #เสื้อยืดใส่สบาย | #เสื้อยืดแฟชั่นเกาหลี #เสื้อยืดแขนสั้น #เสื้อยืดผู้หญิง
1732109719544105631,#เสื้อโปโล #เสื้อโปโลชาย #เสื้อโปโลหญิง | #เสื้อโปโลแฟชั่น #เสื้อโปโลโอเวอร์ไซส์ #เสื้อโปโลแขนสั้น | #เสื้อโปโลสไตล์เกาหลี #เสื้อโปโลคู่รัก #เสื้อโปโลวินเทจ
1736644901366433279,#เสื้อยืดผ้าเย็น #เสื้อยืดผู้ชาย #เสื้อยืดสีเทา | #เสื้อยืดคอกลม #เสื้อยืดแขนสั้น #เสื้อยืดใส่สบาย | #เสื้อยืดระบายอากาศ #เสื้อยืดซ่อนเหงื่อ #เสื้อยืดแฟชั่น
1736645764990142178,#เสื้อเชิ้ตผู้หญิง #เสื้อลายสก๊อต #เสื้อโอเวอร์ไซส์ | #เสื้อเชิ้ตแฟชั่น #เสื้อแขนสั้น #เสื้อสไตล์เกาหลี | #เสื้อผ้าราชถูก #เสื้อใส่เที่ยว #เสื้อผู้หญิงเท่ๆ
1735376639423252183,#เสื้อยืดลายการ์ตูน #เสื้อยืดแฟชั่น #เสื้อยืดคอกลม | #เสื้อลายการ์ตูน #เสื้อแฟชั่น #เสื้อผ้าแฟชั่น | #เสื้อยืดผู้ชาย #เสื้อยืดผู้หญิง #เสื้อยืดฮิต
1736638186223469821,#เสื้อเชิ้ตผู้หญิง #เสื้อเชิ้ตลายสก๊อต #เสื้อเชิ้ตแขนสั้น | #เสื้อเชิ้ตแฟชั่น #เสื้อเชิ้ตมินิมอล #เสื้อเชิ้ตแคชชวล | #เสื้อเชิ้ตผ้านุ่ม #เสื้อเชิ้ตใส่สบาย #เสื้อเชิ้ตไซส์ใหญ่
1733720581707826306,#ฮู้ดผู้ชาย #ฮู้ดวันพีช #เสื้อฮู้ดผู้ชาย | #เสื้อสเวตเตอร์ #สเวตเตอร์แขนยาว #เสื้อกันหนาวฮู้ด | #ฮู้ดแฟชั่น #เสื้อผ้าผู้ชาย #ฮู้ดแนวสตรีท
1736017828324672738,#กระโปรงลูกไม้ #กระโปรงสาวอวบ #กระโปรงไซส์ใหญ่ | #กระโปรงเอวสูง #กระโปรงพลีท #กระโปรงสไตล์A | #กระโปรงแฟชั่น #กระโปรงน่ารัก #กระโปรงเกาหลี
1734763418284688607,#กางเกงลายทาง #กางเกงผู้หญิง #กางเกงแฟชั่น | #กางเกงฤดูร้อน #กางเกงขายาว #กางเกงใส่สบาย | #กางเกงสวยๆ #กางเกงยอดฮิต #กางเกงมาใหม่
1730594791439960390,#ชุดเซต #ชุดเซ็ท #ชุดเซต2ชิ้น | #ชุดเซตไหมพรม #ชุดเซตสาวอวบ #ชุดเซตแฟชั่น | #เสื้อครอป #กระโปรงยาว #ชุดเซטเกาหลี
1731190912314804035,#ชุดเซ็ต2ชิ้น #ชุดเซ็ตสาวอวบ #ชุดเซ็ตไหมพรม | #ชุดเซ็ตแฟชั่น #ชุดเซ็ตราคาถูก #ชุดเซ็ตน่ารัก | #ชุดเซ็ตผู้หญิง #ชุดเซ็ตสวยๆ #ชุดเซ็ตทำงาน
1733765681905305411,#เสื้อยืดคอกลม #เสื้อยืดผู้หญิง #เสื้อยืดแฟชั่น | #เสื้อไหมพรม #เสื้อไหมพรมคอกลม #เสื้อไหมพรมยืด | #เสื้อสาวอวบ #เสื้อผ้านิ่ม #เสื้อพร้อมส่ง
1730414475944758083,#เสื้อยืดไหมพรม #เสื้อไหมพรม #เสื้อร่องเรือ | #เสื้อแขนสั้น #เสื้อแฟชั่น #เสื้อเกาหลี | #เสื้อสาวอวบ #เสื้อคอกลม #เสื้อแต่งกระดุม
1731339109427021986,#ชุดเซ็ทแฟชั่น #ชุดเซ็ทผู้หญิง #ชุดเซ็ทน่ารัก | #ชุดเซ็ทขาม้า #ชุดเซ็ทแมวมาลี #ชุดเซ็ทแต่งโบว์ | #ชุดเซ็ทราคาถูก #ชุดเซ็ทขายดี #ชุดเซ็ทพร้อมส่ง
1730279175203556163,#ชุดเซ็ตเสื้อกระโปรง #ชุดเซ็ต2ชิ้น #ชุดเซ็ตแฟชั่น | #ชุดเซ็ตน่ารัก #ชุดเซ็ตทำงาน #ชุดเซ็ตเกาหลี | #ชุดเซ็ตผู้หญิง #ชุดเซ็ตสวยๆ #ชุดเซ็ตราคาถูก
1732277613785876642,#set2ชิ้นผู้หญิง #ชุดเซ็ตผู้หญิง #ชุดเซ็ต2ชิ้น | #เสื้อผ้าแฟชั่นผู้หญิง #ชุดเซ็ตแฟชั่น #ชุดเซ็ตน่ารัก | #ชุดเซ็ตลายโบว์ #ชุดเซ็ตกางเกงขาม้า #ชุดไปเที่ยวผู้หญิง
1733315767360849714,#เซตเสื้อกระโปรง #ชุดเซตไหมพรม #เซตเสื้อครอป | #เซตกระโปรงยาว #ชุดเซตแฟชั่น #เซตเสื้อผ้าแฟชั่น | #ชุดออกงาน #ชุดเซตเกาหลี #เซตเสื้อโปโล
1736101610435217219,#ครอปไหมพรม #เสื้อครอปไหมพรม #เสื้อครอปแฟชั่น | #เสื้อไหมพรม #เสื้อไหมพรมแขนสั้น #เสื้อไหมพรมร่อง | #เสื้อแฟชั่นผู้หญิง #เสื้อสาวอวบ #เสื้อไหมพรมเกาหลี
1731809739989813998,#MesubShopชุดเซ็ต2ชิ้น #ชุดเซ็ตไหมพรม #ชุดเซ็ตแฟชั่น | #ชุดเซ็ตออกงาน #ชุดเซ็ตกระโปรง #ชุดเซ็ตน่ารัก | #ชุดเซ็ตผู้หญิง #ชุดเซ็ตสวยๆ #ชุดเซ็ตเกาหลี
1732921011226838851,#มินิเดรสสีพาสเทล #เดรสพาสเทล #มินิเดรสเกาหลี | #เดรสไหมพรม #เดรสสั้นแฟชั่น #ชุดเดรสผู้หญิง | #มินิเดรสน่ารัก #ชุดเดรสราคาถูก #เดรสแฟชั่นน่ารัก
1731611039425267523,#ชุดเซ็ต2ชิ้น #ชุดเดรสสายเดี่ยว #ชุดเซ็ตสาวอวบ | #เดรสผูกเชือก #เสื้อคลุมตาข่าย #ชุดเดรสออกงาน | #ชุดเรียบหรู #ชุดไปคาเฟ่ #ชุดแฟชั่นผู้หญิง
1730594808459528942,#ชุดเซต #ชุดเซต2ชิ้น #ชุดเซตหน้ายิ้ม | #ชุดเซตไหมพรม #ชุดเซตสาวอวบ #ชุดเซטแฟชั่น | #ชุดเซטเกาหลี #ชุดเซ็ท #ชุดเซตน่ารัก
1732219824356887363,#ชุดเซ็ต2ชิ้น #ชุดเซ็ตสาวอวบ #เดรสสายเดี่ยว | #ชุดเซ็ตแฟชั่น #ชุดเซ็ตไหมพรม #เดรสไหมพรม | #เสื้อคลุมตาข่าย #ชุดเซ็ตราคาถูก #เดรสยาว
1731797036774886211,#ชุดเซ็ต2ชิ้น #ชุดเซ็ตสาวอวบ #ชุดเซ็ตแฟชั่น | #ชุดเซ็ตผ้าไหมพรม #ชุดเซ็ตทูโทน #ชุดเซ็ตน่ารัก | #ชุดเซ็ตพร้อมส่ง #ชุดเซ็ตราคาถูก #ชุดเซ็ตขายดี
1730226788434545475,#แม๊กซี่เดรส #เดรสสายเดี่ยว #ชุดเดรสแฟชั่น | #เดรสสาวอวบ #แม๊กซี่เดรสสาวอวบ #เดรสไหมพรม | #ชุดเซ็ตเดรส #เดรสยาว #เดรสสวยๆ
1730934013744483139,#มินิเดรส #เดรสไหมพรม #ชุดเดรสผู้หญิง | #เดรสแขนกุด #เดรสคอกลม #มินิเดรสไหมพรม | #ชุดเที่ยวคาเฟ่ #เดรûรeรน่ารัก #เดรสสไตล์เกาหลี
1732220323288811739,#ชุดเซ็ตเดรส #เดรสสายเดี่ยว #เซ็ตเดรสสายเดี่ยว | #ชุดเซ็ตสาวอวบ #เดรสไหมพรม #ชุดเซ็ต2ชิ้น | #เดรสยาวไหมพรม #ชุดเซ็ตแฟชั่น #ชุดเซ็ตราคาถูก
1733315870458742578,#ชุดเซ็ต2ชิ้น #ชุดเดรสสายเดี่ยว #ชุดเซ็ตสาวอวบ | #เสื้อคลุมตาข่าย #เดรสไหมพรม #ชุดออกงาน | #ชุดเซ็ตแฟชั่น #เดรสยาว #ชุดไปคาเฟ่
1732895788771542970,#กระโปรงแขวน #กระโปรงแฟชั่น #กระโปรงผู้หญิง | #กระโปรงสวยๆ #กระโปรงเกาหลี #กระโปรงสั้น | #กระโปรงราคาถูก #กระโปรงยอดฮิต #กระโปรงน่ารัก
1734237866161308866,#ชุดเซต2ชิ้น #ชุดเซตแฟชั่น #ชุดเซตผู้หญิง | #ชุดเซตน่ารัก #ชุดเซตราคาถูก #ชุดเซตสวยๆ | #ชุดเซตขายาว #ชุดเซตเกาหลี #ชุดเซตสุดคุ้ม
1736637006901774007,#ชุดเซ็ตแฟชั่น #ชุด3ชิ้นผู้หญิง #ชุดเซ็ตเกาหลี | #เสื้อคลุมแฟชั่น #ชุดเซ็ตน่ารัก #ชุดไปคาเฟ่ | #ชุดเซ็ตลายเชอร์รี่ #เสื้อผ้าแฟชั่นผู้หญิง #เซ็ตเสื้อกางเกง
1736570730549380791,#ชุด2ชิ้น #ชุดเซ็ตเสื้อกระโปรง #ชุดเซ็ตแฟชั่น | #เสื้อแมวลายจุด #ชุดกระโปรงลายจุด #ชุดเซ็ตน่ารัก | #เสื้อผ้าแฟชั่นผู้หญิง #ชุดเซ็ตผู้หญิง #ชุดแมวแฟชั่น
1733315863366305586,#เดรสยาวเข้ารูป #เดรสไหมพรม #ชุดเดรสยาว | #เดรสคอปกโปโล #เดรสเซ็กซี่ #ชุดเดรสแฟชั่น | #เดรสรัดรูป #เดรสผู้หญิง #ชุดเดรสสวยๆ
1730395718466440003,#ชุดเซ็ตเสื้อกระโปรง #ชุดเซ็ตไหมพรม #ชุดเซ็ตแฟชั่น | #ชุดเซ็ตไปคาเฟ่ #ชุดเซ็ตเที่ยวทะเล #ชุดเซ็ตน่ารัก | #ชุดเซ็ตราคาถูก #ชุดเซ็ตผู้หญิง #ชุดเซ็ตเกาหลี
1734427066213827908,#แม็กซี่เดรส #เดรสลูกไม้ #ชุดออกงาน | #เดรสหางปลา #ชุดเดรสยาว #เดรสลูกไม้สวยๆ | #ชุดไปงานแต่ง #เดรสออกงาน #แม็กซี่เดรสยาว
1735750673925638043,#เซ็ต2ชิ้น #ชุดเซ็ตผู้หญิง #ชุดเซ็ตแขนสั้น | #ชุดเซ็ตขาสั้น #ชุดเซ็ตแฟชั่น #ชุดเซ็ตน่ารัก | #ชุดเซ็ตเกาหลี #ชุดเซ็ตใส่สบาย #ชุดเซ็ตราคาถูก
1735848080250471508,#ชุดเซตผ้าเปลือกไม้ #ชุดเซตแฟชั่น #ชุดเซตผู้หญิง | #ชุดเซตน่ารัก #ชุดเซตเกาหลี #ชุดเซตทำงาน | #ชุดเซตราคาถูก #ชุดเซตสวยๆ #ชุดเซตคุณหนู
1735837922379727956,#ชุดเซตยาวผ้าวูลเวฟ #ชุดเซตขายาวแฟชั่น #ชุดเซตผู้หญิง | #ชุดเซตออกงาน #ชุดเซตทำงาน #ชุดเซตสวยๆ | #ชุดเซตน่ารัก #ชุดเซตเกาหลี #ชุดเซตพรีเมียม
1736547936458344180,#NCผีเสื้อ #ชุดผีเสื้อ #ชุดลายผีเสื้อ | #ชุดเรียบหรู #ชุดไฮโซ #ชุดออกงาน | #ชุดแฟชั่น #ชุดน่ารัก #ชุดเกาหลี
1735625474474411484,#เซตเสื้อยืดกางเกงขาสั้น #ชุดเซตผู้หญิง #เสื้อยืดผู้หญิง | #ชุดอยู่บ้านผู้หญิง #ชุดเซตลายแมว #ชุดออกกำลังกายหญิง | #แฟชั่นเกาหลีผู้หญิง #ชุดใส่ ฤดูร้อน #เสื้อผ้าผู้หญิงน่ารัก
1736639752650262151,#ชุดเซตออกงาน #ชุดออกงานผู้หญิง #ชุดเซ็ตราคาถูก | #ชุดไปงานแต่ง #ชุดเดรสออกงาน #ชุดเซ็ตกางเกงขาสั้น | #ชุดทำงานสวยๆ #ชุดเซ็ตแฟชั่น #ชุดออกงานสวยๆ
1736191371123394187,#ชุดนอนผู้หญิง #ชุดนอนแฟชั่น #ชุดนอนใส่สบาย | #ชุดนอนซัมเมอร์ #ชุดนอนไซส์ใหญ่ #ชุดนอนลายพิมพ์ | #ชุดนอนน่ารัก #ชุดนอนฤดูร้อน #ชุดนอนยืดหยุ่น
1730306359887563587,#เซ็ตเสื้อสายเดี่ยว #เซ็ตเสื้อผ้าแฟชั่น #เซ็ตเสื้อคู่เสื้อคลุม | #เสื้อสายเดี่ยวแต่งดอกไม้ #เสื้อคลุมไหมพรมบาง #เสื้อผ้าใส่สบาย2ชิ้น | #เสื้อใส่ออกงาน #เซ็ตเสื้อรุ่นน้ำเต้าหู้ #ชุดเซ็ตน่ารักๆ
1736655863804495463,#ชุดเซตลายจุด #ชุดเซตคล้องคอ #ชุดเซตหางปลา | #ชุดเซตโพกาดอท #ชุดเซตแฟชั่น #ชุดเซตผู้หญิง | #ชุดเซตน่ารัก #ชุดเซตสวยๆ #ชุดเซตราคาถูก
1735321767421183403,#แม็กซี่เดรสลายจุด #แม็กซี่เดรสสีครีม #แม็กซี่เดรสลูกไม้ | #แม็กซี่เดรสเว้าหลัง #แม็กซี่เดรสไปทะเล #แม็กซี่เดรสแฟชั่น | #แม็กซี่เดรสสวยๆ #แม็กซี่เดรสเกาหลี #แม็กซี่เดรสออกงาน
1730581407742265422,#ชุดฤดูร้อนแฟชั่น #ชุดฤดูร้อนเกาหลี #ชุดฤดูร้อนน่ารัก | #ชุดฤดูร้อนผู้หญิง #ชุดฤดูร้อนสวยๆ #ชุดฤดูร้อนสไตล์เกาหลี | #ชุดฤดูร้อนเซตคู่ #ชุดฤดูร้อนลายจุด #ชุดฤดูร้อนสุดฮิต
1731626115855058755,#ชุดเซ็ตเสื้อผ้า #ชุดเซ็ตผู้หญิง #ชุดเซ็ตแฟชั่น | #ชุดเซ็ตทำงาน #ชุดเซ็ตน่ารัก #ชุดเซ็ตเกาหลี | #ชุดเซ็ตสวยๆ #ชุดเซ็ตราคาถูก #ชุดเซ็ตสุดคุ้ม
1735530878976099394,#เดรสสไตล์วินเทจ #เดรสวินเทจ #ชุดวินเทจ | #เดรสผู้หญิง #ชุดเดรสผู้หญิง #แฟชั่นผู้หญิง | #เดร_สแฟชั่น #ชุดเดรสแฟชั่น #เดรสสวยๆ
1731195544373528902,#ชุดเซ็ต2ชิ้น #ชุดเซ็ตผ้าไหมพรม #ชุดเซ็ตสาวอวบ | #เสื้อไหมพรมแขนสั้น #กระโปรงไหมพรมยาว #ชุดเซ็ตลายโบว์ | #ชุดออกงานสาวอวบ #ชุดเซ็ตเรียบหรู #ชุดไปคาเฟ่สวยๆ
1731540029827418852,#เดรสแฟชั่น #เดรสสวยๆ #เดรสผู้หญิง | #เดรuteสไตล์ฝรั่งเศส #เดรสเรียบหรู #เดรสซัมเมอร์ | #เดรสลายจุด #เดรutส림 #เดรสยาว
1732009364054443502,#ชุดเสื้อกั๊กผู้หญิง #ชุดทูพีซแฟชั่น #ชุดเซ็ตไฮเอนด์ | #ชุดเสื้อกั๊กฤดูร้อน #ชุดเซ็ตชาแนล #ชุดออกงานหรู | #ชุดเซ็ตผู้หญิง #ชุดสูทและกางเกง #ชุดไปเที่ยวหรูๆ
1731783140515023683,#ชุดเซ็ต2ชิ้น #ชุดเซ็ตสาวอวบ #ชุดเซ็ตแฟชั่น | #เสื้อคอปกแขนสั้น #เสื้อไหมพรม #เสื้อแฟชั่นเกาหลี | #กระโปรงยาว #กระโปรงไหมพรม #กระโปรงลายดอกไม้
1731827170612972355,#ชุดเซ็ต2ชิ้น #ชุดเซ็ตไหมพรม #ชุดเซ็ตแฟชั่น | #ชุดเซ็ตออกงาน #ชุดเซ็ตทำงาน #ชุดเซ็ตน่ารัก | #ชุดเซ็ตผู้หญิง #ชุดเซ็ตเกาหลี #ชุดเซ็ตสวยๆ
1731966939402176417,#ชุดจั้มสูทขายาวลายเสือ #จั้มสูทลายเสือ #ชุดจั้มสูทแฟชั่น | #จั้มสูทขายาว #ชุดลายเสือ #จั้มสูทผู้หญิง | #ชุดเซ็ตลายเสือ #จั้มสูทสวยๆ #เสื้อผ้าลายเสือ
1730587630969981910,#ชุดเดรสไซส์ใหญ่ #เดรสคนอ้วน #ชุดเดรสสาวอวบ | #เดรสไซส์ใหญ่ #ชุดเดรสคนอ้วน #เดรสสาวอวบ | #ชุดเดรสแฟชั่น #เดรสยาวไซส์ใหญ่ #ชุดเดรสราคาถูก
1732077570293991051,#เดรสประกบ #เดรสแฟชั่น #เดรสสวยๆ | #เดรสฤดูร้อน #เดรสสไตล์เกาหลี #เดรสน่ารัก | #เดรสอเนกประสงค์ #เดรสมาใหม่ #เดรส2025
1735434515592283370,#ชุดเซทเสื้อแขนตุ๊กตากางเกงขายาว #ชุดเซทแฟชั่นผู้หญิง #ชุดเซทผ้าไหมอิตาลี่ | #ชุดเซทลายไทย #ชุดเซทสวยๆ #ชุดเซทราคาถูก | #ชุดเซทผู้หญิง #ชุดเซทน่ารัก #ชุดเซทขายาว
1731767348404063026,#Keaii #เซ็ต2ชิ้น #เสื้อเซ็ต | #กระโปรงลายจุด #ชุดเซ็ตสาวอวบ #ชุดเซ็ตมินิมอล | #ชุดเซ็ตแฟชั่น #เสื้อผ้าสาวอวบ #เซ็ตเสื้อกระโปรง
1732206572556094275,#ชุดเซ็ตไหมพรม #ชุดเซ็ต2ชิ้น #ชุดเซ็ตแฟชั่น | #ชุดเซ็ตเกาหลี #ชุดเซ็ตน่ารัก #ชุดเซ็ตผู้หญิง | #ชุดเซ็ตราคาถูก #ชุดเซ็ตสวยๆ #ชุดเซ็ตสุดคุ้ม
1731195750752357187,#เซ็ต2ชิ้น #เสื้อคอกลมแขนยาว #กระโปรงสั้น | #เซ็ตเสื้อกระโปรง #ชุดเซ็ตไหมพรม #ชุดเซ็ตสาวอวบ | #เสื้อไหมพรม #กระโปรงไหมพรม #ชุดเซ็ตแฟชั่น
1735357450292463427,#ชุดเซ็ต2ชิ้น #เดรสไหมพรม #เสื้อคลุมตาข่าย | #ชุดเซ็ตสาวอวบ #เดรสทำงานผู้หญิง #ชุดไปวัดสวยๆ | #ชุดเซ็ตแฟชั่น #เดรสไหมพรมแฟชั่น #ชุดเซ็ตน่ารัก
1731536558552483568,#เดรสฝรั่งเศส #เดรสชีฟองยาว #เดรสสีพื้น | #เดรสสไตล์โรแมนติก #เดรสหรูหรา #ชุดเดรสสวยๆ | #เดรสแฟชั่น #เดรสออกงาน #เดรสผู้หญิง
1735082974069949901,#ชุดเดรสแม่ท้อง #ชุดคนท้องแฟชั่น #ชุดคลุมท้องแฟชั่น | #เดรสคนท้องสวยๆ #ชุดคนท้องใส่ทำงาน #ชุดคลุมท้องเกาหลี | #ชุดเดรสคนท้อง #ชุดคนท้องราคาถูก #ชุดคลุมท้องแฟชั่นเกาหลี
1733315956910753586,#เซ็ต2ชิ้น #เสื้อยืดผู้หญิง #ชุดเซ็ตสาวอวบ | #กระโปรงไหมพรม #ชุดไปคาเฟ่ #เซ็ตเสื้อกระโปรง | #เสื้อยืดแขนสั้น #กระโปรงสั้น #ชุดเซ็ตแฟชั่น
1731839182534642499,#ชุดเซ็ต2ชิ้น #ชุดเซ็ตผู้หญิง #ชุดเซ็ตไหมพรม | #ชุดเซ็ตแฟชั่น #ชุดเซ็ตเกาหลี #ชุดเซ็ตน่ารัก | #ชุดเซ็ตออกงาน #ชุดเซ็ตทำงาน #ชุดเซ็ตสวยๆ
1735849209555289923,#ชุดเซ็ต2ชิ้น #ชุดเซ็ตไหมพรม #ชุดเซ็ตผู้หญิง | #ชุดเซ็ตทำงาน #ชุดเซ็ตเกาหลี #ชุดเซ็ตแฟชั่น | #ชุดเซ็ตขายาว #ชุดเซ็ตสวยๆ #ชุดเซ็ตน่ารัก
1733386798966212195,#ชุดคลุมท้อง #เดรสคนท้อง #ชุดคนท้องแฟชั่น | #ชุดคลุมท้องแฟชั่น #เดรสไซส์ใหญ่ #ชุดคนท้องน่ารัก | #ชุดคลุมท้องไซส์ใหญ่ #เดรสคนท้องอ้วน #ชุดคนท้องเกาหลี
1733785992642594730,#ชุดเซทมากาเรทเนื้อผ้าฝ้าย #ชุดเซตผ้าฝ้าย #ชุดเซ็ตแฟชั่น | #ชุดเซทน่ารักๆ #ชุดเซตผู้หญิง #ชุดเซ็ตทำงาน | #ชุดเซทราคาถูก #ชุดเซตสวยๆ #ชุดเซ็ตเกาหลี
1730853954363558706,#ชุดเซ็ต2ชิ้น #ชุดเซ็ตเสื้อกระโปรง #ชุดเซ็ตแฟชั่น | #ชุดเซ็ตลายชิโนริ #ชุดไปคาเฟ่ #ชุดออกงานสวยๆ | #ชุดเซ็ตราคาถูก #ชุดเซ็ตผู้หญิง #เสื้อกระโปรงยาว
1731000626452859630,#ชุดเซ็ตสาวอวบ #ชุดเซ็ตไหมพรม #ชุดเซ็ตแฟชั่น | #ชุดเซ็ตออกงาน #ชุดเซ็ตไปทะเล #ชุดเซ็ตน่ารัก | #ชุดเซ็ตเกาหลี #ชุดเซ็ตสวยๆ #ชุดเซ็ตราคาถูก
1733385486872118896,#เซ็ตเสื้อกางเกง #ชุดเซ็ตผู้หญิง #ชุดเซ็ตแฟชั่น | #เซ็ตเสื้อผ้าแฟชั่น #ชุดเซ็ตน่ารัก #ชุดไปคาเฟ่ | #ชุดเซ็ตเกาหลี #ชุดเซ็ตราคาถูก #ชุดเซ็ตสวยๆ
1736510419066062605,#ชุดเซ็ท2ชิ้น #ชุดเซ็ทแฟชั่น #ชุดเซ็ทผู้หญิง | #เสื้อผ้าแฟชั่น #เสื้อแฟชั่นผู้หญิง #กางเกงแฟชั่น | #ชุดลายแมว #ชุดเซ็ทน่ารัก #เสื้อผ้าผู้หญิง
1732333379847949123,#ชุดเซ็ต2ชิ้น #ชุดเซ็ตสาวอวบ #ชุดเซ็ตผู้หญิง | #ชุดเซ็ตไหมพรม #ชุดเซ็ตแฟชั่น #ชุดเซ็ตน่ารัก | #ชุดเซ็ตทำงาน #ชุดเซ็ตเกาหลี #ชุดเซ็ตขายาว
1736410636511643149,#ชุดเอี๊ยมคนท้อง #เอี๊ยมคนท้องแฟชั่น #ชุดคลุมท้องแฟชั่น | #เอี๊ยมคุณแม่ตั้งครรภ์ #ชุดคนท้องแฟชั่นเกาหลี #เอี๊ยมแฟชั่นคนท้อง | #ชุดจั๊มสูทคนท้อง #เอี๊ยมขากว้างคนท้อง #เสื้อผ้าคนท้องแฟชั่น
1736410133192869389,#กางเกงเอี๊ยมขากว้าง #เอี๊ยมคนท้อง #กางเกงคนท้อง | #เอี๊ยมขากว้าง #ชุดคนท้องแฟชั่น #กางเกงเอี๊ยมแฟชั่น | #เอี๊ยมคนท้องแฟชั่น #กางเกงเอี๊ยมคนท้อง #ชุดคลุมท้องแฟชั่น
1736410499435496973,#ชุดคลุมท้องแฟชั่น #ชุดคลุมท้องหน้าร้อน #ชุดคลุมท้องสวยๆ | #ชุดคลุมท้องสไตล์เกาหลี #ชุดคลุมท้องใส่ทำงาน #ชุดคลุมท้องแฟชั่นเกาหลี | #ชุดคลุมท้องราคาถูก #ชุดคลุมท้องใส่สบาย #ชุดคลุมท้องแฟชั่นราคาถูก
1736410614159934989,#ชุดคลุมท้องแฟชั่น #ชุดคลุมท้องฤดูร้อน #ชุดคลุมท้องสวยๆ | #ชุดคลุมท้องลายทาง #ชุดคลุมท้องคนท้อง #ชุดคลุมท้องเกาหลี | #ชุดคลุมท้องน่ารัก #ชุดคลุมท้องใส่ทำงาน #ชุดคลุมท้องแฟชั่นเกาหลี
1736004796456273108,#ชุดจั๊มสูททำงาน #ชุดจั๊มสูทผู้หญิง #จั๊มสูทแฟชั่น | #ชุดจั๊มสูทขาสั้น #ชุดจั๊มสูทสีดำ #จั๊มสูทสลิม | #จั๊มสูทสวยๆ #จั๊มสูทน่ารัก #จั๊มสูทเกาหลี
1731623950604601249,#ชุดเซ็ทเสื้อเชิ้ตลายเสือ #ชุดเซ็ทลายเสือ #ชุดเซ็ตลายเสือ | #ชุดเซ็ทแฟชั่น #ชุดเซ็ตแฟชั่น #ชุดเซทแฟชั่น | #เสื้อผ้าแฟชั่นผู้หญิง #ชุดเซ็ตผู้หญิง #ชุดเซทผู้หญิง
1730217778699471251,#ชุดเซท #ชุดเซทลายใหม่ #ชุดเซทผ้าวมนิ่ม | #ชุดเซทเสื้อแขนสั้น #ชุดเซทกางเกงขาสั้น #ชุดเซทแฟชั่น | #ชุดเซทน่ารัก #ชุดเซทผู้หญิง #ชุดเซทพร้อมส่ง
1732027142322554929,#เดรสสเวตเตอร์ #เดรสสเวตเตอร์ผู้หญิง #เดรสสเวตเตอร์แฟชั่น | #เดรสกันหนาว #เดรสผ้าฟลีซ #เดรสบุขน | #เดรสลูกไม้ #เดรสไซส์ใหญ่ #เดรสยาวเกาหลี
1732975741180216602,#ชุดสูทแฟชั่น #ชุดสูทผู้หญิง #ชุดสูทซัมเมอร์ | #ชุดสูทสตรีท #ชุดสูทลำลอง #ชุดสูทแฟชั่นเกาหลี | #ชุดสูทสวยๆ #ชุดสูทน่ารัก #ชุดสูททำงานแฟชั่น
1734748690416371679,#เซท2ชิ้น #เสื้อเบเซอร์ #ชุดเซทผู้หญิง | #ชุดลายม้าลาย #ชุดทำงานแฟชั่น #ชุดเซทสวยๆ | #ชุดออกงาน #ชุดเที่ยวคาเฟ่ #ชุดเซทแฟชั่น
1733786132376356630,#ชุดนอนผู้หญิง #ชุดนอนเซต #ชุดนอนแฟชั่น | #ชุดนอนสาวอวบ #ชุดนอนไซส์ใหญ่ #ชุดนอนคนอ้วน | #ชุดนอนใส่สบาย #ชุดนอนลายสก๊อต #ชุดนอนแขนกุด
1732077251947366027,#ชุดคลุมท้องแฟชั่น #ชุดคลุมท้องเกาหลี #ชุดคนท้องสวยๆ | #เดรสคนท้อง #ชุดคลุมท้องไซส์ใหญ่ #ชุดคลุมท้องใส่ทำงาน | #ชุดคลุมท้องแฟชั่นเกาหลี #ชุดคนท้องแฟชั่น #ชุดคลุมท้องน่ารัก
1730238167944235675,#ชุดรอมเปอร์ผู้หญิง #รอมเปอร์แฟชั่น #ชุดรอมเปอร์VONDA | #จั๊มสูทขาสั้นผู้หญิง #จั๊มสูทลายทาง #จั๊มสูทเกาหลี | #ชุดรอมเปอร์แขนพัฟ #ชุดรอมเปอร์คอตั้ง #ชุดจั๊มสูทขาสั้น
1732134846231644609,#ชุดเซตลายสก็อต #ชุดเซตแฟชั่น #ชุดเซตน่ารัก | #ชุดเซตผู้หญิง #ชุดเซตเกาหลี #ชุดเซตสวยๆ | #ชุดเซตทำงาน #ชุดเซตoutfit #ชุดเซตยอดฮิต
1730807985666099564,#เสื้อท็อปผู้หญิง #เสื้อท็อปแฟชั่น #เสื้อท็อปซัมเมอร์ | #เสื้อท็อป2024 #เสื้อท็อปมาใหม่ #เสื้อท็อปสีตัดกัน | #เสื้อท็อปดีไซน์กลวง #เสื้อท็อปทรงหลวม #เสื้อท็อปสไตล์เสื้อคลุม
1732985783848568568,#ชุดเอี๊ยมผ้าฝ้ายลินิน #ชุดเอี๊ยมผู้หญิง #เอี๊ยมผ้าลินิน | #ชุดเอี๊ยมแฟชั่น #จั๊มสูทเอี๊ยม #ชุดเอี๊ยมสวยๆ | #ชุดเอี๊ยมผ้าฝ้าย #เอี๊ยมแฟชั่นเกาหลี #ชุดเอี๊ยมลินิน
1733386077290268259,#ชุดคลุมท้องแฟชั่น #ชุดคลุมท้องใส่ทำงาน #ชุดคลุมท้องไซส์ใหญ่ | #ชุดคลุมท้องเกาหลี #ชุดคลุมท้องคนท้อง #ชุดคลุมท้องน่ารัก | #ชุดคลุมท้องราคาถูก #ชุดคลุมท้องแฟชั่นเกาหลี #ชุดคลุมท้องใส่เที่ยว
1731536397811091222,#ชุดนอนฤดูร้อน #ชุดนอนผู้หญิง #ชุดนอนใส่สบาย | #ชุดนอนแขนกุด #ชุดนอนกางเกงขายาว #ชุดนอนแฟชั่น | #ชุดนอนน่ารัก #ชุดนอนสวยๆ #ชุดนอนมินิมอล
1734468279122625937,#ชุดเซ็ตแขนสั้น #ชุดเซ็ตยีนส์ #ชุดเซ็ต2ชิ้น | #ชุดเซ็ตแฟชั่น #ชุดเซ็ตผู้หญิง #ชุดเซ็ตน่ารัก | #ชุดเซ็ตราคาถูก #ชุดเซ็ตเกาหลี #ชุดเซ็ตสวยๆ
1731601143197895020,#ชุดสูทผู้หญิง #ชุดสูทแฟชั่น #สูทผู้หญิงทำงาน | #ชุดสูทกางเกงขากว้าง #ชุดสูทออกงาน #ชุดสูทสวยหรู | #ชุดสูทแฟชั่นเกาหลี #ชุดสูททำงานผู้หญิง #ชุดสูทแฟชั่นใหม่
1735693429598487983,#ชุดกีฬาลำลอง #ชุดกีฬาผู้หญิง #ชุดกีฬาสตรีท | #ชุดกีฬาแฟชั่น #ชุดกีฬาเกาหลี #ชุดกีฬา2ชิ้น | #ชุดกีฬานักเรียน #ชุดกีฬา ฤดูร้อน #ชุดกีฬาขาสั้น
1730553703819151381,#ชุดเซ็ท2ชิ้น #ชุดเซ็ทแฟชั่น #ชุดเซ็ทผู้หญิง | #ชุดเซ็ทเสื้อกางเกง #ชุดเซ็ทใส่สบาย #ชุดเซ็ทราคาถูก | #ชุดเซ็ทสวยๆ #ชุดเซ็ทน่ารัก #ชุดเซ็ทเกาหลี
1736336964153803971,#ชุดเซทคอปกแขนกุด #ชุดเซทแฟชั่น #ชุดเซทผู้หญิง | #ชุดเซทน่ารัก #ชุดเซทราคาถูก #ชุดเซทขาสั้น | #ชุดเซทสวยๆ #ชุดเซทเกาหลี #ชุดเซทใส้เที่ยว
1733595432416216193,#ชุดจัมพ์สูท #ชุดจัมพ์สูทผู้หญิง #จัมพ์สูทแฟชั่น | #ชุดจัมพ์สูทสวยๆ #จัมพ์สูทผู้หญิง #ชุดจัมพ์สูทเกาหลี | #จัมพ์สูทสไตล์เกาหลี #ชุดจัมพ์สูททำงาน #จัมพ์สูทน่ารัก
1734807956588102778,#ชุดเซตแฟชั่น #ชุดเซตเกาหลี #ชุดเซตผู้หญิง | #ชุดเซตไซส์ใหญ่ #ชุดเซตสาวอวบ #ชุดเซตยีนส์ | #ชุดเซตเสื้อกางเกง #ชุดเซตน่ารัก #ชุดเซตทำงาน
1735508857392498318,#เสื้อผ้าผู้หญิงไซส์ใหญ่ #เสื้อผ้าสาวอวบ #เสื้อผ้าไซส์ใหญ่ | #เสื้อผ้าแฟชั่นสาวอวบ #ชุดเซ็ตสาวอวบ #เสื้อผ้าคนอ้วน | #เสื้อผ้าผู้หญิงอ้วน #ชุดเซ็ตไซส์ใหญ่ #เสื้อผ้าแฟชั่นไซส์ใหญ่
1730836432230910835,#ชุดเซ็ต2ชิ้น #ชุดเซ็ตผู้หญิง #ชุดเซ็ตแฟชั่น | #ชุดเซ็ตลายโบว์ #ชุดเซ็ตแจ๊คการ์ด #ชุดเซ็ตน่ารัก | #ชุดเซ็ตเสื้อกางเกง #ชุดเซ็ตทำงาน #ชุดเซ็ตเกาหลี
1731851523348530536,#ชุดเซ็ต2ชิ้น #ชุดเซ็ตสาวอวบ #ชุดเซ็ตคนอ้วน | #ชุดเซ็ตไซส์ใหญ่ #เสื้อกันแดดพลัสไซส์ #เสื้อกันแดดสาวอวบ | #กางเกงขาสั้นสาวอวบ #กางเกงขาสั้นไซส์ใหญ่ #ชุดเซ็ตฤดูร้อน
1731545582270187387,#เสื้อแจ็คเก็ตกันแดด #เสื้อกันแดดผู้หญิง #เสื้อคลุมกันแดด | #เสื้อแจ็คเก็ตแฟชั่น #เสื้อคลุมแขนยาว #เสื้อกันแดดผ้าไหมน้ำแข็ง | #เสื้อแจ็คเก็ตไซส์ใหญ่ #เสื้อคลุมแฟชั่นเกาหลี #เสื้อกันแดด2025
1736451071776098145,#ชุด2ชิ้นผู้หญิง #ชุดเซ็ตเสื้อกางเกง #ชุดโปโลขาสั้น | #เสื้อโปโลหญิง #กางเกงขาสั้นแฟชั่น #ชุดเซ็ตไฮเอนด์ | #ชุดใส่เที่ยวทะเล #ชุดลำลองผู้หญิง #เสื้อผ้าฤดูร้อน
1731902028346852547,#เสื้อคนท้องแฟชั่น #เสื้อคนท้องราคาถูก #ชุดคนท้องแฟชั่น | #เสื้อผ้าคนท้อง #ชุดคลุมท้องแฟชั่น #เสื้อคนท้องสวยๆ | #เสื้อคนท้องสไตล์เกาหลี #เสื้อคนท้องใส่ทำงาน #เสื้อคนท้องน่ารัก
1731668638208263536,#เสื้อยืดไซส์ใหญ่ #เสื้อสาวอวบอ้วน #เสื้อผ้าสาวอวบ | #เสื้อยืดคนอ้วน #เสื้อไซส์ใหญ่ #เสื้อผ้าไซส์ใหญ่ | #เสื้อสาวอวบ #เสื้อคนอ้วน #เสื้อผ้าคนอ้วน
1731838851340274320,#ชุดนอนผู้หญิง #ชุดนอนซัมเมอร์ #ชุดนอนผ้าไหม | #ชุดนอนแฟชั่น #ชุดนอนเกาหลี #ชุดนอนใส่สบาย | #ชุดนอนน่ารัก #ชุดนอนฤดูร้อน #ชุดนอนตัวยาว
1735255949985351021,#เสื้อยืดผู้หญิง #เสื้อยืดแขนสั้น #เสื้อแฟชั่นหญิง | #เสื้อแต่งลูกไม้ #เสื้อสไตล์เกาหลี #เสื้อใส่หน้าร้อน | #เสื้อยืดสวยๆ #เสื้อแนวเกาหลี #เสื้อผ้าผู้หญิง
1732255836848359354,#ชุดคลุมท้อง #ชุดคนท้อง #ชุดคลุมท้องแฟชั่น | #เสื้อคนท้อง #เสื้อผ้าคนท้อง #ชุดคลุมท้องเกาหลี | #ชุดคลุมท้องแฟชั่นเกาหลี #ชุดคลุมท้องราคาถูก #ชุดคลุมท้องน่ารัก
1732943333309318623,#ชุดนอนผู้หญิง #ชุดนอนเกาหลี #ชุดนอนลายหมี | #ชุดนอนแขนสั้น #ชุดนอนขาสั้น #ชุดนอนน่ารัก | #ชุดนอนแฟชั่น #ชุดนอนใส่สบาย #ชุดนอนผู้หญิงสวยๆ
1731824352434948025,#เสื้อยืดแขนสั้น #เสื้อยืดลายการ์ตูน #เสื้อผ้าผู้หญิงพลัสไซส์ | #เสื้อผ้าคนอ้วน #เสื้อสาวอวบ #เสื้อไซส์ใหญ่ | #เสื้อทรงหลวม #เสื้อแฟชั่นผู้หญิง #เสื้อเกาหลี
1732305487863515269,#ชุดนอนผู้หญิง #ชุดนอนซัมเมอร์ #ชุดนอนผ้าไหม #ชุดนอนน่ารัก #ชุดนอนแฟชั่น #ชุดนอนใส่สบาย #ชุดนอนลายทาง #ชุดนอนแขนสามส่วน #ชุดนอนผ้าซาติน
1731724366896138054,#เดรสผู้หญิง #เดรสเกาหลี #เดรสเรียบหรู | #เดรสแขนกุด #เดรสคอกลม #เดรสพิมพ์ลาย | #เดรสทรงเอ #ชุดนางเงือก #เดรสแฟชั่น
1730928962023885168,#เสื้อยืดผู้หญิง #เสื้อยืดแขนสั้น #เสื้อยืดหลวม | #เสื้อผ้าสาวอวบ #เสื้อผ้าไซส์ใหญ่ #เสื้อคนอ้วน | #เดรสผู้หญิง #เดรสแฟชั่น #ชุดเดรสยาว
1731631267481683811,#ผ้าคลุมไหล่ #ผ้าคลุมไหล่กันแดด #ผ้าคลุมไหล่แฟชั่น | #ผ้าคลุมไหล่ลินิน #ผ้าคลุมไหล่โบฮีเมียน #ผ้าคลุมไหล่พื้นเมือง | #ผ้าคลุมไหล่เที่ยวทะเล #ผ้าคลุมไหล่หน้าร้อน #ผ้าคลุมไหล่ผู้หญิง
1730357951016897454,#กางเกงยีนส์ขาสั้น #กางเกงยีนส์ผู้หญิง #ยีนส์ขาสั้นผู้หญิง | #กางเกงขาสั้นแฟชั่น #กางเกงยีนส์เอวสูง #กางเกงยีนส์ไซส์ใหญ่ | #กางเกงยีนส์หน้าร้อน #กางเกงยีนส์ขากว้าง #กางเกงยีนส์เกาหลี
1731553416874919312,#เสื้อแจ็คเก็ตกันแดด #เสื้อกันแดดหญิง #เสื้อคลุมกันแดด | #แจ็คเก็ตกันแดด #เสื้อกันแดดบาง #เสื้อกันแดดแฟชั่น | #เสื้อแจ็คเก็ตแฟชั่น #เสื้อคลุมแฟชั่น #เสื้อผ้าแฟชั่นหญิง
1734599624412727019,#เสื้อเชิ้ตแขนสั้น #เสื้อแฟชั่นผู้หญิง #เสื้อครอปเซ็กซี่ | #เสื้อสีขาวเกาหลี #เสื้อเซ็ตโบว์ #เสื้อแขนสั้นแฟชั่น | #เสื้อเอวลอยสวยๆ #เสื้อผ้าซัมเมอร์ #เสื้อแนวอเมريกัน
1734392947611305707,#เสื้อยืดผู้หญิง #เสื้อครอปผู้หญิง #เสื้อแฟชั่นผู้หญิง | #เสื้อคอวีผู้หญิง #เสื้อรัดรูปผู้หญิง #เสื้อเซ็กซี่ผู้หญิง | #เสื้อแขนสั้นผู้หญิง #เสื้อผ้าผู้หญิง #เสื้อผู้หญิงแฟชั่น
1734148766004053739,#เสื้อผ้าสาวอวบ #เสื้อพลัสไซส์ #เสื้อสาวอวบ | #เสื้อลูกไม้สาวอวบ #เสื้อแฟชั่นสาวอวบ #เสื้อลายจุดสาวอวบ | #เสื้อแขนสั้นสาวอวบ #เสื้อผ้าผู้หญิงอ้วน #เสื้อไซส์ใหญ่
1733637491188532971,#เสื้อยืดเกาหลี #เสื้อแขนยาวผู้หญิง #เสื้อแฟชั่นเกาหลี | #เสื้อลูกไม้แฟชั่น #เสื้อแขนยาวลายทาง #เสื้อผ้าราชการ | #เสื้อสไตล์เกาหลี #เสื้อผู้หญิงน่ารัก #เสื้อใส่เที่ยวทะเล
1736399572372653803,#เสื้อยืดลายแมว #เสื้อผ้าบางแฟชั่น #เสื้อสาวฮอต | #เสื้อสาวอวบแฟชั่น #เสื้อต่อผ้าตาข่าย #เสื้อกระชับหุ่น | #เสื้อซ่อนหุ่น #เสื้อยืดฤดูร้อน #เสื้อผู้หญิง2026
1734638255320958699,#เสื้อผ้าสตรีเกาหลี #เสื้อผ้าสตรีสีขาว #เสื้อผ้าสตรีแขนสั้น | #เสื้อผ้าสตรีคอเฉียง #เสื้อผ้าสตรีไหล่เปิด #เสื้อผ้าสตรีแฟชั่น | #เสื้อผ้าสตรีฤดูร้อน #เสื้อผ้าสตรีเรียบหรู #เสื้อผ้าสตรีสวยๆ
1734426846659118827,#เสื้อยืดเกาหลี #เสื้อยืดผู้หญิง #เสื้อแฟชั่นเกาหลี | #เสื้อแขนสั้น #เสื้อลายดอกไม้ #เสื้อรัดรูปผู้หญิง | #เสื้อผ้าแฟชั่น #เสื้อผ้าราชถูก #เสื้อผ้าผู้หญิง
1734440979628328683,#เสื้อยืดแขนกุด #เสื้อแขนกุดผู้หญิง #เสื้อกล้ามผู้หญิง | #เสื้อแฟชั่นผู้หญิง #เสื้อเซ็กซี่ #เสื้อปาดไหล่ | #เสื้อครอปแขนกุด #เสื้อเข้ารูป #เสื้อผู้หญิงแฟชั่น
1734250492394637035,#เสื้อยืดแขนสั้น #เสื้อสไตล์จีน #เสื้อปักผีเสื้อ | #เสื้อผ้าแฟชั่นผู้หญิง #เสื้อสาวแซ่บ #เสื้อเอวลอย #เสื้อผ้าราชการราคาถูก #เสื้อผ้าราคาถูก #เสื้อผ้าผู้หญิงราคาถูก
1734094939360757483,#เสื้อเชิ้ตผู้หญิง #เสื้อเชิ้ตแฟชั่น #เสื้อเชิ้ตเกาหลี | #เสื้อเชิ้ตแขนยาว #เสื้อคอวีผู้หญิง #เสื้อลายลูกไม้ | #เสื้อผ้าแฟชั่นผู้หญิง #เสื้อใส่ทำงาน #เสื้อสวยๆ
1732816048793749227,#ไหล่เอียง #เสื้อไหล่เอียง #เสื้อแฟชั่น | #เสื้อเชือกแขวนคอ #เสื้อคล้องคอ #เสื้อเซ็กซี่ | #เสื้อลายจุด #เสื้อรัดรูป #เสื้อผู้หญิง
1735147967608620779,#เสื้อยืดแขนสั้น #เสื้อยืดเกาหลี #เสื้อยืดแฟชั่น | #เสื้อยืดลายแมว #เสื้อยืดรัดรูป #เสื้อยืดเอวเอส | #เสื้อยืดคอกลม #เสื้อยืดผู้หญิง #เสื้อยืดน่ารัก
1734955517857269483,#เสื้อยืดแขนสั้น #เสื้อยืดผู้หญิง #เสื้อแฟชั่นเกาหลี | #เสื้อสีเหลือง #เสื้อคอเปิด #เสื้อแขนสั้นน่ารัก | #เสื้อฤดูร้อน #เสื้อสาวเท่ #เสื้อยืดสไตล์เก๋
1734347642499466987,#เสื้อโปโลสีชมพู #เสื้อโปโลผู้หญิง #เสื้อโปโลเกาหลี | #เสื้อยืดแขนสั้น #เสื้อแขนสั้นผู้หญิง #เสื้อแฟชั่นเกาหลี | #เสื้อผู้หญิงน่ารัก #เสื้อสีชมพู #เสื้อใส่เที่ยว
1735781114853557995,#เสื้อเชิ้ตแขนสั้น #เสื้อลายจุด #เสื้อผู้หญิงแฟชั่น | #เสื้อแฟชั่นเกาหลี #เสื้อคอวีผู้หญิง #เสื้อเซ็กซี่สวยๆ | #เสื้อซัมเมอร์ #เสื้อแขนสั้นผู้หญิง #เสื้อใส่เที่ยวทะเล
1734354388573587179,#เสื้อลูกไม้ #เสื้อผ้าแฟชั่น #เสื้อผู้หญิง | #เสื้อแฟชั่นผู้หญิง #เสื้อเกาหลี #เสื้อสายเดี่ยว | #เสื้อครอป #เสื้อแฟชั่นเกาหลี #เสื้อสวยๆ
1736511347744278251,#เสื้อยืดผู้หญิง #เสื้อแขนสั้น #เสื้อลายกุหลาบ | #เสื้อวินเทจ #เสื้อผ้าแฟชั่น #เสื้อผ้าผู้หญิง | #เสื้อผ้าแฟชั่นผู้หญิง #เสื้อสไตล์ฝรั่งเศส #เสื้อผ้าเกาหลี
1734553530686998251,#เสื้อยืดแขนสั้น #เสื้อสีชมพู #เสื้อแฟชั่น | #เสื้อยืดผู้หญิง #เสื้อสไตล์อเมริกัน #เสื้อลายแมว | #เสื้อคอกลม #เสื้อหน้าร้อน #เสื้อสวยๆ
1735519485880207083,#เสื้อผ้าสตรี #เสื้อเกาหลี #เสื้อลูกไม้ | #เสื้อแขนสั้น #เสื้อแฟชั่น #เสื้อผู้หญิง | #เสื้อผ้าแฟชั่น #เสื้อสวยๆ #เสื้อไฮ엔ด์
1735983559958300395,#เสื้อยืด #เสื้อลูกไม้ #เสื้อผ้าตาข่าย | #เสื้อแฟชั่น #เสื้อผู้หญิง #เสื้อสไตล์เกาหลี | #เสื้อคอวี #เสื้อลายดอกไม้ #เสื้อซ่อนอ้วน
1732415131275986667,#เสื้อโปโลสีเทา #เสื้อโปโลผู้หญิง #เสื้อโปโลแฟชั่น | #เสื้อลายทางผู้หญิง #เสื้อโปโลแขนสั้น #เสื้อผ้าแฟชั่นผู้หญิง | #เสื้อโปโลสลิมฟิต #เสื้อโปโลน่ารัก #เสื้อโปโลวินเทจ
1734972191226627819,#เสื้อยืดแขนสั้น #เสื้อโปโลผูกโบว์ #เสื้อแฟชั่นผู้หญิง | #เสื้อแต่งโบว์ #เสื้อแขนสั้นเกาหลี #เสื้อเซ็กซี่น่ารัก | #เสื้อครอปแขนสั้น #เสื้อแนวฝรั่งเศส #เสื้อยืดผู้หญิง
1734202951946569451,#เสื้อกล้ามสายคาดอก #เสื้อกล้ามสีขาว #เสื้อกล้ามมีฟองน้ำ | #เสื้อสายคาดอกแฟชั่น #เสื้อกล้ามแฟชั่น #เสื้อสายเดี่ยวสีขาว | #เสื้อแฟชั่นผู้หญิง #เสื้อใส่ซ้อนผู้หญิง #เสื้อกล้ามเสริมอก
1735948566344533739,#เสื้อเชิ้ตสีขาว #เสื้อลายจุด #เสื้อเชิ้ตผู้หญิง | #เสื้อแฟชั่นเกาหลี #เสื้อทำงานผู้หญิง #เสื้อสไตล์เกาหลี | #เสื้อแขนสั้น #เสื้อโปโลหญิง #เสื้อเอวลอย
1734286333173335787,#เสื้อยืดแขนสั้น #เสื้อแฟชั่นผู้หญิง #เสื้อสไตล์จีน | #เสื้อรัดรูป #เสื้อปักลาย #เสื้อแขนสั้นผู้หญิง | #เสื้อแฟชั่นเกาหลี #เสื้อสวยๆ #เสื้อผู้หญิง
1734375523640903403,#เสื้อเชิ้ตผู้หญิง #เสื้อเชิ้ตแฟชั่น #เสื้อเชิ้ตเกาหลี | #เสื้อเชิ้ตหรูหรา #เสื้อเชิ้ตใส่เที่ยว #เสื้อเชิ้ตสวยๆ | #เสื้อเชิ้ตฤดูร้อน #เสื้อเชิ้ตสีน้ำตาล #เสื้อเชิ้ตแขนสั้น
1735204738662893291,#เสื้อยืดสตรี #เสื้อแฟชั่นเกาหลี #เสื้อแขนสั้น | #เสื้อลูกไม้หญิง #เสื้อสวยหรู #เสื้อผ้าแฟชั่น | #เสื้อทรงเข้ารูป #เสื้อผู้หญิง #เสื้อสไตล์เกาหลี
1736511458594948843,#เสื้อยืดผู้หญิง #เสื้อแขนสั้น #เสื้อแฟชั่นหญิง | #เสื้อรัดรูป #เสื้อผู้หญิง #เสื้อสไตล์อเมริกัน | #เสื้อผ้าแฟชั่น #เสื้อครอป #เสื้อสวยๆ
1734972483275949803,#เสื้อเชิ้ตสั้น #เสื้อเชิ้ตผู้หญิง #เสื้อเชิ้ตแฟชั่น | #เสื้อคอวี #เสื้อลูกไม้ #เสื้อลายปัก | #เสื้อทรงเอว #เสื้อใส่สบาย #เสื้อผอมเพรียว
1736456006756828907,#เสื้อยืดแขนสั้นสีขาว #เสื้อยืดผู้หญิงแฟชั่น #เสื้อยืดลูกไม้ | #เสื้อเซ็กซี่น่ารัก #เสื้อแขนสั้นสีขาว #เสื้อแฟชั่นเกาหลี | #เสื้อทรงกระชับ #เสื้อใส่หน้าร้อน #เสื้อลูกไม้เซ็กซี่
1734951823034451691,#เสื้อท็อปส์ซูผู้หญิง #เสื้อแฟชั่นผู้หญิง #เสื้อปาดไหล่ | #เสื้อแขนสั้นผู้หญิง #เสื้อครอปผู้หญิง #เสื้อเก๋ๆผู้หญิง | #เสื้อผ้าแฟชั่นเกาหลี #เสื้อสวยๆผู้หญิง #เสื้อใส่เที่ยว
1736312183143106283,#เสื้อยืดแขนสั้น #เสื้อยืดผู้หญิง #เสื้อแฟชั่นเกาหลี | #เสื้อสายเดี่ยวแฟชั่น #เสื้อเซ็กซี่ #เสื้อสไตล์Y2K | #เสื้อผ้าแฟชั่นผู้หญิง #เสื้อครอป #เสื้อผ้าราคาถูก
1736675107574417131,#เสื้อยืดผู้หญิง #เสื้อผ้าตาข่าย #เสื้อลูกไม้แฟชั่น | #เสื้อแฟชั่นเกาหลี #เสื้อซีทรูผู้หญิง #เสื้อซัมเมอร์ | #เสื้อแขนสั้นผู้หญิง #เสื้อผ้าแฟชั่นหญิง #เสื้อลูกไม้ซีทรู
1734620722846861035,#เสื้อทีเชิ้ตแขนสั้น #เสื้อแฟชั่นเกาหลี #เสื้อสีเทา | #เสื้อปาดไหล่เพชร #เสื้อคอไขว้ #เสื้อคอราปักเพชร | #เสื้อซัมเมอร์ #เสื้อผู้หญิงฤดูร้อน #เสื้อแฟชั่นผู้หญิง
1735534847651776235,#เสื้อแขนสั้น #เสื้อเปิดไหล่ #เสื้อแฟชั่น | #เสื้อสาวหวาน #เสื้อปาดไหล่ #เสื้อครอปสั้น | #เสื้อผ้าแฟชั่น #เสื้อผ้าผู้หญิง #เสื้อสไตล์เกาหลี
1736470219231102699,#เสื้อถักแขนสั้น #เสื้อโปโลผู้หญิง #เสื้อสไตล์ชาแนล | #เสื้อถักแฟชั่น #เสื้อโปโลแฟชั่น #เสื้อผ้าฤดูร้อน | #เสื้อถักน่ารัก #เสื้อคอโปโล #เสื้อผ้าผู้หญิง
1736228170194585323,#เสื้อยืดคอกลม #เสื้อยืดแฟชั่น #เสื้อยืดผู้หญิง | #เสื้อยืดแขนสั้น #เสื้อตาข่าย #เสื้อผ้าแฟชั่น | #เสื้อยืดวินเทจ #เสื้อสไตล์เกาหลี #เสื้อครอปคอกลม
1735616379376010987,#เสื้อผู้หญิง #เสื้อแฟชั่น #เสื้อแขนสั้น | #เสื้อผ้าแฟชั่น #เสื้อครอป #เสื้อเข้ารูป | #เสื้อสีเทา #เสื้อคอวี #เสื้อแฟชั่นเกาหลี
1734844604691941099,#เสื้อยืดผู้หญิง #เสื้อยืดแขนสั้น #เสื้อผ้าฝ้าย | #เสื้อแฟชั่นผู้หญิง #เสื้อผ้าราชถูก #เสื้อครอปสั้น | #เสื้อแฟชั่นเกาหลี #เสื้อผู้หญิงแฟชั่น #เสื้อผ้าผู้หญิง
1733508857568528107,#เสื้อเชิ้ตแขนยาว #เสื้อลายจุด #เสื้อเกาหลี | #เสื้อกันหนาว #เสื้อขนสัมผัสนุ่ม #เสื้อใส่ข้างใน | #เสื้อแฟชั่นผู้หญิง #เสื้อแขนยาวลายจุด #เสื้อกันหนาวเกาหลี
1734463158521333483,#เสื้อเชิ้ตแขนสั้น #เสื้อเชิ้ตลายจุด #เสื้อเชิ้ตผู้หญิง | #เสื้อลายจุดเกาหลี #เสื้อเกาหลีchic #เสื้อแฟชั่น2026 | #เสื้อน่ารักๆ #เสื้อคอu #เสื้อหน้าร้อน
1735629929234532075,#เสื้อยืดสตรี #เสื้อยืดแฟชั่น #เสื้อยืดผู้หญิง | #เสื้อยืดสองชั้น #เสื้อยืดสั้นกระชับ #เสื้อยืดเซ็กซี่ | #เสื้อยืดสตรีท #เสื้อยืดฤดูร้อน #เสื้อยืดสายเดี่ยว
1736524865430062827,#เสื้อยืดแขนสั้น #เสื้อโปโลผู้หญิง #เสื้อแฟชั่นเกาหลี | #เสื้อยืดลายจุด #เสื้อคอโปโล #เสื้อผ้าแฟชั่น | #เสื้อทรงกระชับ #เสื้อผ้าหน้าร้อน #เสื้อผู้หญิงน่ารัก
1734261587233769195,#เสื้อยืดแขนยาว #เสื้อแขนยาวผู้หญิง #เสื้อแฟชั่นหญิง | #เสื้อผ้าแฟชั่น #เสื้อแขนยาวแฟชั่น #เสื้อผ้าผู้หญิง | #เสื้อแขนยาวเกาหลี #เสื้อผ้าเกาหลี #เสื้อแฟชั่นเกาหลี
1734408330716940011,#เสื้อผู้หญิง #เสื้อแฟชั่น #เสื้อรัดรูป | #เสื้อสไตล์จีน #เสื้อปักลาย #เสื้อแขนสั้น | #เสื้อแฟชั่นผู้หญิง #เสื้อผู้หญิงแฟชั่น #เสื้อสวยๆ
1736146910037444331,#เสื้อยืดแขนสั้น #เสื้อยืดสีขาว #เสื้อสไตล์เกาหลี | #เสื้อปักลายกระต่าย #เสื้อทรงสั้น #เสื้อแฟชั่นผู้หญิง | #เสื้อผ้าแฟชั่นเกาหลี #เสื้อยืดน่ารัก #เสื้อใส่เที่ยว
1734082562999289579,#เสื้อเชิ้ตผู้หญิง #เสื้อเชิ้ตแฟชั่น #เสื้อเชิ้ตลายจุด | #เสื้อเชิ้ตคอวี #เสื้อเชิ้ตเซ็กซี่ #เสื้อเชิ้ตสตรีท | #เสื้อเชิ้ตฤดูร้อน #เสื้อเชิ้ตสีขาว #เสื้อเชิ้ตสวยๆ
1733576143036385003,#เสื้อยืดพลัสไซส์ #เสื้อสาวอวบ #เสื้อแขนยาวอ้วน | #เสื้อคอวีผูกโบว์ #เสื้อแขนยาวสาวอวบ #เสื้อผ้าสาวอวบอ้วน | #เสื้อแฟชั่นสาวอวบ #เสื้อใส่ทำงานสาวอวบ #เสื้อราคาถูกสาวอวบ
1730737618989910742,#เดรสน่ารัก #เดรสแฟชั่น #เดรสออกงาน | #เดรสมัดย้อม #เดรสไปทะเล #เดรสเกาหลี | #เดรสยาว #เดรสเปิดหลัง #เดรสแขนกุด
1731988161388971790,#กางเกงยีนส์ #กางเกงยีนส์เอวสูง #กางเกงยีนส์ผู้หญิง | #กางเกงยีนส์ทรงหลวม #กางเกงยีนส์เกาหลี #กางเกงยีนส์ขายาว | #กางเกงยีนส์แฟชั่น #กางเกงยีนส์สวยๆ #กางเกงยีนส์สไตล์เกาหลี
1733180083662063099,#กางเกงขายาวผู้หญิง #กางเกงผ้าลูกฟูก #กางเกงเอวยางยืด | #กางเกงแฟชั่นผู้หญิง #กางเกงขายาวเอวสูง #กางเกงใส่สบาย | #กางเกงผู้หญิงแฟชั่น #กางเกงขายาวทรงกระบอก #กางเกงเอวสม็อค
1731768597475133704,#COFFEEJeans #กางเกงยีนส์COFFEE #ยีนส์COFFEE | #กางเกงยีนส์เอวสูง #ยีนส์เอวสูงผู้หญิง #กางเกงเอวสูงทรงกระบอก | #กางเกงยีนส์ขาดๆ #ยีนส์ทรงA #ยีนส์สไตล์อเมริกัน
1732924494292420201,#กางเกงยีนส์ขายาว #กางเกงยีนส์เอวสูง #กางเกงยีนส์ขากว้าง | #กางเกงยีนส์เรโทร #กางเกงยีนส์พลีท #กางเกงยีนส์แฟชั่น | #กางเกงยีนส์ผู้หญิง #กางเกงยีนส์วินเทจ #กางเกงยีนส์สวยๆ
1735230582388262867,#กางเกงยีนส์คาร์โก้ #กางเกงยีนส์ผู้หญิง #กางเกงยีนส์ขากว้าง | #กางเกงคาร์โก้ผู้หญิง #กางเกงยีนส์เอวสูง #กางเกงยีนส์แฟชั่น | #กางเกงยีนส์เกาหลี #กางเกงคาร์โก้ขากว้าง #กางเกงยีนส์ทรงกระบอก
1731392831866242815,#กางเกงยีนส์ผู้หญิง #กางเกงยีนส์เอวสูง #กางเกงยีนส์แฟชั่น | #กางเกงขากว้าง #กางเกงทรงตรง #กางเกงยีนส์สวยๆ | #กางเกงยีนส์เกาหลี #กางเกงยีนส์ปัก #กางเกงยีนส์ฮิต
1732522516311213673,#กางเกงยีนส์ขากว้าง #กางเกงยีนส์เอวสูง #กางเกงยีนส์แฟชั่น | #กางเกงยีนส์ผู้หญิง #กางเกงยีนส์มัดย้อม #กางเกงยีนส์ซัมเมอร์ | #กางเกงยีนส์ขาตรง #กางเกงยีนส์ระบายอากาศ #กางเกงยีนส์สวยๆ
1736293637568890815,#กางเกงยีนส์กระบอก #กางเกงยีนส์เอวสูง #กางเกงยีนส์ผู้หญิง | #กางเกงขายาวผู้หญิง #กางเกงยีนส์วินเทจ #กางเกงยีนส์แฟชั่น | #กางเกงยีนส์ทรงสวย #กางเกงยีนส์พรางหุ่น #กางเกงเก็บทรง
1731854053310039609,#กางเกงคาร์โก้ผู้หญิง #กางเกงยีนเอวสูง #กางเกงคาร์โก้ไซส์ใหญ่ | #กางเกงยีนทรงสตรีท #กางเกงคาร์โก้ยาว #กางเกงยีนส์เอวสูง | #กางเกงคาร์โก้สตรีท #กางเกงยีนส์ผู้หญิง #กางเกงแฟชั่นผู้หญิง
1732125879952902609,#กางเกงยีนส์ #กางเกงยีนส์ขาด #กางเกงขากว้าง | #กางเกงเอวสูง #กางเกงยีนส์เกาหลี #กางเกงผู้หญิง | #กางเกงใส่สบาย #กางเกงขายาว #กางเกงยีนส์แฟชั่น
1731062886706350344,#กางเกงยีนส์ #กางเกงยีนส์ผู้หญิง #กางเกงยีนส์ขาตรง | #กางเกงยีนส์สไตล์เรโทร #กางเกงยีนส์กระเป๋าเยอะ #กางเกงยีนส์คาร์โก้ | #กางเกงยีนส์ไซส์ใหญ่ #กางเกงยีนส์แฟชั่น #กางเกงยีนส์สวยๆ
1734507424287786934,#กางเกงยีนส์ #กางเกงยีนส์แฟชั่น #กางเกงยีนส์ผู้หญิง | #กางเกงยีนส์ไซส์ใหญ่ #กางเกงยีนส์เอวสูง #กางเกงยีนส์ขากว้าง | #กางเกงยีนส์สตรีท #กางเกงยีนส์วินเทจ #กางเกงยีนส์แนวๆ
1734874279597671551,#กางเกงยีนส์ผู้หญิง #กางเกงยีนส์ปักลาย #กางเกงยีนส์ขากว้าง | #กางเกงยีนส์แฟชั่น #กางเกงยีนส์ทรงloose #กางเกงยีนส์น่ารัก | #กางเกงยีนส์ฤดูร้อน #กางเกงยีนส์2026 #กางเกงยีนส์แนวสตรีท
1730978728259193508,#กางเกงยีนส์เอวสูง #กางเกงยีนส์ขากระบอก #กางเกงยีนส์วินเทจ | #กางเกงยีนส์แฟชั่น #กางเกงยีนส์ผู้หญิง #ยีนส์ขากระบอกใหญ่ | #กางเกงยีนส์ทรงสวย #กางเกงยีนส์ปักดาว #กางเกงยีนส์แท้
1732167414338782883,#กางเกงยีนส์วินเทจ #กางเกงยีนส์ผู้หญิง #กางเกงยีนส์สีดำ | #กางเกงยีนส์คาร์โก้ #กางเกงยีนส์ทรงกระบอก #กางเกงยีนส์ไซส์ใหญ่ | #กางเกงยีนส์เอวสูง #กางเกงยีนส์แฟชั่น #กางเกงยีนส์แนวๆ
1735723021715473672,#กางเกงยีนส์COFFEE #ยีนส์สตรีทแฟชั่น #กางเกงยีนส์เอวสูง | #กางเกงยีนส์ผู้หญิง #ยีนส์แฟชั่นผู้หญิง #กางเกงยีนส์สวยๆ | #ยีนส์เอวสูงผู้หญิง #กางเกงยีนส์แนวสตรีท #กางเกงยีนส์แฟชั่น
1736387722719692062,#กางเกงสไตล์เกาหลี #กางเกงเอวสูง #กางเกงแฟชั่น | #กางเกงผู้หญิง #กางเกงทรงหลวม #กางเกงสปอร์ต | #กางเกงใส่สบาย #กางเกงเที่ยวกลางแจ้ง #กางเกงเนื้อบาง
1730576816706128846,#กางเกงยีนส์ผูกเชือก #กางเกงยีนส์เอวสูง #กางเกงยีนส์ทรงกระบอก | #กางเกงยีนส์ขากว้าง #กางเกงยีนส์สไตล์เกาหลี #กางเกงยีนส์แฟชั่น | #กางเกงยีนส์ทรงหลวม #กางเกงยีนส์ผู้หญิง #กางเกงยีนส์ไฮสตรีท
1730537753158846497,#กางเกงยีนส์กราฟฟิตี้ #กางเกงยีนส์ขาตรง #กางเกงยีนส์ทรงหลวม | #กางเกงยีนส์แฟชั่น #กางเกงยีนส์สตรีท #กางเกงยีนส์แนวๆ | #กางเกงยีนส์เท่ๆ #กางเกงยีนส์oversize #กางเกงยีนส์ลายมังกร
1731422816857394065,#ClassicPants #กางเกงทำงาน #กางเกงขายาว | #กางเกงเอวสูง #กางเกงผู้หญิง #กางเกงแฟชั่น | #กางเกงไซส์ใหญ่ #กางเกงทำงานผู้หญิง #กางเกงทรงสวย
1731537692317551505,#กระบอกกลาง #กางเกงกระบอกกลาง #กางเกงผ้าสลาฟโซดา | #กระบอกกลางสาวอวบ #กางเกงไซส์ใหญ่ #กางเกงทำงานผู้หญิง | #กางเกงหน้าเรียบ #กางเกงแฟชั่น #กางเกงทรงสวย
1731536776276577169,#กระบอกเล็กโซดา #กระบอกเล็กโซดาไซส์ใหญ่ #กางเกงกระบอกเล็ก | #กระบอกเล็กโซดาสาวอวบ #กระบอกเล็กโซดาราคาถูก #กางเกงทำงานผู้หญิง | #กระบอกเล็กโซดาสวยๆ #กางเกงแฟชั่นผู้หญิง #กางเกงเอวสูง
1731581009317496721,#LuckyPants #กางเกงLuckyPants #กางเกงขากระบอกเล็ก | #กางเกงผ้าออดี้ #กางเกงทรงกระบอก #กางเกงทำงานผู้หญิง | #กางเกงแฟชั่น #กางเกงผู้หญิง #กางเกงขายาว
1731739085479775121,#กางเกงCandy #กางเกงกระบอกกลาง #กางเกงซิปข้าง | #กางเกงผ้าสโนว์สลาฟ #กางเกงสาวอวบ #กางเกงทำงานผู้หญิง | #กางเกงขายาวผู้หญิง #กางเกงแฟชั่น #กางเกงทรงสวย
1733508781029820305,#Barrelpants #กางเกงBarrel #กางเกงบารเรล | #กางเกงขายาวทรงบารเรล #กางเกงทรงบารเรล #กางเกงขายาวปลายขาโค้ง | #กางเกงแฟชั่นผู้หญิง #กางเกงทรงสวย #กางเกงทำงานหญิง
1736368235374217105,#Bellapants #กางเกงขากระบอกกลาง #กางเกงผ้าคริสตัล | #กางเกงสาวอวบ #กางเกงทำงานผู้หญิง #กางเกงเอวสูง | #กางเกงไซส์ใหญ่ #กางเกงแฟชั่น #กางเกงทรงสวย
1732229839261502353,#กางเกงขาสั้น #กางเกงผู้หญิง #กางเกงแฟชั่น | #รุ่นJinny #ขาสั้นผ้าสโนว์สลาฟ #กางเกงสโนว์สลาฟ | #กางเกงขาสั้นผู้หญิง #กางเกงขาสั้นแฟชั่น #กางเกงใส่สบาย
1731806288892824465,#ขาสั้น #ขาสั้นผู้หญิง #กางเกงขาสั้น | #ขาสั้น3ส่วน #กางเกงขาสั้นผู้หญิง #ขาสั้นแฟชั่น | #ขาสั้นเอวสูง #กางเกงขาสั้นเอวสูง #ขาสั้นสาวอวบ
1731946897642587348,#กางเกงขากระบอก #กางเกงเอวสูง #กางเกงทำงาน | #กางเกงผู้หญิง #กางเกงขากระบอกกลาง #กางเกงแฟชั่น | #กางเกงไซส์ใหญ่ #กางเกงผ้าไมโคร #กางเกงสุภาพ
1734140966981960858,#กางเกงสูทผู้ชายสีดำ #กางเกงสูทผู้ชาย #กางเกงผู้ชายสีดำ | #กางเกงขายาวผู้ชาย #กางเกงสไตล์เกาหลี #กางเกงทรงกระบอก | #กางเกงทำงานผู้ชาย #กางเกงแฟชั่นผู้ชาย #กางเกงใส่ทำงาน
1730703001234475407,#ชุดนอนมินิมอล #ชุดนอนสายเดี่ยว #ชุดนอนน่ารัก | #ชุดนอนลายการ์ตูน #ชุดนอนแฟชั่น #ชุดนอนผู้หญิง | #ชุดนอนใส่สบาย #ชุดนอนขาสั้น #ชุดนอนสวยๆ
1732570721639368007,#เสื้อผู้หญิง #เสื้อสายเดี่ยว #เสื้อแฟชั่น | #เสื้อผ้าแฟชั่น #เสื้อผ้าราชถูก #เสื้อสวยๆ | #เสื้อผูกคอ #เสื้อรุ่นฮันนี่ #เสื้อแฟชั่นผู้หญิง
1730420575213815858,#ชุดนอนกระต่าย #ชุดนอนผู้หญิง #ชุดนอนน่ารัก | #ชุดนอนลายกระต่าย #ชุดนอนสไตล์ญี่ปุ่น #ชุดนอนแขนยาว | #ชุดนอนขายาว #ชุดนอนเกาหลี #ชุดนอนแฟชั่น
1732800963179087102,#เสื้อยืดแขนยาว #เสื้อยืดลายทาง #เสื้อยืดวินเทจ | #เสื้อยืดมีฮู้ด #เสื้อยืดผู้หญิง #เสื้อยืดแฟชั่น | #เสื้อแขนยาวลายทาง #เสื้อแขนยาววินเทจ #เสื้อแขนยาวมีฮู้ด
1730962520832510411,#เสื้อผ้าผู้หญิง #เสื้อผ้าแฟชั่น #เสื้อผ้าสีชมพู | #เสื้อผ้าฤดูร้อน #เสื้อผู้หญิง #เสื้อแฟชั่นผู้หญิง | #เสื้อสีชมพู #เสื้อผ้าเกาหลี #เสื้อผ้าสวยๆ
1731654335760794924,#เสื้อแขนยาว #เสื้อชีฟอง #เสื้อแฟชั่น | #เสื้อแขนยาวเกาหลี #เสื้อชีฟองแฟชั่น #เสื้อแฟชั่นเกาหลี | #เสื้อแขนยาวผู้หญิง #เสื้อชีฟองสวยๆ #เสื้อแฟชั่นผู้หญิง
1736130442060072359,#ชุดนอน2ชิ้น #ชุดนอนคิตตี้ #ชุดนอนลายตาราง | #ชุดนอนแขนยาว #ชุดนอนขายาว #ชุดนอนน่ารัก | #ชุดนอนผ้าคอตตอน #ชุดนอนผู้หญิง #ชุดนอนลายการ์ตูน
1735490073419220536,#กางเกงลำลอง #กางเกงแฟชั่น #กางเกงผู้หญิง | #กางเกงลายสก๊อต #กางเกงลูกไม้ #กางเกงโคมไฟ | #กางเกงเกาหลี #กางเกงสไตล์เกาหลี #กางเกงน่ารัก
1734944213735278446,#ชุดแขนพอง #ชุดสีน้ำเงิน #ชุดไฮเอนด์ | #ชุดฤดูร้อน #ชุดผู้หญิง #ชุดวันหยุด | #ชุดริมทะเล #ชุดกระโปรงยาว #ชุดสวยๆ
1734932400516007394,#มินิเดรส #เดรสเอี๊ยม #ชุดเดรส | #เดรสสั้น #เดรสแฟชั่น #มินิเดรสเกาหลี | #ชุดเอี๊ยม #เดรสผู้หญิง #ชุดไปคาเฟ่
1729614561351010324,#เสื้อครอปแขนยาว #เสื้อแขนยาวเกาหลี #เสื้อครอปสายฝอ | #เสื้อY2K #เสื้อครอปแฟชั่น #เสื้อแขนยาวแฟชั่น | #เสื้อครอปน่ารัก #เสื้อเกาหลี #เสื้อสายฝอ
1730818496631441491,#HelloKittyชุดนอน #ชุดนอนผู้หญิง #ชุดนอนลายจุด | #ชุดนอนการ์ตูน #ชุดนอนน่ารัก #ชุดนอนขายาว | #ชุดนอนฤดูใบไม้ร่วง #ชุดนอนใส่สบาย #ชุดนอนอยู่บ้าน
1730758975046126057,#เสื้อสเวตเตอร์หญิง #เสื้อสเวตเตอร์แฟชั่น #เสื้อสเวตเตอร์เกาหลี | #เสื้อสเวตเตอร์แขนสั้น #เสื้อสเวตเตอร์คอตุ๊กตา #เสื้อสเวตเตอร์ไหมพรม | #เสื้อสเวตเตอร์ผ้านิ่ม #เสื้อสเวตเตอร์พร้อมส่ง #Gakkiเสื้อสเวตเตอร์
1735427615242421816,#ชุดลูกไม้แฟชั่น #ชุดลูกไม้ผู้หญิง #ชุดลูกไม้สวยๆ | #เดรสลูกไม้สั้น #เดรสลูกไม้เกาหลี #เดรสลูกไม้น่ารัก | #ชุดเดรสลูกไม้ #ชุดลูกไม้สีขาว #ชุดลูกไม้วินเทจ
1732913881817777942,#ชุดนอนฤดูหนาว #ชุดนอนผู้หญิง #ชุดนอนกันหนาว | #ชุดนอนแขนยาว #ชุดนอนน่ารัก #ชุดนอนหนานุ่ม | #ชุดเลานจ์ #ชุดนอนการ์ตูน #ชุดนอนแฟชั่น
1733498605096830501,#เสื้อยืดผู้หญิง #เสื้อสลิมฟิต #เสื้อแขนสั้น | #เสื้อลูกไม้ #เสื้อแฟชั่น #เสื้อผ้าผู้หญิง | #เสื้อทรงสลิม #เสื้อน่ารัก #เสื้อใส่เที่ยว
1735903303441483032,#เสื้อยืดพิมพ์ลายหมี #เสื้อยืดเกาหลี #เสื้อยืดแขนสั้น | #เสื้อยืดคอกลม #เสื้อยืดผ้านุ่ม #เสื้อยืดใส่สบาย | #เสื้อยืดน่ารัก #เสื้อยืดแฟชั่น #เสื้อยืดผู้หญิง
1735873976631330311,#ชุดเซ็ท2ชิ้น #ชุดเซ็ทราคาถูก #ชุดเซ็ทแฟชั่น | #ผ้าครัชพิมพ์ลาย #ชุดเซ็ทผ้าครัช #ชุดเซ็ทไซส์ใหญ่ | #ชุดเซ็ทผู้หญิง #ชุดเซ็ทน่ารัก #ชุดเซ็ทสวยๆ
1732987311088174749,#เสื้อเชิ้ตแขนสั้น #เสื้อเชิ้ตผู้ชาย #เสื้อเชิ้ตผู้หญิง | #เสื้อเชิ้ตสีดำ #เสื้อเชิ้ตทรงหลวม #เสื้อเชิ้ตสไตล์เกาหลี | #เสื้อเชิ้ตแฟชั่น #เสื้อเชิ้ตใส่สบาย #เสื้อเชิ้ตฤดูร้อน
1732913216187172034,#เสื้อยืดผู้หญิง #เสื้อยืดแขนสั้น #เสื้อแฟชั่นหญิง | #เสื้อทรงหลวม #เสื้อยืดลายเก๋ #เสื้อผู้หญิง2026 | #เสื้อสไตล์เกาหลี #เสื้อยืดลำลอง #เสื้อผ้าแฟชั่น
1729647548711405645,#เสื้อแขนยาว #เสื้อคาร์ดิเกน #เสื้อฮู้ด | #เสื้อกันหนาว #เสื้อคลุม #เสื้อผ้าแฟชั่น | #เสื้อเกาหลี #เสื้อผู้หญิง #เสื้อราคาถูก
1733456835026584760,#เสื้อกันหนาว #เสื้อสเวตเตอร์ #แจ็กเก็ต | #เสื้อกันหนาวมีฮู้ด #เสื้อกันหนาวบุขน #เสื้อกันหนาวไซส์ใหญ่ | #เสื้อหนาวแฟชั่น #เสื้อกันหนาวผู้หญิง #เสื้อกันหนาวเกาหลี
1734839737460294982,#เสื้อยืดผ้าฝ้าย #เสื้อยืดoversize #เสื้อยืดแฟชั่น | #เสื้อยืดผู้ชาย #เสื้อยืดผู้หญิง #เสื้อยืดคู่รัก | #เสื้อยืดสตรีท #เสื้อยืดลายหัวใจ #เสื้อยืดคอกลม
1736441140834829973,#เสื้อโปโลหญิง #เสื้อโปโลแฟชั่น #เสื้อโปโลสีขาว | #เสื้อยืดแขนสั้น #เสื้อคอวีผู้หญิง #เสื้อเข้ารูปสวยๆ | #เสื้อสไตล์อเมริกัน #เสื้อผ้าแฟชั่นถูก #เสื้อผู้หญิงราคาถูก
1731146808609180522,#เสื้อสเวตเตอร์ถัก #เสื้อสเวตเตอร์แฟชั่น #เสื้อสเวตเตอร์ผู้หญิง | #เสื้อคาร์ดิแกน #เสื้อคาร์ดิแกนซิป #เสื้อคาร์ดิแกนถัก | #เสื้อกันหนาวแฟชั่น #เสื้อแขนยาวผู้หญิง #เสื้อกันหนาวเกาหลี
1733254392086562747,#ชุดสเวตเตอร์เด็กหญิง #เสื้อกันหนาวเด็กหญิง #ชุดฮู้ดเด็กหญิง | #เสื้อสเวตเตอร์ซิป #ชุดเซ็ตเด็กหญิง #เสื้อคลุมมีฮู้ด | #กระโปรงพลีทเด็ก #ชุดกันหนาวแฟชั่น #ชุดเด็กสไตล์เกาหลี
1733558436517742291,#เสื้อคลุม #เสื้อกันหนาว #เสื้อคลุมผู้หญิง | #เสื้อหนาวแฟชั่น #เสื้อคลุมกันหนาว #เสื้อหนาวเกาหลี | #เสื้อคลุมขนเฟอร์ #เสื้อกันหนาวสวยๆ #เสื้อคลุมแฟชั่น
1729674366780541654,#whitedress #เดรสขาว #ชุดเดรสขาว | #เดรสยาวสีขาว #เดรสออกงาน #ชุดราตรี | #เดรสแฟชั่น #ชุดเดรสผู้หญิง #เสื้อผ้าแฟชั่นผู้หญิง
1731322893744442118,#เสื้อแขนยาวคอปก #เสื้อแขนยาวสีขาว #เสื้อแฟชั่นเกาหลี | #เสื้อผ้าร่องนิ่ม #เสื้อใส่สบาย #เสื้อไม่ย้วย | #เสื้อแขนยาวแฟชั่น #เสื้อผ้าผู้หญิง #เสื้อสไตล์เกาหลี
1732866161622878089,#เสื้อกล้าม #เสื้อกล้ามผูกหลัง #เสื้อกล้ามแขนกุด | #เสื้อกล้ามเข้ารูป #เสื้อกล้ามเซ็กซี่ #เสื้อกล้ามคล้องคอ | #เสื้อกล้ามเกาหลี #เสื้อกล้ามแฟชั่น #เสื้อกล้ามใส่สบาย
1731683258747816701,#เสื้อคลุมผู้หญิง #ผ้าคลุมไหล่ #เสื้อคลุมเกาหลี | #เสื้อคลุมแฟชั่น #ผ้าคลุมไหล่แฟชั่น #เสื้อคลุมขนสัตว์ | #เสื้อกันหนาวแฟชั่น #เสื้อคลุมสไตล์เกาหลี #ผ้าคลุมไหล่ผู้หญิง
1734885538398635395,#ชุดนอนสตรี #ชุดนอนผู้หญิง #ชุดนอนน่ารัก | #ชุดนอนใส่outfit #ชุดนอนลายการ์ตูน #ชุดนอนสวยหรู | #ชุดนอนนุ่มสบาย #ชุดนอนใส่นอกบ้าน #ชุดนอนแฟชั่น
1732153753860410070,#ชุดเดรสยาว #ชุดเดรสแขนยาว #ชุดเดรสงานพรอม | #ชุดเดรสรัดรูป #ชุดเดรสเกาหลี #ชุดเดรสทำงาน | #ชุดเดรสสาวอวบ #ชุดเดรสน่ารัก #ชุดเดรสออกงาน
1731056403729189784,#เสื้อสายเดี่ยว #เสื้อสายเดี่ยวน่ารัก #เสื้อสายเดี่ยวแฟชั่น | #เสื้อกล้ามผู้หญิง #เสื้อกล้ามแฟชั่น #เสื้อกล้ามเกาหลี | #เสื้อครอปเข้ารูป #เสื้อครอปแฟชั่น #เสื้อครอปเกาหลี
1735924895101519639,#เสื้อยืดแขนสั้น #เสื้อเกาหลี #เสื้อลายจุด | #เสื้อผูกโบว์ #เสื้อเซ็กซี่ #เสื้อผู้หญิง | #เสื้อแฟชั่น #เสื้อซัมเมอร์ #เสื้อเข้ารูป
1733392446059414705,#ชุดเซตผู้หญิง #ชุดเซตหน้าหนาว #ชุดเซตแฟชั่น | #ชุดเซตแขนยาว #ชุดเซตขากระบอก #ชุดเซตราคาถูก | #ชุดเซตสวยๆ #ชุดเซตน่ารัก #ชุดเซตผู้หญิงเกาหลี
1731765614294174429,#เสื้อผ้าแขนกุด #เสื้อแขนกุดผู้หญิง #เสื้อกล้ามผู้หญิง | #เสื้อคอแขวน #เสื้อคล้องคอ #เสื้อคอเต่าแขนกุด | #เสื้อผ้าแฟชั่นผู้หญิง #เสื้อผ้าแฟชั่นเกาหลี #เสื้อผ้าสไตล์เกาหลี
1732910562794112846,#เสื้อกล้ามแขนกุด #เสื้อกล้ามผู้หญิง #เสื้อกล้ามแฟชั่น | #เสื้อแขนกุดผู้หญิง #เสื้อแขนกุดแฟชั่น #เสื้อแขนกุดสวยๆ | #เสื้อซิปหน้า #เสื้อแฟชั่นผู้หญิง #เสื้อผ้าผู้หญิง
1732135066161154444,#มินิเดรสไหมพรม #เดรสไหมพรม #ชุดเดรสไหมพรม | #มินิเดรสแขนสั้น #เดรสแขนสั้น #ชุดเดรสแขนสั้น | #มินิเดรสรัดรูป #เดรสรัดรูป #ชุดเดรสรัดรูป
1735486700819809547,#เสื้อผู้หญิง #เสื้อแขนกุด #เสื้อโปโล | #เสื้อแฟชั่น #เสื้อหน้าร้อน #เสื้อเข้ารูป | #เสื้อวินเทจ #เสื้อสไตล์เกาหลี #เสื้อเซ็กซี่
1735762574545028670,#เสื้อกั๊กผู้หญิง #เสื้อแขนกุด #เสื้อตาข่าย | #เสื้อแฟชั่นผู้หญิง #เสื้อผ้าผู้หญิง #เสื้อสไตล์เกาหลี | #เสื้อผ้าราคาถูก #เสื้อผ้าแฟชั่น #เสื้อย้อมสี
1730942827709762145,#BosdyJeans #กางเกงยีนส์ #กางเกงยีนส์ผู้หญิง | #กางเกงยีนส์คาร์โก้ #ยีนส์คาร์โก้ #กางเกงคาร์โก้ | #ยีนส์สีดำ #กางเกงยีนส์สีดำ #กางเกงยีนส์แฟชั่น
1732780730316720009,#เสื้อกล้ามแฟชั่น #เสื้อกล้ามผู้หญิง #เสื้อกล้ามเกาหลี | #เสื้อลายเสือดาว #เสื้อแฟชั่นเกาหลี #เสื้อผ้าสไตล์เกาหลี | #เสื้อแขนกุด #เสื้อผ้าแฟชั่น #เสื้อผ้าผู้หญิง
1735196540163490990,#เสื้อกล้ามผู้หญิง #เสื้อกล้ามสีดำ #เสื้อกล้ามแฟชั่น | #เสื้อกล้ามสไตล์จีน #เสื้อกล้ามลูกไม้ #เสื้อกล้ามแขนกุด | #เสื้อกล้ามเข้ารูป #เสื้อกล้ามสวยๆ #เสื้อกล้ามผู้หญิงแฟชั่น
1733831969648248308,#PlaidColorBlocked #ชุดเซ็ต2ชิ้น #เสื้อฮู้ดลายสก็อต | #เซ็ตเสื้อกางเกง #ชุดเซ็ตผู้หญิง #เสื้อผ้าสไตล์อเมริกัน | #ชุดเซ็ตแฟชั่น #เสื้อผ้าแฟชั่นผู้หญิง #ชุดเซ็ตน่ารัก
1736316035565717024,#เสื้อยืดสตรี #เสื้อแฟชั่นผู้หญิง #เสื้อแขนสั้น | #เสื้อสตรีทแฟชั่น #เสื้อเอวลอย #เสื้อลูกไม้ | #เสื้อใส่เที่ยว #เสื้อผ้าแฟชั่น #เสื้อครอปสตรี
1735253402053281251,#เสื้อเชิ้ตแขนสั้นผู้หญิง #เสื้อเชิ้ตลูกไม้ #เสื้อเชิ้ตสไตล์ฝรั่งเศส | #เสื้อเชิ้ตแขนสั้นแฟชั่น #เสื้อเชิ้ตผ้าบาง #เสื้อเชิ้ตใส่สบาย | #เสื้อเชิ้ตลายลูกไม้ #เสื้อเชิ้ตคอปก #เสื้อเชิ้ตผู้หญิงแฟชั่น
1735934398611425003,#เสื้อสายเดี่ยวผู้หญิง #เสื้อสายเดี่ยว #เสื้อแฟชั่นผู้หญิง | #เสื้อสายเดี่ยวฤดูร้อน #เสื้อใส่ข้างนอก #เสื้อหลังเปิด | #เสื้อสไตล์สาวฮอต #เสื้อทรงกระชับ #เสื้อไร้แขน
1734533900509283505,#ชุดเซ็ตเสื้อผ้าแฟชั่น #ชุดเซ็ตผู้หญิง #ชุดเซ็ตน่ารัก | #ชุดเซ็ตเกาหลี #ชุดเซ็ตสวยๆ #ชุดเซ็ตแฟชั่น | #ชุดเซ็ตราคาถูก #ชุดเซ็ตออกงาน #ชุดเซ็ตคุณหนู
1734602577917740778,#เสื้อผ้าMangoLady #เสื้อผ้าเปิดหลัง #เสื้อผ้าแฟชั่น | #เสื้อผ้าผู้หญิง #เสื้อผ้าเกาหลี #เสื้อผ้าสวยๆ | #เสื้อผ้าปาร์ตี้ #เสื้อผ้าเซ็กซี่ #เสื้อผ้าออกเดท
1734760756653557252,#เสื้อยืดแขนยาว #เสื้อแขนยาวผู้หญิง #เสื้อคอวี | #เสื้อแขนยาวแฟชั่น #เสื้อพรีเมียม #เสื้อประดับเพชร | #เสื้อแขนยาวสวยๆ #เสื้อแฟชั่นเกาหลี #เสื้อกันหนาวแฟชั่น
1733196798793647782,#ทีชแขนยาวสำหรับหญิง #เสื้อแขนยาวผู้หญิง #แฟชั่นหน้าหนาว | #ทีชแขนยาวแฟชั่น #เสื้อแฟชั่นเกาหลี #เสื้อเปิดไหล่สวยๆ | #ทีชแขนยาวเกาหลี #เสื้อแฟชั่นผู้หญิง #เสื้อผ้าแฟชั่นหญิง
1731791633203496995,#เสื้อปาดไหล่ #เสื้อแขนยาว #เสื้อเซ็กซี่ | #เสื้อปาดไหล่แขนยาว #เสื้อแฟชั่น #เสื้อเซ็กซี่แซ่บๆ | #เสื้อปาดไหล่แฟชั่น #เสื้อหรู #เสื้อออกเดท
1736477278584538378,#2เซ็ทโพกาดอท #ชุดเซ็ทแฟชั่น #ชุดเซ็ทน่ารัก | #2เซ็ทเสื้อกางเกง #ชุดเซ็ทผู้หญิง #ชุดเซ็ทลายจุด | #2เซ็ทพร้อมส่ง #ชุดไปคาเฟ่ #ชุดเซ็ทสวยๆ
1733281147473659720,#เดรสผู้หญิง #เดรสแฟชั่น #เดรสสวยๆ | #เดรสเข้ารูป #เดรสแขนยาว #เดรสเปิดไหล่ | #ชุดเดรสผู้หญิง #ชุดเดรสแฟชั่น #ชุดเดรสสวยๆ
1732625349807212360,#เสื้อสายเดี่ยวสีเหลือง #เสื้อสายเดี่ยวแฟชั่น #เสื้อสายเดี่ยวเกาหลี | #เสื้อซีฟองเซ็กซี่ #เสื้อซีฟองเกาหลี #เสื้อซีฟองแฟชั่น | #เสื้อเข้ารูปเซ็กซี่ #เสื้อแขนกุดเกาหลี #เสื้อแฟชั่นเกาหลี
1731702933381941129,#เสื้อเปิดไหล่ #เสื้อแฟชั่นเกาหลี #เสื้อแขนสั้น | #เสื้อเรียบหรู #เสื้อปาดไหล่ #เสื้อสีพื้น | #เสื้อสไตล์เกาหลี #เสื้อผ้าแฟชั่น #เสื้อแฟชั่นผู้หญิง
1736554743749248942,#ชุดเซตผู้หญิง #เสื้อสายเดี่ยวคล้องคอ #กางเกงขายาวแฟชั่น | #ชุดเซตแฟชั่น #ชุดออกงานผู้หญิง #ชุดไปเที่ยวหรูๆ | #ชุดเซטสวยๆ #เสื้อผ้าแฟชั่นผู้หญิง #ชุดเซตเกาหลี
1736195404086609739,#เสื้อเชิ้ตสายเดี่ยว #เสื้อสายเดี่ยวสองชั้น #เสื้อผ้าแฟชั่นผู้หญิง | #เสื้อเซ็กซี่ #เสื้อสายเดี่ยวแฟชั่น #เสื้อผ้าใส่เที่ยว | #เสื้อสายเดี่ยวน่ารัก #เสื้อแฟชั่นเกาหลี #เสื้อสายเดี่ยวเสริมฟองน้ำ
1730281319885081150,#ชุดนอนไม่ได้นอน #ชุดนอนเซ็กซี่ #ชุดนอนผู้หญิง | #ชุดนอนกระโปรง #ชุดเดรสตัวหนอน #ชุดนอนลูกไม้ | #บราลูกไม้ #ชุดนอนแฟชั่น #ชุดนอนน่ารัก
1733674991191099283,#เสื้อยืดลำลองผู้หญิง #เสื้อยืดผู้หญิง #เสื้อยืดรัดรูป | #เสื้อรัดรูปแขนยาว #เสื้อแขนยาวผู้หญิง #เสื้อเซ็กซี่ | #เสื้อสไตล์อเมริกัน #เสื้อคอกลมแขนยาว #เสื้อแฟชั่นผู้หญิง
1732182271526471608,#เสื้อเชิ้ตแขนพัฟ #เสื้อเชิ้ตสีขาว #เสื้อเชิ้ตผู้หญิง | #เสื้อครอปคอปก #เสื้อแขนยาวแฟชั่น #เสื้อเอวสูง | #เสื้อเชิ้ตทำงาน #เสื้อแฟชั่นเกาหลี #เสื้อสวยๆ
1733983980448875947,#ชุดเซ็ต3ชิ้น #ชุดเซ็ตผู้หญิง #ชุดเซ็ตแฟชั่น | #เสื้อคอวี #เสื้อแขนยาว #เสื้อสีน้ำตาล | #กระโปรงทรงเอ #กระโปรงยาว #ชุดวินเทจ
1733483723875321267,#Hoodieไซส์ใหญ่ #เสื้อฮู้ดไซส์ใหญ่ #ฮู้ดไซส์ใหญ่ | #เสื้อฮู้ดแฟชั่น #เสื้อฮู้ดสกรีน #เสื้อฮู้ดกันหนาว | #เสื้อกันหนาวฮู้ด #เสื้อแขนยาวมีฮู้ด #ฮู้ดแขนยาว
1730878336904038751,#เสื้อโปโลแขนยาว #เสื้อโปโลชาย #เสื้อโปโลหญิง | #เสื้อโปโลสไตล์เรโทร #เสื้อโปโลทรงหลวม #เสื้อโปโลโอเวอร์ไซส์ | #เสื้อโปโลวินเทจ #เสื้อโปโลแฟชั่น #เสื้อโปโลยูนิเซ็กส์
1731256853853014746,#เสื้อกล้ามผู้หญิง #เสื้อกล้ามคอเหลี่ยม #เสื้อกล้ามเบสิก | #เสื้อกล้ามแฟชั่น #เสื้อกล้ามสีพื้น #เสื้อกล้ามผ้านิ่ม | #เสื้อกล้ามยืดได้ #เสื้อกล้ามใส่สบาย #เสื้อกล้ามพร้อมส่ง
1735146263148725534,#เสื้อOOTD #เสื้อสายฝอ #เสื้อแฟชั่น | #เสื้อแขนกุด #เสื้อกั๊กผู้หญิง #เสื้อสลิมฟิต | #เสื้อกล้ามมีบรา #เสื้อผ้าผู้หญิง #เสื้อแฟชั่นเกาหลี
1734111888076342713,#เสื้อโปโลแขนยาวผู้หญิง #เสื้อโปโลผู้หญิง #เสื้อโปโลแฟชั่น | #เสื้อแขนยาวผู้หญิง #เสื้อโปโลแขนยาว #เสื้อแขนยาวแฟชั่น | #เสื้อทรงเข้ารูป #เสื้อปักลาย #เสื้อMOCACA
1733393872682911269,#เสื้อยืดแขนสั้น #เสื้อยืดผู้หญิง #เสื้อยืดแฟชั่น | #เสื้อรัดรูป #เสื้อเปิดไหล่ #เสื้อเอวสูง | #เสื้อคอกลม #เสื้อสีพื้น #เสื้อผ้าแฟชั่น
1733636827411350572,#เสื้อผ้าผู้หญิง #เสื้อผ้าแฟชั่น #เสื้อผ้าเกาหลี | #เสื้อแขนยาว #เสื้อคอวี #เสื้อแฟชั่นผู้หญิง | #เสื้อผ้าสไตล์เกาหลี #เสื้อผู้หญิง #เสื้อผ้าสวยๆ
1735730196282312218,#เสื้อแขนกุด #เสื้อลูกไม้ #เสื้อผูกโบว์ | #เสื้อผ้าแฟชั่น #เสื้อผู้หญิง #เสื้อแฟชั่นเกาหลี | #เสื้อน่ารัก #เสื้อใส่เที่ยว #เสื้อสายเดี่ยวแฟชั่น
1734426875851015427,#กางเกงยีนส์ #กางเกงยีนส์ขายาว #กางเกงยีนส์ขากระบอก | #กางเกงยีนส์Y2K #กางเกงยีนส์วินเทจ #กางเกงยีนส์เอวสูง | #กางเกงยีนส์ผู้หญิง #กางเกงยีนส์ทรงloose #กางเกงยีนส์รีโทร
1733476503775905690,#กางเกงยีนส์สีฟ้าอ่อน #กางเกงยีนส์ผู้หญิง #กางเกงยีนส์แฟชั่น | #กางเกงยีนส์ขากว้าง #กางเกงยีนส์ทรงหลวม #กางเกงยีนส์เอวสูง | #กางเกงยีนส์เกาหลี #กางเกงยีนส์สวยๆ #กางเกงยีนส์2025
1734470748532999595,#ชุดเซ็ต2ชิ้น #ชุดเซ็ตเกาหลี #ชุดเซ็ตแฟชั่น | #ชุดไปคาเฟ่ #ชุดเที่ยวคาเฟ่ #ชุดไปเที่ยว | #ชุดเซ็ตสีเขียว #ชุดกระโปรงยาว #ชุดเซ็ตน่ารัก
1734086618263684645,#เสื้อยืดแขนยาว #เสื้อแขนยาวผู้หญิง #เสื้อคอวี | #เสื้อผ้าแฟชั่น #เสื้อผ้าผู้หญิง #เสื้อแฟชั่นเกาหลี | #เสื้อฤดูใบไม้ร่วง #เสื้อยืดผู้หญิง #เสื้อผ้าสไตล์เกาหลี
1732297757839295915,#เสื้อยืดแขนยาว #เสื้อผ้าแฟชั่น #เสื้อผู้หญิง | #เสื้อแขนยาวผู้หญิง #เสื้อแฟชั่นเกาหลี #เสื้อสวยๆ | #เสื้อผ้าร่อง #เสื้อไปคาเฟ่ #เสื้อแขนยาวแฟชั่น
1733730692768760968,#ตุ๊กตาสีดำ #เสื้อผู้หญิง #เสื้อแขนยาว | #เสื้อกันหนาว #เสื้อลูกไม้ #เสื้อแฟชั่น | #เสื้อผ้าแฟชั่น #เสื้อฤดูหนาว #เสื้อผ้าผู้หญิง
1735849354470459138,#เสื้อลูกไม้ผู้หญิง #เสื้อลูกไม้แฟชั่น #เสื้อลูกไม้สวยๆ | #เสื้อลูกไม้สีขาว #เสื้อตาข่ายคอสูง #เสื้อลูกไม้แขนยาว | #เสื้อลูกไม้ออกงาน #เสื้อลูกไม้เกาหลี #เสื้อลูกไม้น่ารัก
1729817365821098915,#เสื้อยืดคอเต่า #เสื้อยืดผู้หญิง #เสื้อยืดสลิมฟิต | #เสื้อคอเต่าครึ่งตัว #เสื้อคอเต่าแฟชั่น #เสื้อคอเต่าลูกไม้ | #เสื้อถักผู้หญิง #เสื้อกันหนาวแฟชั่น #เสื้อแขนยาวผู้หญิง
1733921290836477355,#ชุดเซ็ต2ชิ้น #ชุดเซ็ตหรูหรา #ชุดเซ็ตออกงาน | #ชุดเซ็ตผู้หญิง #ชุดตรุษจีนหญิง #ชุดสีงาช้าง | #ชุดเซ็ตแฟชั่น #ชุดทำงานผู้หญิง #ชุดไปเที่ยวหรูๆ
1735586200104568455,#ชุดเซตออกงาน #ชุดเซตแฟชั่น #ชุดเซตผู้หญิง | #ชุดเซตวูลเวฟ #ชุดเซตหรูหรา #ชุดเซตทำงาน | #ชุดเซตออกงานผู้หญิง #ชุดเซตสวยๆ #ชุดเซตราคาถูก
1733217175749625259,#ชุดเซ็ต2ชิ้น #ชุดเซ็ตแฟชั่น #ชุดเซ็ตผู้หญิง | #ชุดเซ็ตทำงาน #ชุดเซ็ตหรูหรา #ชุดเซ็ตออกงาน | #ชุดเซ็ตเกาหลี #ชุดเซ็ตน่ารัก #ชุดเซ็ตสวยๆ
1734379248200877483,#เซ็ต3ชิ้น #ชุดเซ็ตแฟชั่น #เซ็ตเสื้อกางเกง | #ชุดออกเดท #ลุคคุณหนู #ชุดไปคาเฟ่ | #เสื้อผ้าแฟชั่น #เซ็ตเสื้อผ้า #ชุดเซ็ตน่ารัก
1731377642208003499,#แม็กซี่เดรสสีชมพู #แม็กซี่เดรสสายเดี่ยว #แม็กซี่เดรสลูกไม้ | #แม็กซี่เดรสหางปลา #แม็กซี่เดรสซีทรู #แม็กซี่เดรสไปทะเล | #แม็กซี่เดรสพรางหุ่น #แม็กซี่เดรสออกงาน #แม็กซี่เดรสแฟชั่น
1731480255938529378,#ชุดสูทสไตล์เกาหลี #ชุดสูทเรียบหรู #ชุดสูทแฟชั่น | #ชุดสูทผู้หญิง #ชุดสูททำงาน #ชุดสูทสวยๆ | #ชุดสูทออกงาน #ชุดสูทพรีเมียม #ชุดสูทน่ารัก
1733733522756699563,#เสื้อครอปแขนยาว #เสื้อครอปสีครีม #เสื้อครอปไหมพรม | #เสื้อแขนยาวสีครีม #เสื้อแขนยาวผ้าร่อง #เสื้อไหมพรมแขนยาว | #เสื้อไปคาเฟ่ #เสื้อกันหนาวแฟชั่น #เสื้อแฟชั่นเกาหลี
1732167914088204755,#เสื้อถักแขนกุด #เสื้อแขนกุดสลิม #เสื้อถักแฟชั่น | #เสื้อถักฤดูร้อน #เสื้อแขนกุดเกาหลี #เสื้อถักผู้หญิง | #เสื้อผ้าแฟชั่นผู้หญิง #เสื้อใส่เที่ยว #เสื้อผ้าหน้าร้อน
1731680637031910024,#ชุดเดินทาง #ชุดโบฮีเมียน #ชุดสามชิ้น | #ชุดเด็กผู้หญิง #ชุดไปเที่ยวทะเล #ชุดแฟชั่น2025 | #ชุดกระโปรงยาว #ชุดเซ็ตน่ารัก #ชุดออกกําลังกาย
1733272686789100971,#มินิเดรส #มินิเดรสแขนกระดิ่ง #ชุดไปคาเฟ่ | #เดรสเซ็ต2ชิ้น #ชุดเดรสสั้น #มินิเดรสแฟชั่น | #เดรสผูกคล้องคอ #มินิเดรสเกาหลี #ชุดเดรสแฟชั่น
1731767403379197295,#เดรสเชิ้ต #เดรสเกาหลี #เดรสไซส์ใหญ่ | #ชุดเดรสแฟชั่น #เดรสโอเวอร์ไซซ์ #เดรสพลัสไซซ์ | #เสื้อผ้าสาวอวบ #เดรสลูกไม้ #เดรสแต่งระบาย
1732344184631887465,#เซ็ตเสื้อและกางเกง #ชุดเซ็ตเกาหลี #เซ็ตเสื้อกางเกง | #ชุดไปคาเฟ่ #ชุดแฟชั่นผู้หญิง #เสื้อผ้าเกาหลี | #ชุดเซ็ตน่ารัก #ชุดเซ็ตแฟชั่น #เสื้อผ้าแฟชั่นผู้หญิง
1732616290279065144,#ชุดเซตแฟชั่นสตรี #ชุดเซตเสื้อฮู้ด #ชุดเซตสตรีทสไตล์ | #ชุดเซตสปอร์ต #เสื้อฮู้ดซิป #กางเกงขากว้าง | #แฟชั่นสตรีสองชิ้น #ชุดเซตผู้หญิง #ชุดเซตเกาหลี
1731673106121787437,#เดรสแขนกุด #เดรสแฟชั่น #เดรสผู้หญิง | #เดรสฤดูร้อน #เดรสสไตล์เรโทร #เดรสลูกไม้ | #เดรสสายเดี่ยว #เดรสสวยๆ #เดรสน่ารัก
1732890752358320009,#Aimilia #เสื้อแขนยาว #เสื้อผ้าแฟชั่น | #เสื้อลูกไม้ #เสื้อซีทรู #เสื้อเกาหลี | #เสื้อผู้หญิง #เสื้อแฟชั่นเกาหลี #เสื้อแขนยาวผู้หญิง
1731040759076587618,#เดรสลายดอกไม้ #เดรสผู้หญิง #เดรสแฟชั่น | #เดรสไปทะเล #เดรสหน้าร้อน #เดรสสาวอวบ | #ชุดเดรส #เดรสสวยๆ #เดรสเกาหลี
1733236969110144799,#เดรสลายทาง #เดรสคอวี #เดรสผูกสาย | #เดรสฝรั่งเศส #เดรสแฟชั่น #ชุดเดรสทำงาน | #ชุดเดรสสวยๆ #เดรสผู้หญิง #ชุดเดรสแฟชั่น
1731546759657522253,#เสื้อเชิ้ตลูกไม้ #เสื้อเชิ้ตผู้หญิง #เสื้อผ้าแฟชั่น | #กระโปรงลายสก๊อต #กระโปรงแฟชั่น #กระโปรงยาว | #ชุดทูพีซ #ชุดเซ็ตแฟชั่น #ชุดเซ็ตผู้หญิง
1732749518327940234,#เสื้อเกาะอก #เสื้อเกาะอกสีพื้น #เสื้อเกาะอกตัวยาว | #เสื้อเกาะอกแฟชั่น #เกาะอกแฟชั่น #เกาะอกเรียบหรู | #เกาะอกดูแพง #เกาะอกหน้าร้อน #เสื้อแฟชั่นฤดูร้อน
1733138070406923574,#ชุดแฟชั่นขี้เกียจ #ชุดเซ็ตผู้หญิง #ชุดแฟชั่นผู้หญิง | #ชุดกันหนาวผู้หญิง #ชุดฮู้ดผู้หญิง #ชุดกางเกงขากว้าง | #ชุดเซ็ตฤดูหนาว #ชุดแฟชั่นเกาหลี #ชุดลำลองผู้หญิง
1731349052015020113,#PLOYPASTUDIO #AirportLookSet #ชุดเซ็ตแฟชั่น | #ชุดไปสนามบิน #ชุดเซ็ตเกาหลี #ชุดแอร์포트룩 | #ชุดเซ็ตผู้หญิง #เสื้อผ้าเกาหลี #ชุดเซ็ตน่ารัก
1729855226009586436,#ชุดคริสต์มาส #ชุดเสื้อกันหนาว #ชุดคริสต์มาสผู้หญิง | #ชุดสลิงกระชับสัดส่วน #ชุดสูทสองชิ้น #แฟชั่นหน้าหนาว | #ชุดแฟชั่นผู้หญิง #ชุดเซ็ตสีแดง #เสื้อกันหนาวคริสต์มาส
1730601195129243726,#เสื้อกั๊กเปิดไหล่ #เสื้อกั๊กผู้หญิง #เสื้อกั๊กแฟชั่น | #ชุดเซ็ตผู้หญิง #ชุดเซ็ตแฟชั่น #ชุดเซ็ตฤดูร้อน | #ชุดเซ็ตทำงาน #เสื้อกั๊กสวยๆ #ชุดเซ็ตเกาหลี
1736549864959870733,#ชุดเซ็ท2ชิ้น #ชุดเซ็ทเสื้อกางเกง #ชุดเซ็ทแฟชั่น | #เสื้อแขนสั้น #กางเกงขายาว #ชุดเซ็ทผู้หญิง | #ชุดเซ็ทรال #ชุดแฟชั่นผู้หญิง #เสื้อผ้าแฟชั่น
1736592888885249805,#ชุดเซ็ท2ชิ้น #ชุดเซ็ทแฟชั่น #ชุดเซ็ทผู้หญิง | #เสื้อคอวี #เสื้อผ้าแฟชั่น #เสื้อแฟชั่นผู้หญิง | #กางเกงขายาว #กางเกงแฟชั่น #ชุดเซ็ทNYK80
1734708386458535089,#ชุดจั๊มพ์เปิดหลัง #ชุดจั๊มพ์แขนกุด #ชุดจั๊มพ์ขาสั้น | #ชุดจั๊มพ์ผู้หญิง #ชุดจั๊มพ์แฟชั่น #ชุดจั๊มพ์น่ารัก | #ชุดจั๊มพ์ใส่สบาย #ชุดจั๊มพ์สวยๆ #ชุดจั๊มพ์ราคาถูก
1730777016034036020,#ชุดนอนเซ็กซี่ #ชุดนอนผู้หญิง #ชุดนอนลายดอก | #ชุดนอนซัมเมอร์ #ชุดนอนขาสั้น #ชุดนอนสายเดี่ยว | #ชุดนอนแฟชั่น #ชุดนอนน่ารัก #ชุดนอนราคาถูก
1734369981449209368,#เสื้อเชิ้ตแขนสั้น #เสื้อฮาวายผู้ชาย #เสื้อเชิ้ตผู้ชาย | #เสื้อสงกรานต์ #เสื้อไปทะเล #เสื้อฮาวายชาย | #เสื้อผ้าผู้ชาย #เสื้อเชิ้ตแฟชั่น #เสื้อฮาวายไซส์ใหญ่
1735597216510346776,#เสื้อโปโลชาย #เสื้อโปโลผู้ชาย #เสื้อโปโลแฟชั่น | #เสื้อโปโลแขนสั้น #เสื้อโปโลทํางาน #เสื้อโปโลสีพื้น | #เสื้อโปโลราคาถูก #เสื้อโปโลสวยๆ #เสื้อโปโลราคาส่ง
1735611264588940824,#เสื้อเชิ้ต #เสื้อเชิ้ตขาว #เสื้อเชิ้ตผู้ชาย | #เสื้อเชิ้ตแขนสั้น #เสื้อเชิ้ตเกาหลี #เสื้อเชิ้ตทรงหลวม | #เสื้อเชิ้ตแฟชั่น #เสื้อเชิ้ตใส่ทำงาน #เสื้อเชิ้ตโอเวอร์사이즈
1729692535612082945,#ชุดเดรสสายเดี่ยว #ชุดเดรสผู้หญิง #เดรสแฟชั่น | #เดรสสายเดี่ยวแฟชั่น #เดรสสาวอวบ #เดรสใส่คลุมท้อง | #ชุดเดรสเกาหลี #เดรสลายพิมพ์ #เสื้อผ้าผู้หญิง
1736260701817505691,#babytee #เสื้อbabytee #เสื้อยืดสีดำ | #เสื้อลายแมว #เสื้อผ้าแฟชั่นผู้หญิง #เสื้อสตรีทแฟชั่น | #เสื้อรัดรูป #เสื้อผ้าราคาถูก #เสื้อสไตล์เกาหลี
1730736100658415950,#กางเกงโยคะ #กางเกงโยคะหญิง #กางเกงโยคะเอวสูง | #กางเกงเลกกิ้ง #เลกกิ้งโยคะ #เลกกิ้งออกกำลังกาย | #กางเกงออกกำลังกาย #ชุดออกกำลังกายหญิง #กางเกงแฟชั่นผู้หญิง
1735811798553364253,#เสื้อยืด #เสื้อยืดวินเทจ #เสื้อยืดผู้หญิง | #เสื้อแฟชั่น #เสื้อแขนสั้น #เสื้อลายแมว | #เสื้อผ้าน่ารัก #เสื้อวินเทจ #เสื้อผ้าแฟชั่น
1731376913137173838,#กระโปรงสั้น #กระโปรงเอวสูง #กระโปรงผู้หญิง | #กระโปรงทรงเอ #กระโปรงโยคะ #กระโปรงกีฬา | #กระโปรงสลิมฟิต #กระโปรงพลีท #กระโปรงมีกระเป๋า
1730399989842676046,#กางเกงปั่นจักรยานฤดูร้อน #กางเกงปั่นจักรยานผู้หญิง #กางเกงปั่นจักรยานไซส์ใหญ่ | #กางเกงฉลาม #กางเกงฉลามเก็บพุง #กางเกงฉลามแฟชั่น | #กางเกงโยคะ #กางเกงโยคะขาสั้น #กางเกงออกกำลังกายผู้หญิง
1731187430843189863,#เสื้อยืดผู้หญิง #เสื้อครอปแฟชั่น #เสื้อแขนสั้น | #เสื้อยืดคอกลม #เสื้อผ้าแฟชั่นผู้หญิง #เสื้อครอปเกาหลี | #เสื้อยืดฤดูร้อน #เสื้อผ้าผู้หญิง #เสื้อครอปสตรีท
1730736143766489422,#กางเกงโยคะ #กางเกงโยคะไซส์ใหญ่ #กางเกงโยคะคนอ้วน | #กางเกงโยคะเอวสูง #กางเกงโยคะกระเป๋า #กางเกงโยคะแฟชั่น | #กางเกงโยคะคนอวบ #กางเกงโยคะสาวอวบ #กางเกงโยคะไซส์พิเศษ
1732222821226350926,#กางเกงโยคะ #กางเกงพิลาทิส #กางเกงออกกำลังกาย | #กางเกงกระโปรงโยคะ #กางเกงเลกกิ้งกระโปรง #กางเกงวิ่งมีกระโปรง | #กางเกงโยคะไซส์ใหญ่ #กางเกงออกกำลังกายคนอ้วน #กางเกงโยคะเอวสูง
1735513342070130226,#เสื้อกล้ามผู้หญิง #เสื้อแขนกุดแฟชั่น #เสื้อซัมเมอร์ | #เสื้อยืดผู้หญิง #เสื้อแฟชั่นเกาหลี #เสื้อผ้าหน้าร้อน | #เสื้อผ้าร่อง #เสื้อทำงานผู้หญิง #เสื้อใส่สบาย
1734835292214691150,#YogaShortSkirt #กระโปรงโยคะ #กางเกงกระโปรงโยคะ | #กระโปรงออกกำลังกาย #กระโปรงเทนนิส #ชุดออกกำลังกายผู้หญิง | #กระโปรงวิ่ง #กางเกงกระโปรงวิ่ง #กระโปรงสั้นออกกำลังกาย
1736017656426039195,#babytee #เสื้อbabytee #เสื้อครอปแฟชั่น | #เสื้อยืดรัดรูป #เสื้อสีชมพู #เสื้อแฟชั่นผู้หญิง | #เสื้อลายแมว #เสื้อผ้าแฟชั่น #เสื้อผู้หญิงน่ารัก
1736428457329395234,#เสื้อยืด #เสื้อยืดผู้หญิง #เสื้อแขนสั้น | #เสื้อแฟชั่น #เสื้อผ้าแฟชั่น #เสื้อผ้าสไตล์ins | #เสื้อผ้าฝ้าย #เสื้อทรงหลวม #เสื้อใส่สบาย
1733105244769584418,#Chicolaชุดปลอมสองชิ้น #Chicolaผ้าคอตตอน #Chicolaแฟชั่น | #ชุดปลอมสองชิ้นเกาหลี #ชุดปลอมสองชิ้นสวยๆ #ชุดปลอมสองชิ้นราคาถูก | #เสื้อผ้าคอตตอนพรีเมียม #เสื้อคอรูปตัวU #เสื้อแฟชั่นChicola
1736273642572121740,#เสื้อยืดเกาหลี #เสื้อยืดผู้หญิง #เสื้อแฟชั่น | #เสื้อสไตล์เกาหลี #เสื้อแขนกว้าง #เสื้อเปิดไหล่ | #เสื้อสาวแซ่บ #เสื้อเข้ารูป #เสื้อผ้าราชถูก
1736383235766192033,#เสื้อครอปแฟชั่น #เสื้อครอปเกาหลี #เสื้อครอปผู้หญิง | #เสื้อครอปน่ารัก #เสื้อครอปสไตล์เกาหลี #เสื้อครอปเซ็กซี่ | #เสื้อครอปราคาถูก #เสื้อครอปสวยๆ #เสื้อครอปฮิต
1736665237439154081,#กางเกงขายาว #กางเกงผู้หญิง #กางเกงเอวสูง | #กางเกงขากว้าง #กางเกงผ้าไอซ์ซิลค์ #กางเกงทรงLounge | #กางเกงแฟชั่น #กางเกงทำงาน #กางเกงลำลอง
1731323692185193044,#ชุดชั้นในแฟชั่น #เสื้อซับในสายเดี่ยว #สายเดี่ยวครึ่งตัว | #สปอร์ตบรา #เสื้อผ้าออกกำลังกาย #บราแฟชั่น | #เสื้อแฟชั่นผู้หญิง #เสื้อสายเดี่ยวแฟชั่น #เสื้อครอปสายเดี่ยว
1731528756715817419,#เสื้อยืด #เสื้อยืดผู้หญิง #เสื้อแขนสั้น | #เสื้อลายการ์ตูน #เสื้อครอป #เสื้อเอวลอย | #เสื้อผ้าแฟชั่น #เสื้อแฟชั่นเกาหลี #เสื้อผ้าผู้หญิง
1731835597952878027,#เสื้อยืดสไตล์เกาหลี #เสื้อยืดแฟชั่น #เสื้อยืดวินเทจ | #เสื้อยืดครอป #เสื้อเอวลอย #เสื้อยืดผู้หญิง | #เสื้อผ้าแฟชั่นผู้หญิง #เสื้อสไตล์อเมริกัน #เสื้อผ้าเกาหลี
1731728217618942961,#กางเกงคาร์โก้ผู้ชาย #กางเกงคาร์โก้ #กางเกงผู้ชาย | #กางเกงทรงหลวม #กางเกงทรงตรง #กางเกงแฟชั่นชาย | #กางเกงสไตล์เกาหลี #กางเกงทรงลุง #กางเกงวินเทจ
1734465569159743026,#เสื้อยืดแขนกุด #เสื้อยืดผู้หญิง #เสื้อผ้าแฟชั่น | #เสื้อซัมเมอร์ #เสื้อใส่สบาย #เสื้อแฟชั่นเกาหลี | #เสื้อแขนกุดแฟชั่น #เสื้อยืดน่ารัก #เสื้อผ้าซัมเมอร์
1735425417669609457,#กางเกงยีนส์ทรงบาเรล #กางเกงยีนส์ชาย #กางเกงยีนส์หญิง | #กางเกงยีนส์เอวสูง #กางเกงยีนส์แฟชั่น #กางเกงยีนส์Y2K | #กางเกงยีนส์ขายาว #กางเกงยีนส์เท่ๆ #กางเกงยีนส์สตรีท
1731885638271797268,#เสื้อครอปเกาหลี #เสื้อครอปY2K #เสื้อครอปแฟชั่น | #เสื้อสายเดี่ยวเกาหลี #เสื้อสายเดี่ยวY2K #เสื้อสายเดี่ยวแฟชั่น | #เสื้อแนวเกาหลี #เสื้อแนวY2K #เสื้อแนวสายฝอ
1735718140286764302,#เสื้อยืดผู้หญิง #เสื้อสไตล์เกาหลี #เสื้อแขนสั้น | #เสื้อแฟชั่น #เสื้อผ้าแฟชั่น #เสื้อครอป | #เสื้อผ้าผู้หญิง #เสื้อผ้าเกาหลี #เสื้อผู้หญิง
1732119127893052401,#กางเกงยีนส์ทรงกระบอก #กางเกงยีนส์ผู้ชาย #กางเกงยีนส์แฟชั่น | #กางเกงยีนส์แต่งขาด #กางเกงยีนส์วินเทจ #กางเกงยีนส์สตรีท | #กางเกงยีนส์ขายาว #กางเกงยีนส์เท่ๆ #กางเกงยีนส์ยอดฮิต
1729721656226188033,#Henderley #เสื้อเชิ้ตผู้ชาย #เสื้อเชิ้ตแขนสั้น | #เสื้อโอเวอร์사이즈 #เสื้อเกาหลี #เสื้อผู้ชายแฟชั่น | #เสื้อเชิ้ต #เสื้อทรงใหญ่ #เสื้อผ้าผู้ชาย
1732721514778101641,#เสื้อเกาะอก #เกาะอกแฟชั่น #เกาะอกเสริมฟองน้ำ | #เสื้อเกาะอกโบว์ #เกาะอกน่ารัก #เสื้อไปทะเล | #เสื้อเกาะอกเกาหลี #เกาะอกผ้านิ่ม #เสื้อแฟชั่นเกาหลี
1736542604612110321,#MuddyBarrelJeans #กางเกงยีนส์ทรงบาเรล #กางเกงยีนส์ผู้ชาย | #กางเกงยีนส์ผู้หญิง #กางเกงยีนส์เอวสูง #กางเกงยีนส์สตรีท | #กางเกงยีนส์แฟชั่น #กางเกงยีนส์Y2K #กางเกงยีนส์วินเทจ
1735409937295247345,#MuddyBarrelJeans #กางเกงยีนส์ทรงบาร์เรล #กางเกงยีนส์เอวสูง | #กางเกงยีนส์ผู้ชาย #กางเกงยีนส์ผู้หญิง #กางเกงยีนส์แฟชั่น | #กางเกงยีนส์ขายดี #กางเกงยีนส์สวยๆ #กางเกงยีนส์เกาหลี
1735003850379790052,#ชุดคู่แฟชั่น #ชุดเซ็ตผู้หญิง #เสื้อผ้าแฟชั่น | #ชุดเซ็ต2ชิ้น #ชุดเซ็ตเกาหลี #ชุดเซ็ตน่ารัก | #ชุดคู่เซ็ต #ชุดเซ็ตเซ็กซี่ #ชุดเซ็ตราคาถูก
1733268030188586376,#เสื้อทีเซ็ต #เสื้อเกาหลี #เสื้อลายขีด | #เสื้อแขนครึ่ง #เสื้อแฟชั่นหญิง #เสื้อรุ่นฮิต | #เสื้อซัมเมอร์ #เสื้อคอกลม #เสื้อใส่สบาย
1732698420927694220,#เสื้อเกาะอก #เสื้อเกาะอกแฟชั่น #เกาะอกเสริมฟองน้ำ | #เสื้อเกาะอกโบว์ #เสื้อเกาะอกเกาหลี #เกาะอกน่ารัก | #เสื้อเกาะอกผู้หญิง #เสื้อแฟชั่นเกาหลี #เกาะอกแฟชั่น
1736200025151932092,#เสื้อยืดผู้หญิง #เสื้อแขนเดียว #เสื้อแฟชั่นเกาหลี | #เสื้อเซ็กซี่ #เสื้อลำลอง #เสื้อผ้าราคาถูก | #เสื้อสวยๆ #เสื้อผู้หญิง #เสื้อสไตล์เกาหลี
1736771097068340982,#เสื้อซาติน #เสื้อคล้องคอ #เสื้อซาตินแฟชั่น | #เสื้อออกงาน #เสื้อใส่เที่ยว #เสื้อสายเดี่ยวแฟชั่น | #เสื้อแฟชั่นเกาหลี #เสื้อสายซาติน #เสื้อโชว์หลัง
1734186243718087950,#เสื้อเชิ้ตผู้หญิง #เสื้อเชิ้ตแขนยาว #เสื้อเชิ้ตแฟชั่น | #เสื้อเชิ้ตผู้หญิงเกาหลี #เสื้อเชิ้ตสวยๆ #เสื้อเชิ้ตทำงาน | #เสื้อเชิ้ตผู้หญิงแฟชั่น #เสื้อเชิ้ตทรงสวย #เสื้อเชิ้ตหรูหรา
1736145541781030748,#ชุดเซ็ต #ชุดเซ็ตผู้หญิง #ชุดเซ็ตแฟชั่น | #ชุดเซ็ตลายจุด #ชุดเซ็ตสายเดี่ยว #ชุดเซ็ตกางเกงขาบาน | #ชุดเซ็ตฤดูร้อน #ชุดเซ็ตน่ารัก #ชุดเซ็ตราคาถูก
1734158542777124860,#ชุดนอนลูกไม้ #ชุดนอนผู้หญิง #ชุดนอนเกาหลี | #ชุดนอนเซ็กซี่ #ชุดนอนไซส์ใหญ่ #ชุดนอนแฟชั่น | #ชุดนอนน่ารัก #ชุดเดรสสลิป #ชุดนอนสไตล์วัง
1735451440034710955,#ชุดเซ็ต2ชิ้น #ชุดเซ็ตเกาหลี #ชุดเซ็ตแฟชั่น | #ชุดไปทะเล #ชุดเซ็ตน่ารัก #ชุดเซ็ตผู้หญิง | #ชุดเซ็ตเสื้อกระโปรง #ชุดเซ็ตราคาถูก #ชุดเซ็ตสวยๆ
1736385106624742667,#MATCHMEเสื้อผู้หญิง #เสื้อแขนกุดผู้หญิง #เสื้อแฟชั่นฤดูร้อน | #เสื้อเก๋ๆใส่เที่ยว #เสื้อสายเดี่ยวแฟชั่น #เสื้อครอปน่ารัก | #เสื้อผ้าแฟชั่นผู้หญิง #เสื้อใส่เที่ยวทะเล #เสื้อกล้ามแฟชั่น
1730776599008020901,#เสื้อยืดคอกลม #เสื้อยืดแขนสั้น #เสื้อยืดสมาร์ททีเชิ้ต | #เสื้อยืดOversize #เสื้อยืดผู้หญิง #เสื้อยืดผู้ชาย | #เสื้อยืดเปล่า #เสื้อยืดโอเวอร์ไซส์ #เสื้อยืดสีดำ
1731698053893425042,#กางเกงขาสั้นผู้ชาย #กางเกงขาสั้นแฟชั่น #กางเกงขาสั้นชาย | #กางเกงขาสั้นสตรีท #กางเกงขาสั้นฮิปฮอป #กางเกงขาสั้นลายพิมพ์ | #กางเกงขาสั้นลำลอง #กางเกงขาสั้นแนวสตรีท #กางเกงขาสั้นผู้ชายเท่ๆ
1734844390625216443,#กางเกงยีนส์ชาย #กางเกงขาสั้นชาย #กางเกงยีนส์ขาสั้น | #กางเกงห้าส่วนชาย #กางเกงยีนส์เกาหลี #กางเกงผู้ชายเท่ๆ | #กางเกงยีนส์5ส่วน #กางเกงขาสั้นเกาหลี #กางเกงยีนส์แฟชั่นชาย
1736476020215678743,#เสื้อสายเดี่ยว #เสื้อสายเดี่ยวhalter #เสื้อผ้าแฟชั่น | #เสื้อสายเดี่ยวเรโทร #เสื้อคลุมฤดูร้อน #เสื้อเข้ารูป | #เสื้อเปิดหลัง #เสื้อสายเดี่ยวผู้หญิง #เสื้อแฟชั่นผู้หญิง
1736333292846286327,#กางเกงขากระบอก #กางเกงลายจุด #กางเกงเอวสูง | #กางเกงแฟชั่น #กางเกงทำงาน #กางเกงใส่เที่ยว | #กางเกงผู้หญิง #กางเกงสวยๆ #กางเกงยอดฮิต
1734325499610760310,#กางเกงเลกกิ้งยาว #กางเกงเลกกิ้งผู้หญิง #เลกกิ้งเอวสูง | #กางเกงเลกกิ้งแฟชั่น #เลกกิ้งออกกำลังกาย #กางเกงเลกกิ้งสปอร์ต | #เลกกิ้งสีดำลายข้าง #กางเกงเลกกิ้งยืดหยุ่น #เลกกิ้งขาวยาว
1730916505411488165,#เสื้อกั๊กผู้ชาย #เสื้อกั๊กชาย #เสื้อกั๊กแฟชั่น | #เสื้อกล้ามออกกำลังกาย #เสื้อกล้ามฟิตเนส #เสื้อกล้ามชาย | #เสื้อแขนกุดผู้ชาย #เสื้อแขนกุดชาย #เสื้อแขนกุดแฟชั่น
1729796945300982555,#ชุดถักนิตติ้ง #ชุดนิตติ้งผู้หญิง #ชุดกันหนาวไหมพรม | #ชุดถักนิตติ้งเกาหลี #ชุดไหมพรมเกาหลี #ชุดเซ็ตไหมพรม | #ชุดนิตติ้งแฟชั่น #ชุดถักแฟชั่นเกาหลี #ชุดไหมพรมหน้าหนาว
1731597005874300288,#เดรสแฟชั่นผู้หญิง #เดรสสไตล์ฝรั่งเศส #เดรสน่ารักๆ | #มินิเดรสเกาหลี #เดรสระบาย #เดรสผู้หญิงสั้น | #เดรสทรงบัลเลต์ #เดรSHotgirl #เดรสแฟชั่นเกาหลี
1736441901841745143,#เสื้อเชิ้ตแขนสั้น #เสื้อเชิ้ตสีขาว #เสื้อเชิ้ตผู้หญิง | #เสื้อสีขาวแฟชั่น #เสื้อแขนพอง #เสื้อรัดเอว | #เสื้อเชิ้ตทำงาน #เสื้อใส่เที่ยว #เสื้อแฟชั่นเกาหลี
1734334165973829033,#กางเกงยีนส์ผู้ชาย #กางเกงยีนส์ผู้ชายวินเทจ #กางเกงยีนส์ชายสตรีท | #กางเกงยีนส์ผู้ชายทรงกระบอก #กางเกงยีนส์ผู้ชายแฟชั่น #กางเกงยีนส์ผู้ชายเกาหลี | #กางเกงยีนส์ผู้ชายเอวสูง #กางเกงยีนส์ผู้ชายเท่ๆ #กางเกงยีนส์ผู้ชายขายาว
1732257903734327092,#เสื้อยืดผู้หญิง #เสื้อยืดแฟชั่น #เสื้อแขนสั้น | #เสื้อผ้าฝ้าย #เสื้อยืดคอยู #เสื้อผ้าแฟชั่น | #เสื้อยืดน่ารัก #เสื้อใส่สบาย #เสื้อแนวINS
1732317426960729317,#เสื้อสไตล์อเมริกัน #เสื้อแขนสั้นวินเทจ #เสื้อสลิมฟิต | #เสื้อยืดผู้หญิง #เสื้อผ้าคอตตอน #เสื้อคอกลมผู้หญิง | #เสื้อยืดวินเทจ #เสื้อยืดสไตล์อเมริกัน #เสื้อยืดสลิมฟิต
1736579277302498897,#ชุดเซตเสื้อเบี่ยงไหล่ #ชุดเซตลายจุด #ชุดเซตแฟชั่น | #เสื้อเบี่ยงไหล่ลายจุด #เสื้อแฟชั่นผู้หญิง #ชุดเซตน่ารัก | #กางเกงขาสั้น #ชุดเซטกางเกง #ชุดเซตไปคาเฟ่
1734231869461988777,#กางเกงยีนส์ผู้ชาย #กางเกงยีนส์กระบอก #กางเกงยีนส์เกาหลี | #กางเกงยีนส์แฟชั่น #กางเกงยีนส์วินเทจ #กางเกงยีนส์ทรงหลวม | #กางเกงสแลคผู้ชาย #กางเกงยีนส์ชาย #กางเกงยีนส์ไซส์ใหญ่
1731545471712266699,#เสื้อสไตล์เกาหลี #เสื้อวินเทจ #เสื้อเปิดสะดือ | #เสื้อครอปสั้น #เสื้อยืดแขนสั้น #เสื้อผู้หญิง | #เสื้อผ้าแฟชั่น #เสื้อเอวลอย #เสื้อรัดรูป
1734232854936913321,#กางเกงยีนส์ชาย #กางเกงยีนส์ขายาว #กางเกงยีนส์ผู้ชาย | #กางเกงยีนส์ทรงกระบอก #กางเกงยีนส์เอวสูง #กางเกงยีนส์เอวยืด | #กางเกงยีนส์ขาlong #กางเกงยีนส์สไตล์เรโทร #กางเกงยีนส์ไซส์ใหญ่
1731804347141621161,#กางเกงยีนส์ขายาวชาย #กางเกงยีนส์ผู้ชาย #กางเกงยีนส์เกาหลี | #กางเกงยีนส์ฮิปฮอป #กางเกงยีนส์แฟชั่น #กางเกงยีนส์วินเทจ | #กางเกงยีนส์ #กางเกงยีนส์ชาย #กางเกงยีนส์สตรีท
1731801343627003339,#เสื้อยืดผู้หญิง #เสื้อยืดเกาหลี #เสื้อยืดแฟชั่น | #เสื้อยืดสไตล์เกาหลี #เสื้อยืดลายการ์ตูน #เสื้อยืดแขนสั้น | #เสื้อยืดวินเทจ #เสื้อยืดน่ารัก #เสื้อยืดเอวลอย
1731743478978873803,#เสื้อยืดเกาหลี #เสื้อยืดวินเทจ #เสื้อยืดสไตล์อเมริกัน | #เสื้อแขนสั้นผู้หญิง #เสื้อยืดฤดูร้อน #เสื้อยืดแฟชั่น2025 | #เสื้อครอปสั้น #เสื้อยืดเข้ารูป #เสื้อผอมเพรียว
1735964486126962415,#เสื้อเปิดไหล่ #เสื้อแฟชั่นผู้หญิง #เสื้อเซ็กซี่ | #เสื้อเปิดไหล่แฟชั่น #เสื้อแขนสั้นผู้หญิง #เสื้อตาข่ายแฟชั่น | #เสื้อเข้ารูป #เสื้อผู้หญิงแฟชั่น #เสื้อสวยๆ
1732414416627664138,#ชุดนอนสายเดี่ยว #ชุดนอนเซ็กซี่ #ชุดนอนแฟชั่น | #ชุดนอนลูกไม้ #ชุดนอนขาวดำ #ชุดนอนน่ารัก | #ชุดนอนผู้หญิง #ชุดนอนใส่สบาย #ชุดนอนเกาหลี
1736575481824249822,#ชุดเซตแต่งตัว #ชุดเซตเกาหลี #ชุดเซตแฟชั่น | #ชุดเซตฤดูร้อน #ชุดเซตสวยหรู #ชุดเซตน่ารัก | #ชุดเซตผู้หญิง #ชุดเซตราคาถูก #ชุดเซตขายดี
1734960649781937344,#เสื้อชั้นในสตรีสีน้ำเงิน #เสื้อชั้นในแฟชั่น #เสื้อชั้นในเก๋ๆ | #เสื้อชั้นในดีไซน์พิเศษ #เสื้อชั้นในสวยๆ #เสื้อชั้นในไม่ซ้ำใคร | #เสื้อชั้นในสตรี #เสื้อชั้นในน่ารัก #เสื้อชั้นในราคาถูก
1736296626820580744,#เสื้อกันแดดผู้หญิง #เสื้อกันแดดแฟชั่น #เสื้อกันแดดบาง | #เสื้อกันแดดซัมเมอร์ #เสื้อกันแดดแขนยาว #เสื้อกันแดดหน้าร้อน | #เสื้อกันแดดผ้าไหมเย็น #เสื้อกันแดดเซ็กซี่ #เสื้อกันแดดสไตล์เกาหลี
1732410878573905540,#กางเกงผู้หญิง #กางเกงขากว้าง #กางเกงผ้าไหมน้ำแข็ง | #กางเกงเอวสูง #กางเกงทรงสลิม #กางเกงแฟชั่นเกาหลี | #กางเกงฤดูร้อน #กางเกงใส่สบาย #กางเกงสีขาวนม
1735581658469598374,#ชุดเดรสสายคล้อง #ชุดเดรสAimeili #ชุดเดรสสีดำ | #ชุดเดรสแฟชั่น #ชุดเดรสผู้หญิง #ชุดเดรสเซ็กซี่ | #ชุดเดรสเข้ารูป #ชุดเดรสสั้น #ชุดเดรสสวยๆ
1729984364764498689,#เสื้อสเวตเตอร์ไหมพรม #เสื้อแขนยาวผู้ชาย #เสื้อกันหนาวผู้ชาย | #สเวตเตอร์ไหมพรม #เสื้อไหมพรมผู้ชาย #เสื้อกันหนาวแฟชั่น | #เสื้อผ้าผู้ชาย #สเวตเตอร์เกาหลี #เสื้อกันหนาวไหมพรม
1729647670212201217,#เสื้อเกาหลี #เสื้อยืดผู้ชาย #เสื้อแฟชั่นชาย | #เสื้อยืดแขนสั้น #เสื้อสตรี2024 #เสื้อยืดวัยรุ่น | #เสื้อผ้าแฟชั่นราคาถูก #เสื้อสกรีนลาย #เสื้อคู่รัก
1731625494686304128,#ชุดสูทผู้ชาย #เสื้อเชิ้ตผู้ชาย #กางเกงขาสั้นผู้ชาย | #ชุดเซ็ตผู้ชาย #เสื้อผ้าผู้ชาย #ชุดคู่รักUnisex | #ชุดสูทสไตล์ญี่ปุ่น #ชุดเซ็ต2ชิ้น #เสื้อผ้าแฟชั่นผู้ชาย
1731483641858919296,#กางเกงยีนส์ทรงกระบอก #กางเกงยีนส์ชาย #กางเกงยีนส์ไซส์ใหญ่ | #กางเกงยีนส์แฟชั่น #กางเกงยีนส์ขากระบอก #กางเกงยีนส์เท่ๆ | #กางเกงยีนส์ผู้ชาย #กางเกงยีนส์สีฟอก #กางเกงยีนส์ขาดๆ
1730273060266085121,#กางเกงฮาเร็ม #กางเกงฮาเร็มชาย #กางเกงฮาเร็มแฟชั่น | #กางเกงขาสามส่วน #กางเกงขาสามส่วนชาย #กางเกงขาสามส่วนผู้ชาย | #กางเกงชาย #กางเกงผู้ชาย #กางเกงแฟชั่นชาย
1729712330486811393,#เสื้อเชิ้ตแขนยาว #เสื้อเชิ้ตผู้ชาย #เสื้อเชิ้ตแฟชั่น | #เสื้อเชิ้ตเกาหลี #เสื้อเชิ้ตวัยรุ่น #เสื้อเชิ้ตสไตล์เกาหลี | #เสื้อเชิ้ตผ้าลูกฟูก #เสื้อเชิ้ตแขนยาวผู้ชาย #เสื้อเชิ้ตเท่ๆ
1732054512627583872,#กางเกงคาปรี #กางเกงเรโทร #กางเกงญี่ปุ่น | #กางเกงเอวยางยืด #กางเกงสีดำ #กางเกงสีน้ำตาล | #กางเกงขาสามส่วน #กางเกงสตรีท #กางเกงผู้ชาย
1732131959842834304,#กางเกงไซส์ใหญ่ #กางเกงผู้ชาย #กางเกงคนอ้วน | #กางเกงไซส์ใหญ่ชาย #กางเกงโอเวอร์ไซส์ #กางเกงคนอวบ | #กางเกงผู้ชายอ้วน #กางเกงไซส์พิเศษ #กางเกงหนุ่มอ้วน
1731264669213690752,#กางเกงขากว้าง #กางเกงสไตล์เกาหลี #กางเกงผ้าฝ้าย | #กางเกงลูกฟูก #กางเกงแฟชั่นชาย #กางเกงยูนิเซ็กส์ | #กางเกงวินเทจ #กางเกงขายยาว #กางเกงทรงใหญ่
1736412443293550583,#กางเกงว่ายน้ำ #กางเกงกีฬา #กางเกงวิ่ง | #กางเกงว่ายน้ำผู้หญิง #กางเกงกีฬาผู้หญิง #กางเกงวิ่งผู้หญิง | #กางเกงว่ายน้ำไซส์ใหญ่ #กางเกงกีฬาไซส์ใหญ่ #กางเกงวิ่งไซส์ใหญ่
1730746228294322858,#ชุดเซ็ตเสื้อเชิ้ต #เซ็ตเสื้อเชิ้ตผู้ชาย #ชุดเซ็ตผู้ชาย | #เสื้อเชิ้ตแขนสั้น #เสื้อเชิ้ตเกาหลี #เสื้อเชิ้ตสีพื้น | #เซ็ตเสื้อกางเกง #ชุดเซ็ตเกาหลี #เสื้อผ้าผู้ชายราคาถูก
1733322969834751534,#เสื้อสเวตเตอร์ครึ่งซิป #เสื้อสเวตเตอร์ #สเวตเตอร์กันหนาว | #เสื้อแจ็คเก็ตวอร์ม #เสื้อแจ็คเก็ต #แจ็คเก็ตแขนยาว | #เสื้อคลุมกันหนาว #เสื้อคลุม #เสื้อกันหนาว
1736078608866837561,#เสื้อยืดคอกลม #เสื้อยืดผู้หญิง #เสื้อแฟชั่นเกาหลี | #เสื้อแต่งกระดุม #เสื้อแขนสั้นแฟชั่น #เสื้อทรงสั้น | #เสื้อสไตล์ฝรั่งเศส #เสื้อปุ่มโลหะ #เสื้อใส่เที่ยวคาเฟ่
1734236834551596919,#กางเกงโยคะ #กางเกงโยคะเอวสูง #กางเกงโยคะกระโปรง | #กางเกงกระโปรงวิ่ง #กางเกงออกกำลังกาย #กางเกงกระโปรงสั้น | #กางเกงฟิตเนส #กางเกงโยคะผู้หญิง #กางเกงวิ่งเอวสูง
1729677032583170817,#เสื้อเชิ้ตแขนสั้น #เสื้อเชิ้ตผู้ชาย #เสื้อเชิ้ตแฟชั่น | #เสื้อเชิ้ตลายพิมพ์ #เสื้อเชิ้ตเกาหลี #เสื้อเชิ้ตวินเทจ | #เสื้อเชิ้ตunisex #เสื้อเชิ้ตใส่เที่ยว #เสื้อเชิ้ตผู้หญิง
1729884818831674113,#เสื้อเชิ้ตแขนสั้น #เสื้อเชิ้ตผู้ชาย #เสื้อเชิ้ตเกาหลี | #เสื้อเชิ้ตโอเวอร์ไซส์ #เสื้อเชิ้ตแฟชั่น #เสื้อเชิ้ตคุมโทน | #เสื้อเชิ้ตลำลอง #เสื้อเชิ้ตชาย #เสื้อคู่รัก
1729670607523908353,#เสื้อยืดแขนสั้น #เสื้อยืดวัยรุ่น #เสื้อสไตล์เกาหลี | #เสื้อยืดพิมพ์ลาย #เสื้อผ้านิ่ม #เสื้อแนวสตรีท | #เสื้อยืดแฟชั่น #เสื้อเท่ๆ #เสื้อใส่สบาย
1734907084041127085,#เสื้อยืดแขนสั้น #เสื้อยืดผู้หญิง #เสื้อแฟชั่นผู้หญิง | #เสื้อแขนสั้น #เสื้อผ้าแฟชั่น #เสื้อฤดูร้อน | #เสื้อพลางหุ่น #เสื้อใส่เที่ยว #เสื้อผู้หญิงสวยๆ
1732789817658345217,#Henderleyกางเกงขาสั้น #กางเกงกีฬาชาย #กางเกงขาสั้นแฟชั่น | #กางเกงสตรีท #กางเกงขาสั้นผู้ชาย #กางเกงออกกำลังกาย | #กางเกงขาสั้นไซส์ใหญ่ #กางเกงใส่วิ่ง #กางเกงขาสั้นเท่ๆ
1734493033003779311,#เสื้อโปโลผู้หญิง #เสื้อแฟชั่นผู้หญิง #เสื้อปกบัว | #เสื้อเข้ารูปผู้หญิง #เสื้อคอตุ๊กตา #เสื้อเอวลอย | #เสื้อผ้าแฟชั่นเกาหลี #เสื้อผู้หญิงสไตล์เกาหลี #เสื้อผ้าราคาถูก
1731653273691456720,#เสื้อผ้าแฟชั่น #เสื้อผู้หญิง #เสื้อสไตล์ลำลอง | #เสื้อพิมพ์ลาย #เสื้อยืดผู้หญิง #เสื้อผ้าฤดูร้อน | #เสื้อผ้าแฟชั่นผู้หญิง #เสื้อผ้าใส่สบาย #เสื้อผ้าผู้หญิงน่ารักๆ
1729677918429481729,#เสื้อเชิ้ตผู้ชาย #เสื้อเชิ้ตแฟชั่น #เสื้อเชิ้ตเท่ๆ | #เสื้อทรงหลวม #เสื้อทรงบอย #เสื้อเชิ้ตลายตัวอักษร | #เสื้อผ้าผู้ชาย #เสื้อเชิ้ตสวยๆ #เสื้อใส่สบาย
1736003614532142244,#เสื้อยืดแขนสั้น #เสื้อรัดรูป #เสื้อผ้าแฟชั่น | #เสื้อยืดผู้หญิง #เสื้อเซ็กซี่ #เสื้อรัดรูปผู้หญิง | #เสื้อเข้ารูป #เสื้อแขนสั้น #เสื้อผ้าผู้หญิง
1731516819972524491,#เสื้อยืดผู้หญิง #เสื้อยืดเกาหลี #เสื้อยืดครอป | #เสื้อยืดแขนสั้น #เสื้อยืดแฟชั่น #เสื้อยืดเอวลอย | #เสื้อยืดน่ารัก #เสื้อผ้าเกาหลี #เสื้อยืดสไตล์เกาหลี
1734423444472694638,#เสื้อยืดสีเทา #เสื้อยืดแขนสั้น #เสื้อยืดแฟชั่น | #เสื้อยืดลายกระต่าย #เสื้อปักลายโบว์ #เสื้อยืดสไตล์เกาหลี | #เสื้อยืดน่ารัก #เสื้อครอปสั้น #เสื้อยืดผู้หญิง
1732026945734281675,#เสื้อยืดเกาหลี #เสื้อครอปหมีสีชมพู #Croptopเกาหลี | #เสื้อครอปน่ารัก #เสื้อครอปมินิมอล #เสื้อยืดครอป | #Babytee #เสื้อยืดคอกลม #เสื้อครอปผู้หญิง
1733183547579205413,#ชุดนอนซาติน #ชุดนอนเซ็กซี่ #ชุดนอนผู้หญิง | #ชุดนอนซาตินเซ็กซี่ #ชุดนอนแขนยาว #ชุดนอนขาสั้น | #ชุดนอนลูกไม้ #ชุดนอนแฟชั่น #ชุดนอนน่ารัก
1732240973326681342,#กางเกงวอร์ม #กางเกงสตรีทแดนซ์ #กางเกงฮิปฮอป | #กางเกงแนวสตรีท #กางเกงเต้นแจ๊ส #กางเกงลายงู | #กางเกงวอร์มไซส์ใหญ่ #กางเกงทรงหลวม #กางเกงแฟชั่นแวววาว
1735415194401867006,#เสื้อกีฬาแขนสั้น #เสื้อผ้าโปร่ง #เสื้อลายจุด | #เสื้อเรโทรอเมริกัน #เสื้อคู่รัก #เสื้อผ้าแฟชั่น | #เสื้อผ้าผู้ชาย #เสื้อผ้าผู้หญิง #เสื้อสตรีท
1730933782262679806,#กางเกงเด็ก #กางเกงลายสก๊อต #กางเกงเด็กผู้ชาย | #กางเกงขายาวเด็ก #กางเกงเด็กโต #กางเกงเด็กแฟชั่น | #กางเกงเด็กวินเทจ #กางเกงเอวยืด #กางเกงเด็กน่ารัก
1735455244930090238,#กางเกง #กางเกงขากว้าง #กางเกงแฟชั่น | #กางเกงสตรีท #กางเกงสตรีทแฟชั่น #กางเกงแนวสตรีท | #กางเกงเต้นรำ #กางเกงผู้หญิง #กางเกงแนวเรโทร
1735631674703840510,#กางเกงขายาวลายดาว #กางเกงฮิปฮอป #กางเกงแฟชั่นผู้หญิง | #กางเกงขายาวผู้หญิง #กางเกงทรงหลวม #กางเกงสไตล์อเมริกัน | #กางเกงลายดาว #กางเกงขายาวแฟชั่น #กางเกงฮิปฮอปหญิง
1735415129323439358,#เสื้อยืดคอวี #เสื้อยืดลายจุด #เสื้อยืดผู้หญิง | #เสื้อลำลอง #เสื้อทรงหลวม #เสื้อฤดูร้อน | #เสื้อสไตล์อเมริกัน #เสื้อผ้าแฟชั่น #เสื้อยืดเกาหลี
1733268533241218584,#กางเกงขายาวผู้ชาย #กางเกงคาร์โก้ผู้ชาย #กางเกงขายาวแฟชั่น | #กางเกงคาร์โก้ #กางเกงผู้ชายไซส์ใหญ่ #กางเกงคาร์โก้ขายาว | #กางเกงขายาวไซส์ใหญ่ #กางเกงผู้ชายแฟชั่น #กางเกงคาร์โก้ไซส์ใหญ่
1733723329448740376,#กางเกงกีฬาผู้ชาย #กางเกงกีฬา #กางเกงขากระบอก | #กางเกงลำลองชาย #กางเกงแฟชั่นเกาหลี #กางเกงผู้ชายไซส์ใหญ่ | #กางเกงใส่นอน #กางเกงใส่อยู่บ้าน #กางเกงวอร์มผู้ชาย
1734634622518134574,#กางเกงลายดอกจินนี่ #กางเกงลายดอก #กางเกงสงกรานต์ | #กางเกงแฟชั่นผู้หญิง #กางเกงเอวสม็อค #กางเกงลายดอกไม้ | #กางเกงใส่เที่ยวทะเล #กางเกงจินนี่ #กางเกงสาวอวบ
1734520706728953368,#เสื้อเชิ้ตผู้ชาย #เสื้อเชิ้ตเกาหลี #เสื้อเชิ้ตแฟชั่น | #เสื้อแจ็คเก็ตผู้ชาย #เสื้อแจ็คเก็ตแขนยาว #เสื้อคลุมผู้ชาย | #เสื้อลูกฟูก #เสื้อเชิ้ตสีพื้น #เสื้อผ้าผู้ชายไซซ์ใหญ่
1736225254354355736,#เสื้อแจ็คเก็ตแขนยาว #เสื้อแจ็คเก็ตแฟชั่น #เสื้อแจ็คเก็ตเกาหลี | #เสื้อแจ็คเก็ตกีฬา #เสื้อแจ็คเก็ตกันแดด #เสื้อแจ็คเก็ตกันลม | #เสื้อแจ็คเก็ตทรงหลวม #เสื้อแจ็คเก็ตซิปหน้า #เสื้อแจ็คเก็ตสีพื้น
1734260719488370200,#เสื้อเชิ้ตแขนยาว #เสื้อเชิ้ตผู้ชาย #เสื้อเชิ้ตสีพื้น | #เสื้อทำงานชาย #เสื้อเชิ้ตทำงาน #เสื้อเชิ้ตแฟชั่น | #เสื้อเชิ้ตเกาหลี #เสื้อเชิ้ตทรงหลวม #เสื้อผู้ชายแฟชั่น
1735768041641051672,#เสื้อเชิ้ตคอจีน #เสื้อเชิ้ตแขนสามส่วน #เสื้อเชิ้ตผู้ชาย | #เสื้อเชิ้ตสีพื้น #เสื้อเชิ้ตทรงเข้ารูป #เสื้อเชิ้ตเกาหลี | #เสื้อเชิ้ตแฟชั่น #เสื้อเชิ้ตผ้ายืด #เสื้อเชิ้ตN2041
1733724058266600984,#กางเกงคาร์โก้ #กางเกงผู้ชาย #กางเกงขายาว | #กางเกงy2k #กางเกงแฟชั่น #กางเกงแนวสตรีท | #กางเกงหลายกระเป๋า #กางเกงลำลอง #กางเกงไซส์ใหญ่
1731622039529621001,#เสื้อยืดเซ็กซี่ #เสื้อยืดคอเต่า #เสื้อยืดแขนกุด | #เสื้อคอเต่าแขนกุด #เสื้อแขนกุดสาวอวบ #เสื้อยืดสาวอวบ | #เสื้อผ้าแฟชั่นผู้หญิง #เสื้อยืดonlineshopping #เสื้อยืดราคาถูก
1735124251892680216,#เสื้อโปโลผู้ชาย #เสื้อPOLOผู้ชาย #เสื้อโปโลชาย | #เสื้อโปโลทำงาน #เสื้อคอปกผู้ชาย #เสื้อโปโลสีพื้น | #เสื้อโปโลแขนสั้น #เสื้อโปโลแฟชั่น #เสื้อโปโลราคาถูก
1735301448316716568,#กางเกงขาสั้นผู้ชาย #กางเกงคาร์โก้ขาสั้น #กางเกงขาสั้นแฟชั่น | #กางเกงผู้ชายไซส์ใหญ่ #กางเกงคาร์โก้ไซส์ใหญ่ #กางเกงขาสั้นผู้ชายอ้วน | #กางเกงขาสั้นทรงหลวม #กางเกงขาสั้นเอويางยืด #กางเกงคาร์โก้แฟชั่น
1733590787181676056,#กางเกงผู้ชาย #กางเกงผู้ชายแฟชั่น #กางเกงผู้ชายเท่ๆ | #กางเกงลำลอง #กางเกงลำลองชาย #กางเกงลำลองผู้ชาย | #กางเกงขากระบอก #กางเกงขากระบอกชาย #กางเกงขากระบอกผู้ชาย
1733268645950162456,#กางเกงขายาวผู้ชาย #กางเกงคาร์โก้ #กางเกงลำลอง | #กางเกงผู้ชาย #กางเกงทรงหลวม #กางเกงขายาว | #กางเกงแฟชั่น #กางเกงสไตล์เกาหลี #กางเกงไซส์ใหญ่
1731538393931876286,#ชุดกีฬาแฟชั่น #ชุดกีฬาผู้หญิง #ชุดกีฬาไฮเอนด์ | #ชุดกีฬาปาดไหล่ #ชุดกีฬาสีเทา #ชุดกีฬาเซ็กซี่ | #ชุดกีฬาใส่เที่ยว #ชุดกีฬาวัยรุ่น #ชุดกีฬาแบรนด์เนม
1732669455133148934,#เดรสซาติน #ชุดนอนสตรี #ชุดนอนเซ็กซี่ | #เดรสซาตินสวยๆ #ชุดนอนน่ารัก #ชุดนอนผู้หญิง | #เดรสซาตินแฟชั่น #ชุดนอนใส่สบาย #ชุดนอนสายเดี่ยว
1735196990789748101,#เสื้อชีฟอง #เสื้อเปิดไหล่ #เสื้อแฟชั่น | #เสื้อระบาย #เสื้อผู้หญิง #เสื้อสไตล์ฝรั่งเศส | #เสื้อซัมเมอร์ #เสื้อเอวลอย #เสื้อเซ็กซี่
1732298614212167273,#ชุดเสื้อยืดลำลอง #ชุดเซ็ตผู้หญิง #เสื้อยืดแขนสั้น | #กระโปรงMidi #ชุดเซ็ตแฟชั่น #เสื้อผ้าผู้หญิง | #ชุดเซ็ตสีขาว #ชุดเที่ยวคาเฟ่ #แฟชั่นอเมริกัน
1730231693902973432,#SpiceGirl #เสื้อผ้าแฟชั่นผู้หญิง #ชุดเซ็ต2ชิ้น | #ชุดเซ็ตเกาหลี #ชุดเซ็ตน่ารัก #เสื้อครอปคอกลม | #กระโปรงสั้นเอวสูง #ชุดไปคาเฟ่ #ชุดแฟชั่นฤดูร้อน
1735205389798114338,#เสื้อแจ็คเก็ตซิป #เสื้อแจ็คเก็ตผู้หญิง #เสื้อกันแดดแฟชั่น | #เซ็ตเสื้อแจ็คเก็ต #ชุดเซ็ตผู้หญิง #เสื้อแจ็คเก็ตเกาหลี | #เสื้อกันแดดUV #เสื้อแจ็คเก็ตน่ารัก #ชุดกันแดดผู้หญิง
1734733242244695294,#เสื้อคลุมแฟชั่น #เสื้อคลุมผู้หญิง #เสื้อคลุมใส่สบาย | #กางเกงขาสั้นแฟชั่น #กางเกงขาสั้นผู้หญิง #กางเกงขาสั้นYamamoto | #กางเกงขาสั้นสีพื้น #กางเกงขาสั้นฤดูร้อน #กางเกงขาสั้นสปอร์ต
1735665074812716286,#กางเกงขาสั้นผู้หญิง #กางเกงขาสั้นเอวสูง #กางเกงขาสั้นทรงเอ | #กางเกงแต่งลูกไม้ #กางเกงขาสั้นแฟชั่น #กางเกงขาสั้นเกาหลี | #กางเกงขาสั้นขาบาน #กางเกงซัมเมอร์ #กางเกงขาสั้นน่ารัก
1732240851039847678,#กางเกงวอร์ม #กางเกงสตรีท #กางเกงแจ๊สแดนซ์ | #กางเกงลายงู #กางเกงเพชร #กางเกงเรโทร | #กางเกงฮิปฮอป #กางเกงขากว้าง #กางเกงทรงหลวม
1733824055674438910,#กางเกงวอร์มผู้หญิง #กางเกงวอร์มแฟชั่น #กางเกงวอร์มทรงหลวม | #กางเกงขากว้าง #กางเกงสตรีทแฟชั่น #กางเกงแนวอเมริกัน | #กางเกงลายกราฟฟิตี้ #กางเกงแฟชั่นผู้หญิง #กางเกงเกาหลี
1731409252329620734,#กางเกงฤดูร้อน #กางเกงผู้หญิง #กางเกงแฟชั่น | #กางเกงขากว้าง #กางเกงทรงตรง #กางเกงลำลอง | #กางเกงลูกไม้ #กางเกงใส่สบาย #กางเกงสวยๆ
1732313297381786878,#กางเกงกีฬาผู้หญิง #กางเกงกีฬาขากว้าง #กางเกงกีฬาเอวยางยืด | #กางเกงฮาเร็มหญิง #กางเกงฮาเร็มสตรีท #กางเกงฮาเร็มแฟชั่น | #กางเกงขายาวลำลอง #กางเกงขายาวสตรีท #กางเกงขายาวแฟชั่น
1735393244822275326,#กางเกงขาสั้น #กางเกงขาสั้นผู้หญิง #กางเกงเอวสูง | #กางเกงขาสั้นเกาหลี #กางเกงแฟชั่น #กางเกงขาสั้นแฟชั่น | #กางเกงใส่สบาย #กางเกงขาสั้นเอวสูง #กางเกงผู้หญิง
1732827186545591550,#ชุดเดรสสีดำ #ชุดเดรสแฟชั่น #ชุดเดรสผู้หญิง | #ชุดเดรสออกงาน #ชุดเดรสสวยๆ #ชุดเดรสน่ารัก | #ชุดเดรสสไตล์ฝรั่งเศส #ชุดเดรสฤดูร้อน #ชุดเดรสหรูหรา
1731589591546561790,#กางเกงลำลอง #กางเกงลายสก็อต #กางเกงสไตล์อเมริกัน | #กางเกงขากว้าง #กางเกงทรงหลวม #กางเกงแฟชั่นผู้หญิง | #กางเกงกีฬา #กางเกงขายาวทรงตรง #กางเกงใส่สบาย
1735300766182901114,#กางเกงขายาวชาย #กางเกงขายาวผู้ชาย #กางเกงขายาวแฟชั่น | #กางเกงขายาวทรงกระบอก #กางเกงขายาวลายแถบ #กางเกงขายาวเอวยางยืด | #กางเกงขายาวใส่สบาย #กางเกงขายาวซัมเมอร์ #กางเกงขายาวราคาถูก
1730379025424353928,#กางเกงขาสั้น #กางเกงกีฬา #กางเกงขาสั้นผู้ชาย | #กางเกงวิ่ง #กางเกงออกกำลังกาย #กางเกงใส่วิ่ง | #กางเกงขาสั้นชาย #กางเกงกีฬาชาย #กางเกงแฟชั่นชาย
1734667567446131961,#เสื้อแจ็คเก็ตกันแดด #เสื้อแจ็คเก็ตชาย #เสื้อแจ็คเก็ตกันยูวี | #เสื้อแจ็คเก็ตบาง #เสื้อแจ็คเก็ตแฟชั่น #เสื้อแจ็คเก็ตเกาหลี | #เสื้อแจ็คเก็ตกันลม #เสื้อแจ็คเก็ตหน้าร้อน #เสื้อแจ็คเก็ตวัยรุ่น
1732614465635649132,#กางเกงCrush #กางเกงสตรีตแวร์ #กางเกงแฟชั่น | #กางเกงสีดำขาว #กางเกงขาสตรีต #กางเกงยอดนิยม | #กางเกงผู้หญิง #กางเกงแนวสตรีท #กางเกงใส่เที่ยว
1731777626097026998,#กางเกงยีนส์ผู้ชายสีเทา #กางเกงยีนส์ชายทรงสกินนี่ #กางเกงยีนส์ชายสลิมฟิต | #กางเกงยีนส์ผ้ายืดชาย #กางเกงยีนส์เกาหลีชาย #กางเกงยีนส์เดนิมชาย | #กางเกงยีนส์แฟชั่นชาย #กางเกงยีนส์ทรงดินสอ #กางเกงยีนส์ผู้ชายเท่ๆ
1731945816360387830,#แจ็คเก็ตผู้หญิง #แจ็คเก็ตแขนยาว #แจ็คเก็ตกันยูวี | #เสื้อแจ็คเก็ตผู้หญิง #เสื้อแจ็คเก็ตกันยูวี #เสื้อแจ็คเก็ตแฟชั่น | #แจ็คเก็ตใส่สบาย #แจ็คเก็ตออกกำลังกาย #แจ็คเก็ตโยคะ
1732254631791266227,#กางเกงคาโก้ #กางเกงขายาว #กางเกงไซส์ใหญ่ | #กางเกงลายเสือ #กางเกงสตรีท #กางเกงแฟชั่น | #กางเกงคนอ้วน #กางเกงแนวสตรีท #กางเกงโอเวอร์ไซส์
1732800282715915860,#เสื้อทีเชิดแขนสั้น #เสื้อผู้ชาย #เสื้อยืดชาย | #เสื้อแฟชั่นชาย #เสื้อแขนสั้นชาย #เสื้อผ้าผู้ชาย | #เสื้อยืดสไตล์อเมริกัน #เสื้อผู้ชายเท่ๆ #เสื้อใส่สบาย
1736239490792719782,#กางเกงลำลอง #กางเกงเอวสูง #กางเกงขา5ส่วน | #กางเกงแฟชั่น #กางเกงฤดูร้อน #กางเกงผ้านุ่ม | #กางเกงสีเทา #กางเกงขาสั้นผู้หญิง #กางเกงใส่สบาย
1736078041216681214,#กางเกงขายาวสีขาว #กางเกงทรงทิวลิป #กางเกงผู้หญิงแฟชั่น | #กางเกงขากว้าง #กางเกงใส่สบาย #กางเกงสาวอวบ | #กางเกงแต่งลูกไม้ #กางเกงลำลอง #กางเกงขายาวแฟชั่น
1730930832494528766,#กางเกงญี่ปุ่น #กางเกงลายสก๊อต #กางเกงผู้หญิง | #กางเกงขากว้าง #กางเกงเอวสูง #กางเกงแฟชั่น | #กางเกงทรงหลวม #กางเกงใส่สบาย #กางเกงฤดูร้อน
1732316495690959102,#กางเกงขายาวผู้หญิง #กางเกงลายทาง #กางเกงเอวสูง | #กางเกงขากว้าง #กางเกงทรงตรง #กางเกงแฟชั่น | #กางเกงสไตล์เกาหลี #กางเกงลำลอง #กางเกงผู้หญิงน่ารัก
1736226799144371700,#ชุดบ้านเซ็ต #ชุดบ้านแฟชั่น #ชุดบ้านน่ารัก | #ชุดบ้านผู้หญิง #ชุดบ้านมีฟองน้ำ #ชุดบ้านลายโบว์ | #ชุดบ้านใส่สบาย #ชุดบ้านสวยๆ #ชุดบ้านซัมเมอร์
1732692546902525182,#กางเกงขายาวผู้หญิง #กางเกงสตรีท #กางเกงแฟชั่น | #กางเกงเอวยางยืด #กางเกงลายอักษร #กางเกงแนวสตรีท | #กางเกงผู้หญิงแฟชั่น #กางเกงสตรีทเท่ๆ #กางเกงเอวยืด
1732320580562094976,#กางเกงขาสั้นผู้ชาย #กางเกงขาสั้นแฟชั่น #กางเกงขาสั้นชาย | #กางเกงขาสั้นสตรีท #กางเกงขาสั้นเกาหลี #กางเกงขาสั้นunisex | #กางเกงขาสั้นไซส์ใหญ่ #กางเกงขาสั้นผ้าชิโน #กางเกงขาสั้นสีดำ
1732083196273854336,#กางเกงยีนส์ขาสั้นชาย #กางเกงยีนส์ขาสั้น #กางเกงยีนส์ชาย | #กางเกงยีนส์ฮิปฮอป #กางเกงยีนส์ทรงหลวม #กางเกงยีนส์สตรีท | #กางเกงยีนส์แฟชั่น #กางเกงยีนส์เกาหลี #กางเกงยีนส์เท่ๆ
1735584920842306814,#กางเกงลำลองผู้หญิง #กางเกงลายดาว #กางเกงสตรีทแฟชั่น | #กางเกงขากว้าง #กางเกงทรงหลวม #กางเกงแนวอเมริกัน | #กางเกงแฟชั่นเกาหลี #กางเกงซัมเมอร์ #กางเกงใส่สบาย
1735163614099440894,#เสื้อยืด #เสื้อยืดคอวี #เสื้อยืดแขนสั้น | #เสื้อยืดแฟชั่น #เสื้อยืดผู้ชาย #เสื้อยืดผู้หญิง | #เสื้อยืดไซส์ใหญ่ #เสื้อยืดเรโทร #เสื้อกีฬา
1731802734877379456,#กางเกงผู้ชาย #กางเกงทรงloos #กางเกงเอวสบย | #กางเกงสไตล์อเมริกัน #กางเกงเกาหลี #กางเกงแฟชั่นชาย | #กางเกงขากระบอก #กางเกงลำลอง #กางเกงขาวยาว
1731882418643109760,#เสื้อเชิ้ตผู้ชาย #เสื้อเชิ้ตแขนสั้น #เสื้อเชิ้ตแฟชั่น | #เสื้อเชิ้ตเกาหลี #เสื้อเชิ้ตวินเทจ #เสื้อเชิ้ตลายทาง | #เสื้อเชิ้ตผู้ชายoversize #เสื้อเชิ้ตสตรีท #เสื้อเชิ้ตผู้ชายเท่ๆ
1734887978918446334,#กางเกงขาสั้นผู้หญิง #กางเกงขาสั้นแฟชั่น #กางเกงขาสั้นเกาหลี | #กางเกงขาสั้นเอวต่ำ #กางเกงขาสั้นทรงเอ #กางเกงขาสั้นผูกเชือก | #กางเกงขาสั้นAline #กางเกงขาสั้นซัมเมอร์ #กางเกงขาสั้นฮิต
1733199963893695742,#กางเกงขายาวแฟชั่น #กางเกงขายาวผู้หญิง #กางเกงขายาวผู้ชาย | #กางเกงสตรีท #กางเกงทรงหลวม #กางเกงเต้นแจ๊ส | #กางเกงวินเทจ #กางเกงฮิปฮอป #กางเกงลายไฟ
1733835015273481470,#กางเกงลำลอง #กางเกงฮาราจูกุ #กางเกงแฟชั่นญี่ปุ่น | #กางเกงสไตล์ญี่ปุ่น #กางเกงแนวสตรีท #กางเกงขากว้าง | #กางเกงวินเทจ #กางเกงแนว2025 #กางเกงดาร์กเพียว
1732722842358548461,#ชุดออกกำลังกาย #ชุดโยคี #ชุดพิลลาทิส | #ชุดวอร์ม #ชุดฟิตเนส #เซตชุดออกกำลังกาย | #ชุดออกกำลังกายหญิง #ชุดโยคะ #ชุดวิ่ง
1735738552151672553,#ชุดเดรสยาว #เดรสสายคล้องคอ #ชุดเดรสแฟชั่น | #เดรสโชว์หลัง #ชุดไปทะเล #เดรสไปทะเลสวยๆ | #เดรสเซ็กซี่ #ชุดเดรสออกงาน #เดรสเกาหลี
1731415152599534403,#แม๊กซี่เดรสไหมพรม #แม๊กซี่เดรสแฟชั่น #แม๊กซี่เดรSออกงาน | #เดรสไหมพรมลายดอกไม้ #เดรสแขนตุ๊กตาน่ารัก #เดรสคอเหลี่ยมสวยๆ | #ชุดเดรสใส่ออกงาน #ชุดเดรสทอลายดอก #ชุดเดรสไหมพรม
1735963826562892930,#ชุดเดรสสีดำ #ชุดเดรสแขนสั้น #ชุดเดรสเข้ารูป | #ชุดเดรสแฟชั่น #ชุดเดรสยาว #ชุดเดรสสาวอวบ | #ชุดเดรสพลัสไซส์ #ชุดเดรสซัมเมอร์ #ชุดเดรสทำงาน
1735118495519442190,#กางเกงขาขยาย #กางเกงผู้หญิง #กางเกงแฟชั่น | #กางเกงลายลูกไม้ #กางเกงเอวสูง #กางเกงขากว้าง | #กางเกงฤดูร้อน #กางเกงสาวเซ็กซี่ #กางเกงใส่สบาย
1735768206346389435,#กระโปรงสั้นบาเล่ต์ #กระโปรงสั้นแฟชั่น #กระโปรงเซ็กซี่ | #กระโปรงเที่ยวทะเล #กระโปรงผู้หญิงสวยๆ #กระโปรงเอวรอน | #กระโปรงสั้น2026 #กระโปรงน่ารัก #กระโปรงออกเดท
1733354458149651992,#กางเกงขายาวชาย #กางเกงลำลอง #กางเกงคาร์โก้ | #กางเกงสไตล์เกาหลี #กางเกงทรงหลวม #กางเกงยางยืด | #กางเกงใส่สบาย #กางเกงไซส์ใหญ่ #กางเกงผู้ชายแฟชั่น
1731828256538266496,#กางเกงยีนส์ผู้ชาย #กางเกงยีนส์ทรงตรง #กางเกงยีนส์ชาย | #กางเกงยีนส์สีดำ #กางเกงยีนส์สตรีท #กางเกงยีนส์เกาหลี | #กางเกงยีนส์เท่ๆ #กางเกงยีนส์แฟชั่น #กางเกงยีนส์สไตล์อเมริกัน
1732160743095502078,#กางเกงขากว้าง #กางเกงสตรีท #กางเกงฮิปฮอป | #กางเกงแฟชั่น #กางเกงแนวสตรีท #กางเกงลายตาราง | #กางเกงทรงหลวม #กางเกงขายาว #กางเกงเท่ๆ
1732288206515438846,#กางเกงขากว้าง #กางเกงฮิปฮอป #กางเกงสตรีท | #กางเกงแฟชั่น #กางเกงลายสก็อต #กางเกงผู้ชาย | #กางเกงแนวๆ #กางเกงเท่ๆ #กางเกงแนวสตรีท
1733824383579292926,#กางเกงขายาว #กางเกงสตรีท #กางเกงแฟชั่น | #กางเกงทรงหลวม #กางเกงเอวสองชั้น #กางเกงเท่ๆ | #กางเกงแนวๆ #กางเกงฮิปฮอป #กางเกงสไตล์เกาหลี
1735591527285294840,#เสื้อถักไร้แขน #เสื้อถักผู้หญิง #เสื้อแฟชั่นผู้หญิง | #เสื้อเกาะอกลายจุด #เสื้อผ้าแฟชั่นซัมเมอร์ #เสื้อสายเดี่ยวแฟชั่น | #เสื้อถักลายจุด #เสื้อแฟชั่นฤดูร้อน #เสื้อสวยๆน่ารัก
1736774014354622178,#P55ชุดเซต #เซต2ชิ้น #ชุดเซטแฟชั่น | #ชุดเซตผู้หญิง #เซตเสื้อกางเกง #ชุดเซ็ตสวยๆ | #แฟชั่นผู้หญิง #เสื้อผ้าผู้หญิง #ชุดเซ็ตราคาถูก
1734840376481777561,#เสื้อยืดผู้ชาย #เสื้อยืดแฟชั่น #เสื้อผู้ชาย | #เสื้อยืดคอวี #เสื้อแขนสั้น #เสื้อผ้าฝ้าย | #เสื้อผ้าผู้ชาย #เสื้อใส่สบาย #เสื้อผู้ชายเท่ๆ
1736323555693790771,#กางเกงขาสั้นผู้ชาย #กางเกงขาสั้น5ส่วน #กางเกงผู้ชาย | #กางเกงขาสั้นแฟชั่น #กางเกงขาสั้นชาย #กางเกงเอวยางยืด | #กางเกงขาสั้นสตรีท #กางเกงขาสั้นวินเทจ #กางเกงขาสั้นซัมเมอร์
1736293641847342643,#เสื้อยืดไร้แขน #เสื้อกล้ามผู้ชาย #เสื้อออกกำลังกาย | #เสื้อผ้าไอซ์ซิ่ง #เสื้อตาข่ายแห้งเร็ว #เสื้อยูนิเซ็กซ์ | #เสื้อผ้าเย็น #เสื้อวิ่งกลางแจ้ง #เสื้อแฟชั่นชาย
1736160674530559539,#เสื้อยืดผู้ชาย #เสื้อยืดแขนสั้น #เสื้อยืดผู้ชายเท่ๆ | #เสื้อสไตล์อเมริกัน #เสื้อผู้ชายแฟชั่น #เสื้อยืดผ้าหนา | #เสื้อยืดทรงหลวม #เสื้อผู้ชายวินเทจ #เสื้อยืดคอกลมผู้ชาย
1733729500539683919,#กางเกงขาสั้นผู้ชาย #กางเกงวาฟเฟิล #กางเกงขาสั้นแฟชั่น | #กางเกงขาสั้นใส่สบาย #กางเกงขาสั้นชาย #กางเกงขาสั้นใส่นอน | #กางเกงขาสั้นลำลอง #กางเกงขาสั้นราคาถูก #กางเกงขาสั้นยอดฮิต
1736179803363182250,#เสื้อเชิ้ตแขนสั้นผู้ชาย #เสื้อเชิ้ตไอซ์ซิลค์ #เสื้อเชิ้ตผู้ชายแฟชั่น | #ชุดเซ็ตผู้ชาย #ชุดเซ็ต2ชิ้น #ชุดเซ็ตฤดูร้อน | #เสื้อผ้าผู้ชาย #เสื้อผ้าแฟชั่นชาย #เสื้อผู้ชายเท่ๆ
1735050591170365141,#กางเกงขายาวชาย #กางเกงขายาวหญิง #กางเกงผ้าลินิน | #กางเกงใส่สบาย #กางเกงหน้าร้อน #กางเกงทรงหลวม | #กางเกงแฟชั่น #กางเกงลำลอง #กางเกงระบายอากาศ
1735263633596254099,#เสื้อแจ็กเก็ตกันแดด #เสื้อแจ็กเก็ตแขนยาว #เสื้อแจ็กเก็ตมีฮู้ด | #เสื้อกันแดดชายหญิง #เสื้อกันยูวี #เสื้อกันแดดแฟชั่น | #เสื้อแจ็กเก็ตยูวี #เสื้อกันแดดราคาถูก #เสื้อแจ็กเก็ตใส่เที่ยว
1735657618067326800,#เสื้อแจ็คเก็ตกันลม #เสื้อแจ็คเก็ตชาย #เสื้อแจ็คเก็ตหญิง | #เสื้อแจ็คเก็ตแฟชั่น #เสื้อกันลมชาย #เสื้อกันลมหญิง | #เสื้อแจ็คเก็ตกันหนาว #เสื้อกันลม #เสื้อแจ็คเก็ต
1731650289020077600,#กางเกงคาร์โก้ #กางเกงคาร์โก้ผู้ชาย #กางเกงคาร์โก้ผู้หญิง | #กางเกงลายทหาร #กางเกงทหาร #กางเกงคาร์โก้ลายทหาร | #กางเกงไซส์ใหญ่ #กางเกงคนอ้วน #กางเกงแฟชั่น
1736628628939572647,#แบร์โซคิวท์ #ชุดแบร์โซคิวท์ #เสื้อผ้าแบร์โซคิวท์ | #แฟชั่นแบร์โซคิวท์ #ชุดเด็กแบร์โซคิวท์ #เสื้อเด็กแบร์โซคิวท์ | #ชุดเซ็ตแบร์โซคิวท์ #ชุดแฟชั่นเด็กแบร์โซคิวท์ #ชุดหมีแบร์โซคิวท์
1735483146598319409,#กางเกงยีนส์ขาสั้น #กางเกงยีนส์ชาย #กางเกงยีนส์หญิง | #กางเกงยีนส์ทรงหลวม #กางเกงยีนส์สไตล์อเมริกัน #กางเกงยีนส์โอเวอร์ไซส์ | #กางเกงขาสั้นยูนิเซ็กส์ #กางเกงยีนส์แฟชั่น #กางเกงยีนส์ราคาถูก
1734818114658469844,#เสื้อยืดเด็ก #เสื้อเด็กหญิง #เสื้อแฟชั่นเด็ก | #เสื้อเด็กเกาหลี #เสื้อยืดเด็กหญิง #เสื้อผ้าเด็กหน้าร้อน | #เสื้อเด็กแขนสั้น #เสื้อเด็กผ้านิ่ม #เสื้อเด็กน่ารัก
1735205146941360038,#เสื้อผ้าเด็กผู้หญิง #เสื้อเด็กหญิง #เสื้อผ้าเด็ก | #เสื้อแขนสั้นเด็ก #เสื้อผ้าเด็กน่ารัก #เสื้อผ้าเด็กหน้าร้อน | #เสื้อผ้าเด็กสีหวาน #เสื้อเด็กแฟชั่น #เสื้อเด็กราคาถูก
1734885309011035524,#สปอร์ตบรา #สปอร์ตบราไร้โครง #สปอร์ตบราแฟชั่น | #สปอร์ตบราทรงสามเหลี่ยม #บาร์ไร้ตะเข็บ #บราซัพพอร์ต | #ชุดชั้นในผู้หญิง #สปอร์ตบราเซ็กซี่ #บราสวมใส่สบาย
1731360818456462583,#เสื้อยืดผู้หญิง #เสื้อยืดสไตล์อเมริกัน #เสื้อยืดลายลูกแมว | #เสื้อยืดวินเทจ #เสื้อยืดเข้ารูป #เสื้อยืดแฟชั่น | #เสื้อยืดสีชมพู #เสื้อยืดผู้หญิงแฟชั่น #เสื้อยืดน่ารัก
1734877181781575292,#แจ็คเก็ตบอมเบอร์ #แจ็คเก็ตเกาหลี #เสื้อแจ็คเก็ตชาย | #แจ็คเก็ตผู้หญิง #เสื้อคลุมแขนยาว #แจ็คเก็ตแฟชั่น | #เสื้อแจ็คเก็ตเท่ๆ #แจ็คเก็ตซิป #เสื้อคลุมลำลอง
1735718410403743356,#กางเกงยีนส์ขาสั้นชาย #กางเกงยีนส์ขาสั้น #กางเกงยีนส์ชาย | #กางเกงคาร์โก้ชาย #กางเกงขาสั้นผู้ชาย #กางเกงคาร์โก้ | #กางเกงยีนส์คาร์โก้ #กางเกงขาสั้นแฟชั่น #กางเกงผู้ชายแฟชั่น
1735881755481900098,#เสื้อโปโลผู้หญิง #เสื้อโปโลเกาหลี #เสื้อคอวีผู้หญิง | #เสื้อโปโลแฟชั่น #เสื้อรัดรูปผู้หญิง #เสื้อแขนสั้นผู้หญิง | #เสื้อออกกำลังกายหญิง #เสื้อเทนนิส #เสื้อแฟชั่นฤดูร้อน
1735483645156492720,#BabyTee #เสื้อBabyTee #เสื้อครอปแฟชั่น | #เสื้อยืดเกาหลี #เสื้อผ้าแฟชั่นผู้หญิง #เสื้อยืดผู้หญิง | #เสื้อครอปน่ารัก #เสื้อแขนสั้น #เสื้อผ้าเกรดพรีเมียม
1735318568253163132,#JCAESARกางเกงขาสั้น #กางเกงขาสั้นผู้ชาย #กางเกงขาสั้นผ้าฝ้าย | #กางเกงลายต้นมะพร้าว #กางเกงขาสั้นชาย #กางเกงขาสั้นแฟชั่น | #กางเกงขาสั้นฟรีไซส์ #กางเกงใส่สบาย #กางเกงชายผ้าฝ้าย
1735479365793711409,#กางเกงขาสั้น #กางเกงวิ่ง #กางเกงออกกำลังกาย | #กางเกงกีฬาชาย #กางเกงขาสั้นผู้ชาย #กางเกงแห้งเร็ว | #กางเกงฟิตเนส #กางเกงซับใน #กางเกงวิ่งชาย
1734579098482673103,#เสื้อโปโลผู้หญิง #เสื้อคอตุ๊กตา #เสื้อแฟชั่นผู้หญิง | #เสื้อผ้าแฟชั่นเกาหลี #เสื้อรัดรูปผู้หญิง #เสื้อสไตล์เกาหลี | #เสื้อผู้หญิงแฟชั่น #เสื้อโปโลแฟชั่น #เสื้อคอบัว
1734752550042240251,#เสื้อยืดเด็กผู้หญิง #เสื้อผ้าเด็กผู้หญิง #เสื้อเด็กหน้าร้อน | #เสื้อยืดเด็กน่ารัก #เสื้อเด็กแฟชั่น #เสื้อผ้าเด็กสไตล์เกาหลี | #เสื้อเด็กผู้หญิง2026 #เสื้อยืดเด็กโต #ชุดเด็กผู้หญิงน่ารัก
1731628995748464665,#เสื้อยืดเด็กผู้หญิง #เสื้อเด็กผู้หญิง #เสื้อผ้าเด็กผู้หญิง | #เสื้อยืดเด็ก #เสื้อเด็ก #เสื้อผ้าเด็ก | #เสื้อเด็กน่ารัก #เสื้อเด็กแฟชั่น #เสื้อเด็กคอกลม
1735482776404329777,#กางเกงคาร์โก้ผู้ชาย #กางเกงคาร์โก้ชาย #กางเกงคาร์โก้แฟชั่น | #กางเกงคาร์โก้สวยๆ #กางเกงคาร์โก้เท่ๆ #กางเกงคาร์โก้ขายาว | #กางเกงคาร์โก้สตรีท #กางเกงคาร์โก้เกาหลี #กางเกงคาร์โก้พร้อมส่ง
1735077953886914172,#เสื้อยืดวาฟเฟิล #เสื้อยืดสตรีท #เสื้อยืดผู้ชาย | #เสื้อยืดลายB #เสื้อใส่สบาย #เสื้อยืดแฟชั่น | #เสื้อยืดJCAESAR #เสื้อแนวสตรีท #เสื้อยืดเท่ๆ
1731493098507700427,#กางเกงขายาว #กางเกงผู้ชาย #กางเกงไซส์ใหญ่ | #กางเกงคอตตอน #กางเกงเอวยางยืด #กางเกงแฟชั่น | #กางเกงขายาวผู้ชาย #กางเกงBigSize #กางเกงทำงาน
1735037504950601002,#กระโปรงกางเกง #กระโปรงกางเกง2in1 #กางเกงโยคะ | #กางเกงโยคะขายาว #กางเกงมีกระเป๋า #กางเกงทรงชาร์คแพนท์ | #กางเกงออกกำลังกาย #กางเกงเอวกลาง #กางเกงใส่สบาย
1735430373577884787,#ชุดเซ็ตแขนกุด #ชุดเซ็ตสม๊อก #ชุดเซ็ตผู้หญิง | #ชุดเซ็ตแฟชั่น #ชุดเซ็ตน่ารัก #ชุดเซ็ตเที่ยวทะเล | #ชุดเซ็ตเกาหลี #ชุดเซ็ตสวยๆ #ชุดเซ็ตราคาถูก
1730733694538057931,#กางเกงขาสั้น #กางเกงขาสั้นผู้ชาย #กางเกงคาร์โก้ | #กางเกงขาสั้นหลายกระเป๋า #กางเกงสไตล์เกาหลี #กางเกงคอตตอน | #กางเกงขาสั้นแฟชั่น #กางเกงผู้ชาย #กางเกงขาสั้นคอตตอน
1734051504377923560,#เสื้อแจ็คเก็ตธุรกิจ #เสื้อแจ็คเก็ตผู้ชาย #เสื้อแจ็คเก็ตทำงาน | #เสื้อแจ็คเก็ตคาสุย #เสื้อแจ็คเก็ตใส่สบาย #เสื้อแจ็คเก็ตแฟชั่น | #เสื้อแจ็คเก็ตเดินทาง #เสื้อแจ็คเก็ตผู้ชายเท่ๆ #เสื้อแจ็คเก็ตทนทาน
1732816126534517770,#เซ็ทแขนกุด #ชุดเซ็ทผู้หญิง #เซ็ทเสื้อกางเกง | #เซ็ทแขนกุดลายจุด #ชุดเซ็ทแฟชั่น #ชุดเซ็ทน่ารัก | #เซ็ทสม็อคชายระบาย #ชุดไปคาเฟ่ #ชุดแฟชั่นผู้หญิง
1731784617886189771,#กางเกงยางยืด #กางเกงหลายกระเป๋า #กางเกงผู้ชาย | #กางเกงขาสั้นผู้ชาย #กางเกงผู้ชายเท่ๆ #กางเกงแฟชั่นผู้ชาย | #กางเกงใส่สบาย #กางเกงผู้ชายแฟชั่น #กางเกงผู้ชายรุ่นใหม่
1732402486719579299,#กางเกงผู้หญิง #กางเกงเอวสูง #กางเกงโยคะ | #กางเกงวอร์ม #กางเกงสองชิ้น #กางเกงออกกำลังกาย | #กางเกงแฟชั่น #กางเกงสปอร์ต #กางเกงวิ่ง
1733404383557420147,#ชุดเซ็ท2ชิ้น #เสื้อสายเดี่ยว #กางเกงกระโปรง | #ชุดเซ็ทแฟชั่น #ชุดเซ็ทน่ารัก #ชุดเซ็ทผ้าร่อง | #ชุดเซ็ทผู้หญิง #ชุดเซ็ทเกาหลี #ชุดเซ็ทขายดี
1729597490474551499,#เสื้อแจ็คเก็ตผู้ชาย #แจ็คเก็ตผ้าฝ้าย #แจ็คเก็ตไซส์ใหญ่ | #เสื้อคลุมชาย #แจ็คเก็ตแฟชั่น #เสื้อกันหนาวชาย | #แจ็คเก็ตแขนยาว #เสื้อผ้าผู้ชาย #แจ็คเก็ตเท่ๆ
1732384327066551542,#กางเกงโยคะขาม้า #กางเกงโยคะขายาว #กางเกงขาม้าผู้หญิง | #เลกกิ้งโยคะ #เลกกิ้งขาม้า #กางเกงออกกำลังกายขาม้า | #กางเกงโยคะแฟชั่น #กางเกงใส่เล่นโยคะ #กางเกงโยคะแต่งกระโปรง
1735812723813483635,#ชุดเซ็ท2ชิ้น #ชุดเซ็ตผู้หญิง #ชุดเซ็ตแฟชั่น | #ชุดเซ็ตขาสั้น #ชุดไปคาเฟ่ #ชุดเซ็ตน่ารัก | #ชุดเซ็ทเกาหลี #ชุดเซ็ทลายทาง #ชุดเซ็ทคอวี
1729597478541560011,#เสื้อแจ็คเก็ตแฟชั่น #เสื้อแจ็คเก็ตเกาหลี #เสื้อแจ็คเก็ตชาย | #เสื้อแจ็คเก็ตเท่ๆ #เสื้อแจ็คเก็ตซิป #เสื้อแจ็คเก็ตสไตล์เกาหลี | #เสื้อแจ็คเก็ตผู้ชาย #เสื้อแจ็คเก็ตแฟชั่นเกาหลี #เสื้อแจ็คเก็ตมีซิป
1732962509575324933,#กางเกงแห้งเร็ว #กางเกงวิ่ง #กางเกงกีฬา | #กางเกงฟิตเนส #กางเกงเทรนนิ่ง #กางเกงฟุตบอล | #กางเกงลำลอง #กางเกงระบายอากาศ #กางเกงมาใหม่
1729632292882254027,#กางเกงขาสั้น #กางเกงยางยืด #กางเกงไซส์ใหญ่ | #กางเกงผู้ชาย #กางเกงคนอ้วน #กางเกงคอตตอน | #กางเกงขาสั้นชาย #กางเกงใส่สบาย #กางเกงไซส์พิเศษ
1735011663048770755,#กางเกงยีนส์คาร์โก้ #กางเกงยีนส์ชาย #กางเกงคาร์โก้ผู้ชาย | #กางเกงยีนส์ทรงกระบอก #กางเกงยีนส์ทรงหลวม #กางเกงยีนส์ขาตรง | #กางเกงยีนส์สไตล์อเมริกัน #กางเกงยีนส์เท่ๆ #กางเกงยีนส์แฟชั่นชาย
1734426386779243912,#เสื้อกล้ามสายไขว้ #เสื้อกล้ามแฟชั่น #เสื้อกล้ามผู้หญิง | #เสื้อกล้ามสายใส #เสื้อกล้ามผ้าร่อง #เสื้อกล้ามแซ่บๆ | #เสื้อกล้ามดีไซน์เก๋ #เสื้อกล้ามเซ็กซี่ #เสื้อกล้ามสวยๆ
1729623703015491787,#กางเกงสแล็คขายาว #กางเกงสแล็คชาย #กางเกงสแล็คทำงาน | #กางเกงสแล็คผ้ายืด #กางเกงสแล็คสลิมฟิต #กางเกงสแล็คแฟชั่น | #กางเกงสแล็คผู้ชาย #กางเกงสแล็คใส่สบาย #กางเกงสแล็คทรงสวย
1735365766900909171,#NTชุดเซ็ต #ชุดเซ็ตติดแกรม #ชุดเซ็ตผู้หญิง | #แฟชั่นผู้หญิง #เสื้อครอปผู้หญิง #กางเกงผู้หญิง | #ชุดเซ็ตน่ารัก #เสื้อผ้าแฟชั่น #ชุดใส่สบาย
1729960313777785035,#กางเกงยางยืด #กางเกงชายหาด #กางเกงขาสั้น | #กางเกงฟรีไซส์ #กางเกงผ้าแห้งเร็ว #กางเกงชายทะเล | #กางเกงไซส์ใหญ่ #กางเกงแฟชั่นชาย #กางเกงใส่สบาย
1736379088019162298,#กางเกงขาสั้นบาสเกตบอล #กางเกงบาสผู้ชาย #กางเกงกีฬาผู้ชาย | #กางเกงขาสั้นผู้ชาย #กางเกงบาสเกตบอล #กางเกงสไตล์อเมริกัน | #กางเกงไซส์ใหญ่ #กางเกงออกกำลังกาย #กางเกงใส่วิ่ง
1735368300548752499,#ชุดเซ็ต2ชิ้น #ชุดเซ็ตแฟชั่น #ชุดเซ็ตผู้หญิง | #ชุดเซ็ตน่ารัก #ชุดเซ็ตลายจุด #ชุดเซ็ตขาสั้น | #ชุดเซ็ตซัมเมอร์ #ชุดเซ็ตไปทะเล #ชุดเซ็ตราคาถูก
1729597492242122955,#กางเกงขาสั้นผู้ชาย #กางเกงขาสั้นแฟชั่น #กางเกงขาสั้นชาย | #กางเกงขาสั้นเกาหลี #กางเกงขาสั้นคอตตอน #กางเกงขาสั้นใส่สบาย | #กางเกงขาสั้นเท่ๆ #กางเกงขาสั้นมีกระเป๋า #กางเกงขาสั้นวัยรุ่น
1729722552282482891,#เสื้อแจ็คเก็ต #เสื้อแจ็คเก็ตผู้ชาย #เสื้อแจ็คเก็ตแฟชั่น | #เสื้อแจ็คเก็ตเกาหลี #เสื้อแจ็คเก็ตหลายกระเป๋า #แจ็คเก็ตชาย | #เสื้อแจ็คเก็ตเท่ๆ #แจ็คเก็ตผู้ชาย #เสื้อคลุมผู้ชาย
1729644347479525579,#เสื้อแจ็กเกต #แจ็กเกตผู้ชาย #เสื้อกันหนาวชาย | #แจ็กเกตอเมริกัน #เสื้อแจ็กเกตผ้าฝ้าย #แจ็กเกตเท่ๆ | #เสื้อแจ็กเกต2ชั้น #เสื้อคลุมผู้ชาย #เสื้อแจ็กเกตวินเทจ
1731537545790981323,#แจ็คเก็ตแฟชั่น #แจ็คเก็ตชาย #แจ็คเก็ตเท่ๆ | #แจ็คเก็ตสไตล์อเมริกา #แจ็คเก็ตผ้าคอตตอน #แจ็คเก็ตผู้ชาย | #แจ็คเก็ตวินเทจ #เสื้อแจ็คเก็ต #แจ็คเก็ตสวยๆ
1729901291996744594,#กางเกงผู้ชายขาปล่อย #กางเกงผู้ชายไซส์ใหญ่ #กางเกงผู้ชายแฟชั่น | #กางเกงลำลองชาย #กางเกงกีฬาผู้ชาย #กางเกงขายาวผู้ชาย | #กางเกงผ้าคอตตอน #กางเกงเอวยางยืด #กางเกงราคาถูก
1731940319606770578,#กางเกงกีฬาผู้ชาย #กางเกงขายาวผู้ชาย #กางเกงกีฬาขายาว | #กางเกงผู้ชายไซส์ใหญ่ #กางเกงคนอ้วน #กางเกงทรงหลวม | #กางเกงลำลองผู้ชาย #กางเกงใส่สบาย #กางเกงผ้ากีฬา
1732305217281033716,#ชุดฤดูร้อน #ชุดเซ็ตผู้ชาย #แฟชั่นผู้ชาย | #ชุดสองชิ้น #ชุดลำลอง #เสื้อผ้าผู้ชาย | #ชุดสไตล์เกาหลี #ชุดแฟชั่น #ชุดไปเที่ยว
1733394305526236728,#กางเกงขากว้าง #กางเกงเอวสูง #กางเกงสตรีท | #กางเกงฮิปฮอป #กางเกงพิมพ์ลาย #กางเกงแฟชั่น | #กางเกงผู้หญิง #กางเกงทรงใหญ่ #กางเกงแนวเกาหลี
1730860937523792207,#ชุดเซ็ตแฟชั่นผู้หญิง #ชุดเซ็ตผ้าฝ้าย #ชุดเซ็ตลำลอง | #ชุดสองชิ้นผู้หญิง #เสื้อยืดกางเกงขาสั้น #ชุดเซ็ตน่ารัก | #ชุดแฟชั่นผู้หญิง #ชุดเซ็ตเกาหลี #ชุดใส่เที่ยวซัมเมอร์
1729859719930481411,#ชุดเดรสแขนยาว #ชุดเดรสผู้หญิง #ชุดเดรสสไตล์เกาหลี | #ชุดเดรสเปิดไหล่ #ชุดเดรสแฟชั่น #ชุดเดรสสวยๆ | #ชุดเดรสทำงาน #ชุดเดรสเที่ยวคาเฟ่ #ชุดเดรสออกเดท
1732731730736022648,#เดรสเสื้อยืด #เดรสสีขาว #เดรสผู้หญิง | #เดรสแขนสั้น #เดรสสลิมฟิต #เดรสแฟชั่น | #ชุดเดรส #เดรสฤดูร้อน #เดรสเกาหลี
1735149687513056421,#เสื้อไหมพรม #เสื้อเกาหลี #เสื้อแฟชั่น | #เสื้อไหมพรมคอปก #เสื้อเปิดไหล่ #เสื้อลายทาง | #เสื้อไหมพรมเกาหลี #เสื้อแฟชั่นเกาหลี #เสื้อไหมพรมแฟชั่น
1735543424715162739,#WANSAชุดเซ็ต #ชุดเซ็ต2ชิ้น #ชุดเซ็ตแขนสั้น | #ชุดเซ็ตแฟชั่น #ชุดเซ็ตผู้หญิง #ชุดเซ็ตน่ารัก | #ชุดเซ็ตเกาหลี #ชุดเซ็ตสปอร์ต #ชุดเซ็ตเซ็กซี่
1732330696084588950,#กางเกงคาร์โก้ผู้ชาย #กางเกงยุทธวิธี #กางเกงกันน้ำ | #กางเกงเดินป่า #กางเกงผู้ชาย #กางเกงทหาร | #กางเกงคาร์โก้ #กางเกงลุยป่า #กางเกงแฟชั่นผู้ชาย
1736428641327350880,#Shepremชุดมินิเดรส #ชุดมินิเดรสแฟชั่น #มินิเดรสเกาหลี | #เดรสลายจุด #ชุดลายจุดน่ารัก #มินิเดรสลายจุด | #ชุดเดรสผูกไหล่ #เดรสแต่งโบว์ #ชุดเดรสน่ารักๆ
1735400257440810756,#กางเกงยุทธวิธี #กางเกงทหารผู้ชาย #กางเกงix7 | #กางเกงคาร์โก้ผู้ชาย #กางเกงผู้ชายกันน้ำ #กางเกงเท่ๆ | #กางเกงเดินป่า #กางเกงสนาม #กางเกงทำงานผู้ชาย
1736059014487114925,#เซตกระเป๋าเสื้อทูโทน #ชุดเสื้อกางเกงทูโทน #เซตเสื้อผ้าทูโทน | #เสื้อและกางเกงเซตคู่ #ชุดเซตเสื้อกางเกงแฟชั่น #ชุดเซตผู้หญิงสไตล์เกาหลี | #เซตเสื้อกางเกงราคาถูก #ชุดเซตสุดคุ้ม #ชุดคู่เสื้อกางเกง
1730521151626119371,#เสื้อเชิ้ต #เสื้อฮาวาย #ชุดเซ็ตเสื้อกางเกง | #เสื้อเชิ้ตลายช้าง #เสื้อฮาวายลายช้าง #ชุดเซ็ตลายช้าง | #เสื้อผ้าแฟชั่น #เสื้อผ้าผู้ชาย #ชุดเซ็ตชาย
1731882476340807382,#เสื้อกีฬาชาย #เสื้อกีฬาหญิง #เสื้อกีฬาแฟชั่น | #เสื้อกีฬาออกกำลังกาย #เสื้อกีฬาราคาถูก #เสื้อกีฬาใส่สบาย | #เสื้อกีฬาแห้งไว #เสื้อกีฬาแฟชั่น #เสื้อกีฬาคอกลม
1735993630879221356,#ชุดเซ็ตเสื้อคล้องคอ #ชุดเซ็ตลายดอกไม้ #ชุดเซ็ตแฟชั่น | #เสื้อคล้องคอลายดอก #ชุดเซ็ตกางเกงขาสั้น #ชุดเซ็ตน่ารักๆ | #ชุดไปคาเฟ่ #ชุดเซ็ตเกาหลี #ชุดเซ็ตราคาถูก
1733678846401873099,#กางเกงขาสั้น #กางเกงลายพราง #กางเกงคาร์โก้ | #กางเกงผู้ชาย #กางเกงขาสั้นชาย #กางเกงทหาร | #กางเกงผ้าคอตตอน #กางเกงขาสั้นแฟชั่น #กางเกงหลายกระเป๋า
1736351058842125573,#เสื้อผ้าผู้หญิง #เสื้อผ้าแฟชั่น #เสื้อผ้าแฟชั่นผู้หญิง | #เสื้อผ้าผู้หญิงเกาหลี #เสื้อผ้าผู้หญิงน่ารัก #เสื้อผ้าผู้หญิงสวยๆ | #เสื้อผ้าผู้หญิงราคาถูก #เสื้อผ้าผู้หญิงแบรนด์ #เสื้อผ้าผู้หญิงพร้อมส่ง
1736221663912952835,#ชุดเซ็ท4ชิ้น #ชุดเซ็ทผู้หญิง #ชุดเซ็ทแฟชั่น | #เซ็ทเสื้อกางเกง #ชุดไปคาเฟ่ #ชุดคุณหนู | #ชุดเซ็ทน่ารัก #ชุดแฟชั่นเกาหลี #ชุดเซ็ทสวยๆ
1733010582667953183,#กางเกงขาสั้นชาย #กางเกงขาสั้นไซส์ใหญ่ #กางเกงกีฬาขาสั้น | #กางเกงขาสั้นลำลอง #กางเกงขาสั้นมีซิป #กางเกงเอวเอวยืด | #กางเกงขาสั้นแห้งเร็ว #กางเกงขาสั้นผู้ชาย #กางเกงขาสั้นไซส์พิเศษ
1729637293971900619,#กางเกงหลายกระเป๋า #กางเกงคาร์โก้ #กางเกงผู้ชาย | #กางเกงแฟชั่นเกาหลี #กางเกงคอตตอน #กางเกงขายาวชาย | #กางเกงสตรีท #กางเกงแนวเกาหลี #กางเกงเท่ๆ
1736325874994545911,#เสื้อฝึกซ้อมกีฬา #เสื้อกีฬาชาย #เสื้อออกกําลังกาย | #เสื้อกล้ามบาส #เสื้อกล้ามผู้ชาย #เสื้อกล้ามกีฬา | #เสื้อไซส์ใหญ่ #เสื้อoversize #เสื้อแฟชั่นผู้ชาย
1735961305787565229,#เซตเสื้อสม็อคอก #เสื้อสม็อคอก #เสื้อสม็อค | #กางเกงพองบอลลูน #กางเกงบอลลูน #กางเกงขาสั้น | #ชุดเซตผู้หญิง #ชุดเซ็ต #ชุดเซ็ต2ชิ้น
1733889191584892123,#ชุดเซ็ตเสื้อผ้า #ชุดเซ็ตน่ารัก #ชุดเซ็ตผู้หญิง | #ชุดเที่ยวคาเฟ่ #ชุดเที่ยวทะเล #ชุดแฟชั่นเกาหลี | #ชุดเซ็ต2ชิ้น #เสื้อผ้าแฟชั่น #เสื้อผ้าผู้หญิง
1732895458665662395,#แจ็คเก็ตยีนส์ #แจ็คเก็ตยีนส์ฮู้ด #แจ็คเก็ตยีนส์เกาหลี | #เสื้อแจ็คเก็ตยีนส์ #แจ็คเก็ตยีนส์ผู้หญิง #เสื้อยีนส์แขนยาว | #แจ็คเก็ตยีนส์แฟชั่น #เสื้อคลุมยีนส์ #แจ็คเก็ตยีนส์ทรงฮู้ด
1735457763237397866,#ชุดเซ็ตเสื้อสายเดี่ยว #ชุดเซ็ต2ชิ้น #ชุดเซ็ตผู้หญิง | #เสื้อสายเดี่ยวแฟชั่น #กางเกงขาสั้นผู้หญิง #เสื้อผ้าแฟชั่นผู้หญิง | #ชุดเซ็ตคุณหนู #ชุดเซ็ตราคาถูก #ชุดเซ็ตน่ารักๆ
1735760638552344263,#กระโปรงมินิทรงเอ #กระโปรงลายจุด #กระโปรงแฟชั่น | #กระโปรงทำงาน #กระโปรงสั้น #กระโปรงน่ารัก | #กระโปรงผู้หญิง #กระโปรงเกาหลี #กระโปรงวินเทจ
1735615119433172726,#ชุดเซ็ทแฟชั่น #ชุดเซ็ทผู้หญิง #ชุดเซ็ทสวยๆ | #ชุดเซ็ทราคาถูก #ชุดเซ็ทน่ารัก #ชุดเซ็ทคุณหนู | #ชุดเซ็ทขายดี #ชุดเซ็ทมาใหม่ #ชุดเซ็ทสุดฮิต
1732172054537602134,#เสื้อแจ็คเก็ตแข่งรถ #เสื้อแจ็คเก็ตเรโทร #เสื้อแจ็คเก็ตแฟชั่น | #เสื้อแจ็คเก็ตวินเทจ #เสื้อแจ็คเก็ตสตรีท #เสื้อแจ็คเก็ตคู่รัก | #เสื้อแจ็คเก็ตเท่ๆ #เสื้อแจ็คเก็ตแนวๆ #เสื้อแจ็คเก็ตผู้ชาย
1735516484114089734,#ชุดเซ็ท2ชิ้น #เซ็ทเสื้อผ้าแฟชั่น #ชุดเซ็ทผู้หญิง | #ชุดเซ็ทลูกไม้ #ชุดเซ็ทแขนกุด #ชุดเซ็ทคุณหนู | #ชุดไปคาเฟ่ #ชุดไปเที่ยวทะเล #ชุดแฟชั่นเกาหลี
1732081449924396118,#ชุดเบสบอลสั้น #เสื้อเบสบอลผู้หญิง #แจ็คเก็ตเบสบอล | #เสื้อแจ็คเก็ตสตรีท #เสื้อผ้าแฟชั่นผู้หญิง #เสื้อทรงหลวม | #ชุดเบสบอลแฟชั่น #เสื้อคลุมสไตล์เกาหลี #เสื้อแจ็คเก็ตแฟชั่น
1732468816756507835,#ชุดเซตผู้หญิง #ชุดเซตเกาหลี #ชุดเซตแฟชั่น | #ชุดเซตน่ารัก #ชุดเซטคุณหนู #ชุดเซตสวยๆ | #ชุดเซตราคาถูก #ชุดเซตพร้อมส่ง #ชุดเซตผู้หญิงแฟชั่น
1735311568598762582,#แจ็กเก็ตเบสบอล #เสื้อแจ็กเก็ตสีดำ #แจ็กเก็ตผู้หญิง | #เสื้อเบสบอล #แจ็กเก็ตแฟชั่น #เสื้อคลุมผู้หญิง | #แจ็กเก็ตสไตล์เกาหลี #เสื้อแจ็กเก็ตลําลอง #แจ็กเก็ตสวยๆ
1735041520057484881,#ชุดเซตเสื้อตุ๊กตาลายช้างกางเกงจับจีบ #ชุดเซ็ตลายช้าง #ชุดผ้าไทยลายช้าง | #ชุดเซตแฟชั่นลายช้าง #ชุดเซตเสื้อกางเกงลายช้าง #ชุดเซตช้างน่ารัก | #ชุดเซตลายช้างสวยๆ #ชุดเซตเสื้อตุ๊กตา #ชุดเซตลายช้างแฟชั่น
1735398595383166038,#เสื้อแจ็กเก็ตผู้หญิง #เสื้อแจ็กเก็ตเกาหลี #เสื้อแจ็กเก็ตแฟชั่น | #เสื้อแจ็กเก็ตทรงหลวม #เสื้อแจ็กเก็ตสั้น #เสื้อแจ็กเก็ตน่ารัก | #เสื้อแจ็กเก็ต2026 #เสื้อแจ็กเก็ตผู้หญิงสไตล์เกาหลี #เสื้อแจ็กเก็ตสวยๆ
1736434273693828269,#เซตกระเป๋าเสื้อทูโทน #เซตเสื้อกางเกง #ชุดเซตแฟชั่น | #ชุดเซטทูโทน #เซตกระเป๋าเสื้อ #ชุดเซטน่ารัก | #เซตเสื้อผ้าผู้หญิง #ชุดเซטขายดี #ชุดเซטเกาหลี
1733231313402430931,#เสื้อคาร์ดิแกน #เสื้อกันหนาวผู้หญิง #คาร์ดิแกนถัก | #เสื้อลายจุด #เสื้อคลุมผู้หญิง #เสื้อผ้าแฟชั่นเกาหลี | #เสื้อกันหนาวแฟชั่น #เสื้อแขนยาวผู้หญิง #เสื้อคาร์ดิแกนไหมพรม
1735086897420011384,#เดรสไหมพรม #เดรสถัก #เดรสคอเต่า | #เดรสเซ็กซี่ #ชุดเดรสแฟชั่น #เดรสสั้น | #เดรสรูปทรงสวย #เดรสเข้ารูป #ชุดเดรสผู้หญิง
1731599193607801299,#Chemise #เดรสสั้น #ชุดเดรส | #เดรสแขนกุด #เดรสสลิมฟิต #ชุดเดรสสั้น | #เดรสเกาหลี #เดรสเรียบหรู #ชุดเดรสแฟชั่น
1735394725499209523,#Setเสื้อคอเต่าคล้องคอ #Setเสื้อคอเต่าคู่ขาสั้น #ชุดเซ็ตคอเต่า | #เสื้อคอเต่าคล้องคอ #เสื้อคอเต่าแฟชั่น #ชุดเซ็ตแฟชั่น | #เซ็ตเสื้อขาสั้น #ชุดเซ็ตผู้หญิง #เสื้อคล้องคอผู้หญิง
1730014565827971539,#Chemiseกระโปรงกางเกง #กระโปรงเทนนิส #กระโปรงกางเกง | #กระโปรงแฟชั่น #กระโปรงผู้หญิง #กระโปรงไซส์ใหญ่ | #กระโปรงสาวอวบ #กระโปรงมีซับใน #กระโปรงสั้น
1731698683124352092,#PM131 #PringPhraoMiniDress #มินิเดรส | #เดรสสั้น #ชุดเดรสแฟชั่น #เดรสคิ้วท์ๆ | #เดรสผู้หญิง #ชุดไปคาเฟ่ #เดรสน่ารักๆ
1731892833556071891,#เสื้อไหมพรม #เสื้อไหมพรมผู้หญิง #เสื้อไหมพรมแขนสั้น | #เสื้อคอวี #เสื้อแฟชั่นเกาหลี #เสื้อผู้หญิงแฟชั่น | #เสื้อกระดุมทอง #เสื้อทำงานผู้หญิง #เสื้อเรียบหรู
1733626417195288081,#ชุดอเนกประสงค์ #ชุดเซ็ตผู้หญิง #ชุดเซ็ตขาสั้น | #ชุดแฟชั่นผู้หญิง #ชุดเซ็ตน่ารัก #ชุดไปคาเฟ่ | #ชุดเซ็ตเกาหลี #ชุดลำลอง #ชุดแขนสั้น
1731594877685369299,#ชุดเดรส #ชุดเดรสยาว #เดรสแฟชั่น | #เดรสยาวแฟชั่น #เดรสเสื้อกั๊ก #ชุดเดรสทรงเอ | #เดรสฤดูร้อน #เดรสเรียบหรู #ชุดเดรสแขนกุด
1732990568036074819,#เซ็ตชมพูหวาน #เซ็ตเสื้อกระโปรง #ชุดเซ็ตแฟชั่น | #เซ็ตสายเดี่ยว #ชุดเซ็ตน่ารัก #ชุดไปคาเฟ่ | #เซ็ตเสื้อผ้าแฟชั่น #ชุดเซ็ตเกาหลี #ชุดเซ็ตผู้หญิง
1732221959086246355,#ชุดเดรส #ชุดเดรสแขนยาว #ชุดเดรสเซ็กซี่ | #ชุดเดรสเข้ารูป #ชุดเดรสสั้น #ชุดเดรสแฟชั่น | #ชุดเดรสผู้หญิง #ชุดเดรสคอยู #ชุดเดรสเชือกรูด
1729698360140139357,#เอี้ยม #เอี้ยมกระโปรง #เอี้ยมผ้าลูกฟูก | #เอี้ยมแฟชั่น #เอี้ยมOOTD #เอี้ยมเกาหลี | #เอี้ยมผู้หญิง #เอี้ยมน่ารัก #เอี้ยมสวยๆ
1730934747556514259,#เสื้อสเวตเตอร์ถัก #เสื้อสเวตเตอร์แขนยาว #เสื้อสเวตเตอร์แฟชั่น | #เสื้อกันหนาวถัก #เสื้อคลุมแขนยาว #เสื้อกันหนาวแฟชั่น | #เสื้อผ้าแฟชั่นผู้หญิง #เสื้อสเวตเตอร์สไตล์เกาหลี #เสื้อกันหนาวสไตล์เกาหลี
1733125314787837684,#NVVชุดเซ็ทขาสั้น #ชุดเซ็ทขาสั้น #ชุดเซ็ทแฟชั่น | #ชุดเซ็ทเสื้อผ้าร่อง #เสื้อผ้าร่อง #ชุดเซ็ทเสื้อร่อง | #ชุดเซ็ตกางเกงผ้าทอ #กางเกงผ้าทอ #ชุดเซ็ทเรียบหรู
1734267603546768587,#กางเกงขาสั้นคาร์โก้ #กางเกงคาร์โก้ผู้ชาย #กางเกงขาสั้นผู้ชาย | #กางเกงคาร์โก้ขาสั้น #กางเกงขาสั้นหลายกระเป๋า #กางเกงคาร์โก้แฟชั่น | #กางเกงขาสั้นคอตตอน #กางเกงขาสั้นผ้ายืด #กางเกงผู้ชายขาสั้น
1729818526243523027,#กระโปรงพลีสสั้น #กระโปรงเทนนิส #กระโปรงเกาหลี | #กระโปรงแฟชั่น #กระโปรงน่ารัก #กระโปรงมีซับใน | #กระโปรงสั้น #กระโปรงผู้หญิง #กระโปรงพร้อมส่ง
1735980511286297642,#เดรสผู้หญิง #เดรสมินิมอล #เดรสสไตล์เกาหลี | #เดรสสีดำ #เดรสเรียบหรู #เดรสเอวคอด | #เดรสสวยแพง #ชุดเดรสผู้หญิง #เดรสน่ารัก
1735250783411865043,#Chemiseเดรส #เดรสผู้หญิง #เดรสผ้าซาติน | #เดรสสไตล์ฝรั่งเศส #เดรสสายเดี่ยว #เดรสแฟชั่น | #เดรสแขนกุด #เดรสทรงยาว #เดรสเรียบหรู
1736129124021208132,#เดรสแขนสั้น #เดรสฤดูร้อน #เดรสสาวนักเรียน | #เดรสปี2026 #เดรสด้านข้างพับ #เดรสมิดชิดรัดเอว | #เดรสซ่อนสัดส่วน #เดรสเรียบหรู #เดรสไม่โปร่ง
1736274853775836894,#ชุดนอนสตรี #ชุดนอนผ้าไหมอิตาลี #ชุดนอนลายการ์ตูน | #ชุดนอนผู้หญิง #ชุดนอนน่ารัก #ชุดนอนเกรดพรีเมียม | #ชุดนอนซัมเมอร์ #ชุดนอนใส่สบาย #ชุดนอนแฟชั่น
1731575489967916499,#ชุดเดรสสั้น #ชุดเดรสแฟชั่น #ชุดเดรสผู้หญิง | #ชุดเดรสออกเดท #ชุดเดรสไปงาน #ชุดเดรสปาร์ตี้ | #ชุดเดรสเซ็กซี่ #ชุดเดรสเปิดไหล่ #ชุดเดรสหน้าร้อน
1734752001277330619,#ชุดผู้หญิงน่ารัก #ชุดผู้หญิงใส่สบาย #ชุดผู้หญิงเที่ยวคาเฟ่ | #ชุดผู้หญิงลุคหวาน #ชุดผู้หญิงแฟชั่น #ชุดผู้หญิงสวยๆ | #ชุดผู้หญิงน่ารักๆ #ชุดผู้หญิงคาเฟ่ #ชุดผู้หญิงยอดฮิต
1732907768349689299,#เสื้อเชิ้ต #เสื้อเชิ้ตแขนพอง #เสื้อลูกไม้ | #เสื้อเชิ้ตแฟชั่น #เสื้อเชิ้ตผู้หญิง #เสื้อคอกลม | #เสื้อเชิ้ตสวยๆ #เสื้อทำงาน #เสื้อผ้าแฟชั่น
1735390454353331387,#N45 #ชุดN45 #เสื้อผ้าN45 | #ชุดแฟชั่น #ชุดน่ารัก #เสื้อผ้าแฟชั่น | #เสื้อผ้าผู้หญิง #ชุดเดรสผู้หญิง #ชุดเซ็ตผู้หญิง
1732236450970437075,#เสื้อคลุมไหมพรม #เสื้อคลุมไหมพรมถักเกลียว #เสื้อคลุมไหมพรมแขนยาว | #เสื้อคลุมผู้หญิง #เสื้อคลุมแฟชั่น #เสื้อกันหนาวไหมพรม | #เสื้อคลุมเกาหลี #เสื้อคลุมราคาถูก #เสื้อคลุมนิ่มๆ
1736523727258814214,#เซ็ทเสื้อผ้าทอ #เสื้อผ้าทอแฟชั่น #ชุดเซ็ทเสื้อผ้าทอ | #เซ็ท3ชิ้น #ชุดเซ็ท3ชิ้น #เซ็ต3ชิ้นแฟชั่น | #ชุดไปคาเฟ่ #เสื้อผ้าไปคาเฟ่ #ชุดเที่ยวคาเฟ่
1729599613353036243,#กระโปรงเทนนิส #กระโปรงเอวสูง #กระโปรงสีพื้น | #กระโปรงพลีท #กระโปรงสไตล์เกาหลี #กระโปรงแฟชั่น | #กระโปรงสั้น #กระโปรงราคาถูก #กระโปรงน่ารัก
1734056925199041655,#PBDESIGNS2021 #ชุดเซ็ตเสื้อพร้อมกางเกง #ชุดเซ็ตผ้าทอยีนต์ | #ชุดเซ็ตเสื้อคอตตอน #ชุดเซ็ตแขนสั้น #ชุดเซ็ตคอปก | #ชุดเซ็ตคุณภาพพรีเมี่ยม #ชุดเซ็ตใส่สบาย #ชุดเซ็ตชายหญิง
1729624715654891723,#กางเกงขาสั้น #กางเกงผู้ชาย #กางเกงเกาหลี | #กางเกงขาสั้นชาย #กางเกงแฟชั่น #กางเกงขาสั้นผู้ชาย | #กางเกงคอตตอน #กางเกงผ้ายืด #กางเกงขาสั้น2024
1731899387896825299,#Chemiseเสื้อแจ็คเก็ตสเวตเตอร์ถัก #เสื้อแจ็คเก็ตสเวตเตอร์ถักผู้หญิง #คาร์ดิแกนสเวตเตอร์ถัก | #เสื้อแจ็คเก็ตคอกลมผู้หญิง #เสื้อคลุมคาร์ดิแกนผู้หญิง #เสื้อสเวตเตอร์ถักผู้หญิง | #เสื้อคลุมสไตล์ลูกคุณหนู #เสื้อคลุมแฟชั่นเกาหลี #เสื้อคลุมทำงานผู้หญิง
1732792112186426835,#เสื้อคาร์ดิแกน #เสื้อไหมพรมผู้หญิง #เสื้อกันหนาวเกาหลี | #คาร์ดิแกนกระดุมทอง #เสื้อคลุมไหมพรม #เสื้อแฟชั่นหน้าหนาว | #เสื้อคาร์ดิแกนถัก #เสื้อกันหนาวสไตล์ญี่ปุ่น #เสื้อโค้ทแฟชั่น
1735626408016315719,#เสื้อกล้ามแขนกุด #เสื้อกล้ามผู้หญิง #เสื้อกล้ามแฟชั่น | #เสื้อแขนกุดแฟชั่น #เสื้อแฟชั่นผู้หญิง #เสื้อผ้าผู้หญิง | #เสื้อใส่สบาย #เสื้อซับใน #เสื้อหน้าร้อน
1729868920097966547,#กระโปรงกางเกงเทนนิส #กระโปรงเทนนิส #กระโปรงกางเกง | #กระโปรงเอวสูง #กระโปรงY2K #กระโปรงแฟชั่น | #กระโปรงเกาหลี #กระโปรงลายทาง #กระโปรงสั้น
1735849234327963459,#เสื้อกล้ามไหมพรม #เสื้อไหมพรม #เสื้อกล้ามแฟชั่น | #เสื้อเชอร์รี่ #เสื้อผ้าแฟชั่น #เสื้อสาวอวบ | #เสื้อกล้ามแต่งลูกไม้ #เสื้อผ้ายืด #เสื้อน่ารักๆ
1730880458396698827,#เสื้อแจ็คเก็ต #เสื้อแจ็คเก็ตผู้ชาย #เสื้อแจ็คเก็ตแฟชั่น | #เสื้อแจ็คเก็ตเท่ๆ #เสื้อแจ็คเก็ตกันหนาว #เสื้อแจ็คเก็ตซิป | #เสื้อแจ็คเก็ตเกาหลี #เสื้อแจ็คเก็ตสไตล์ #เสื้อแจ็คเก็ตสวยๆ
1732073099858904531,#แจ็กเก็ตถักผู้หญิง #เสื้อคลุมไหมพรม #คาร์ดิแกนถัก | #เสื้อกันหนาวแฟชั่น #เสื้อผ้าหน้าหนาว #แจ็กเก็ตเกาหลี | #เสื้อไหมพรมผู้หญิง #เสื้อคลุมเกาหลี #คาร์ดิแกนผู้หญิง
1735527189564393283,#เสื้อกล้าม #เสื้อไหมพรม #เสื้อกล้ามไหมพรม | #เสื้อแฟชั่นผู้หญิง #เสื้อสาวอวบ #เสื้อโบว์เพชร | #เสื้อลูกไม้ #เสื้อไหมพรมเกาหลี #เสื้อสายเดี่ยว
1729949286394267851,#กางเกงขาสั้นผู้ชาย #กางเกงคาร์โก้ #กางเกงขาสั้นแฟชั่น | #กางเกงขาสั้นเท่ๆ #กางเกงผู้ชายสไตล์เกาหลี #กางเกงขาสั้นหลายกระเป๋า | #กางเกงขาสั้นคอตตอน #กางเกงขาสั้นสีเทา #กางเกงขาสั้นสตรีท
1733504662742074835,#เสื้อกล้ามซาติน #เสื้อกล้ามสีขาว #เสื้อลูกไม้ผู้หญิง | #เสื้อผ้าแฟชั่น #เสื้อซาตินหรู #เสื้อลูกไม้แฟชั่น | #เสื้อกล้ามแฟชั่น #เสื้อแฟชั่นเกาหลี #เสื้อผ้าผู้หญิง
1734379472750937162,#เสื้อผูกโบ #เสื้อระบาย #เสื้อแฟชั่น | #เสื้อน่ารัก #เสื้อสายเดี่ยว #เสื้อผู้หญิง | #เสื้อเกาหลี #เสื้อผ้าแฟชั่น #เสื้อสวยๆ
1732464440528635347,#เสื้อคอกลม #เสื้อกันหนาว #เสื้อไหมพรม | #เสื้อแขนยาว #เสื้อแฟชั่น #เสื้อเกาหลี | #เสื้อกันหนาวแฟชั่น #เสื้อไหมพรมแขนยาว #เสื้อแฟชั่นเกาหลี
1735575978387670100,#เสื้อสายเดี่ยว #เสื้อแฟชั่น #เสื้อสายเดี่ยวแฟชั่น | #เสื้อผ้าครัช #เสื้อสายเดี่ยวผูกโบว์ #เสื้อสม็อคหลัง | #เสื้อชายระบาย #เสื้อผ้าแฟชั่น #เสื้อสายเดี่ยวน่ารัก
1734106149320624104,#กางเกงขาสั้นคาร์โก้ #กางเกงคาร์โก้ #กางเกงขาสั้น | #กางเกงสตรีท #กางเกงแฟชั่น #กางเกงยูนิเซ็กส์ | #กางเกงขาสั้นชาย #กางเกงขาสั้นหญิง #กางเกงคาร์โก้สตรีท
1732136560568601043,#Chemise #เสื้อยืดไหมน้ำแข็ง #เสื้อแขนกุดผู้หญิง | #เสื้อไหมน้ำแข็ง #เสื้อถักแขนกุด #เสื้อกั๊กสั้น | #เสื้อแฟชั่นฤดูร้อน #เสื้อสไตล์เกาหลี #เสื้อใส่สบาย
1734693165041615946,#เสื้อแฟชั่น #เสื้อผ้าโรซี่ #เสื้อลายจุด | #เสื้อสายเดี่ยว #เสื้อผูกโบว์ #เสื้อแต่งจีบ | #เสื้อแฟชั่นผู้หญิง #เสื้อลูกไม้ #เสื้อสวยๆ
1734249794216167400,#แจ็คเก็ตผู้ชาย #เสื้อแจ็คเก็ตชาย #แจ็คเก็ตเท่ๆ | #แจ็คเก็ตคลาสสิก #เสื้อคลุมผู้ชาย #แจ็คเก็ตแฟชั่น | #เสื้อแจ็คเก็ต #แจ็คเก็ตใส่สบาย #แจ็คเก็ตทนทาน
1729570631238322196,#เสื้อครอปไหมพรม #เสื้อไหมพรม #เสื้อครอปแฟชั่น | #เสื้อยืดแขนสั้น #เสื้อแขนสั้น #เสื้อแฟชั่นผู้หญิง | #เสื้อเกาหลี #เสื้อครอปสายฝอ #เสื้อผ้าแฟชั่น
1729539666915592641,#เสื้อกล้ามแขนกุด #เสื้อกล้ามไหมพรม #เสื้อกล้ามแฟชั่น | #เสื้อไหมพรมผู้หญิง #เสื้อคอสามเหลี่ยม #เสื้อกล้ามสีพื้น | #เสื้อผ้าผู้หญิง #เสื้อแฟชั่นเกาหลี #เสื้อไหมพรมคอปก
1729563170603371246,#เดรสไหมพรม #เดรสกระดุมเงิน #เดรสแซ่บๆ | #เดรสแหวกขา #เดรสแฟชั่น #เดรสผู้หญิง | #เดรสน่ารัก #ชุดเดรสแฟชั่น #เดรสสวยๆ
1729432897632701330,#กางเกงขาสั้นผู้ชาย #กางเกงขาสั้นชาย #กางเกงขาสั้น #กางเกงขาสั้นไซส์ใหญ่ #กางเกงขาสั้นแฟชั่น #กางเกงขาสั้นลำลอง #กางเกงขาสั้นหลายกระเป๋า #กางเกงขาสั้นเอويางยืด #กางเกงขาสั้นสีทึบ
1729570642149083156,#เสื้อครอปเปิดไหล่ #เสื้อปาดไหล่ #เสื้อครอปเกาหลี | #เสื้อสายฝอ #เสื้อแฟชั่นผู้หญิง #เสื้อครอปแฟชั่น | #เสื้อปาดไหล่แฟชั่น #เสื้อแขนยาวผู้หญิง #เสื้อสไตล์เกาหลี
1729459486188211088,#กางเกงขาสั้นชาย #กางเกงขาสั้น #กางเกงขาสั้นผ้าคอตตอน | #กางเกงขาสั้นไม่ต้องรีด #กางเกงขาสั้นใส่สบาย #กางเกงขาสั้นคุณภาพดี | #กางเกงขาสั้นแฟชั่น #กางเกงขาสั้นผู้ชาย #กางเกงผ้าคอตตอน
1729466659568388373,#เสื้อครอปไหมพรม #เสื้อครอปแขนสั้น #เสื้อไหมพรมลายทาง | #เสื้อครอปแฟชั่น #เสื้อไหมพรมเกาหลี #เสื้อผ้าแฟชั่นผู้หญิง | #เสื้อครอปน่ารัก #เสื้อลายทาง #เสื้อไหมพรมถัก
1729560454004312660,#เสื้อครอปสุดฮิต #เสื้อครอปแฟชั่น #เสื้อครอปราคาถูก | #เสื้อครอปสายเดี่ยว #เสื้อสายเดี่ยว #สายเดี่ยวแฟชั่น | #สปอร์ตบรา #เสื้อออกกำลังกาย #บราสปอร์ต
1729432625116187102,#สูทผู้หญิงแฟชั่น #สูทผู้หญิงเกาหลี #สูทผู้หญิงแขนสั้น | #สูทแขนสั้นผู้หญิง #สูทแฟชั่นเกาหลี #เสื้อสูทผู้หญิง | #สูทผู้หญิงพร้อมส่ง #สูทผู้หญิงสไตล์เกาหลี #เสื้อสูทแฟชั่น
1729467587015052070,#เดรสลายริ้ว #เดรสแฟชั่น #เดรสผู้หญิง | #เดรสผ้ายืด #เดรสสั้น #ชุดเดรส | #เดรสราคาถูก #เดรสน่ารัก #ชุดเดรสแฟชั่น
1729583737225447902,#S40ชุดเซ็ตลายสก็อต #ชุดเซ็ตลายสก็อต #ชุดเซ็ตแฟชั่น | #ชุดเซ็ตขาสั้นขายาว #ชุดเซ็ตน่ารัก #ชุดเซ็ตผู้หญิง | #ชุดเซ็ตแขนตุ๊กตา #ชุดเซ็ตลายสก็อตผู้หญิง #ชุดเซ็ตใส่นอน
1729652054250326851,#เดรสแฟชั่น #เดรสไหมพรม #เดรสสวยๆ | #เดรineทรงกล้าม #เดรสสาวอวบ #เดรสสั้น | #ชุดเดรส #เสื้อผ้าแฟชั่น #เดรสราคาถูก
1729661789753019203,#ชุดเซตผ้าไหมพรม #ชุดเซตแฟชั่น #ชุดเซตผู้หญิง | #ชุดเซตคู่เดรส #ชุดเซตเสื้อคลุม #ชุดเซตน่ารัก | #ชุดเซตราคาถูก #ชุดเซตสวยๆ #ชุดเซตมาใหม่
1729673585717578563,#เดรสไหมพรม #เดรสสายเดี่ยว #เดรสพาสเทล | #เดรสร่องเข้ารูป #เดรสแฟชั่นเกาหลี #เดรสถักลายเส้น | #เดรสสวยเก๋ #เดรสฟรีไซส์ #เดรสผ้ายืด
1729682479201553219,#มินิเดรสแฟชั่น #เดรสไหมพรม #ชุดเดรสผู้หญิง | #มินิเดรสเกาหลี #เดรสสั้นน่ารัก #ชุดไปคาเฟ่ | #เดรสไหมพรมรัดรูป #มินิเดรสเซ็กซี่ #ชุดเดรสแฟชั่น
1729685711331822403,#เสื้อแฟชั่น #เสื้อไหมพรม #เสื้อแขนชีฟอง | #เสื้อแฟชั่นผู้หญิง #เสื้อไหมพรมร่อง #เสื้อแขนตุ๊กตา | #เสื้อแฟชั่นเกาหลี #เสื้อคอยู #เสื้อแต่งปกกระดุม
1730074668553898227,#จั๊มสูทลายดอกไม้ #จั๊มสูทวินเทจ #จั๊มสูทผู้หญิง | #ชุดจั๊มสูทแฟชั่น #จั๊มสูทใส่เที่ยว #จั๊มสูทเซ็กซี่ | #จั๊มสูทสวยหรู #จั๊มสูทฤดูร้อน #จั๊มสูทน่ารัก
1729987586641660066,#ชุดเซ็ทปั้มนูน #ชุดเซ็ทแฟชั่น #ชุดเซ็ทผู้หญิง | #ชุดเซ็ทงานปัก #ชุดเซ็ทน่ารัก #ชุดเซ็ทใส่เที่ยว | #ชุดเซ็ทขายาว #ชุดเซ็ทฟรีไซส์ #ชุดเซ็ทสุดคุ้ม
1729959415508405071,#ปั๊มลม #ปั๊มลมไฟฟ้า #ปั๊มลมพกพา | #ปั๊มลมติดรถยนต์ #ปั๊มลม12V #ปั๊มลมมินิ | #เครื่องปั๊มลม #ปั๊มลมรถยนต์ #ปั๊มลมไฟฟ้าพกพา
1729847632022506307,#ชุดเซ็ตเสื้อกล้าม #ชุดเซ็ตไหมพรม #ชุดเซ็ตแฟชั่น | #ชุดเซ็ต3ชิ้น #ชุดเซ็ตผู้หญิง #ชุดเซ็ตทำงาน | #ชุดเซ็ตน่ารัก #ชุดเซ็ตเกาหลี #ชุดเซ็ตราคาถูก
1729774409893382305,#เสื้อยืดสาวอวบ #เสื้อผ้าไซส์ใหญ่ #เสื้อคนอ้วน | #เสื้อโอเวอร์ไซส์ #เสื้อยืดแฟชั่น #เสื้อผ้าแฟชั่น | #เสื้อยืดเกาหลี #เสื้อผ้าสาวอวบ #เสื้อไซส์ใหญ่
1729560705962445507,#จั้มสูทขายาว #จั้มสูทลายริ้ว #จั้มสูทผ้าไหมอิตาลี่ | #จั้มสูทแฟชั่น #จั้มสูทผู้หญิง #จั้มสูทสวยๆ | #จั้มสูทใส่สบาย #ชุดจั้มสูทขายาว #ชุดจั้มสูทแฟชั่น
1729591059870222402,#iMIpowerbank #พาวเวอร์แบงค์ #แบตสำรอง | #iMI10000mAh #พาวเวอร์แบงค์10000mAh #แบตสำรองพกพา | #แบตสำรองมีสายชาร์จ #พาวเวอร์แบงค์สายในตัว #แบตสำรองของแท้
1730110671317535205,#ผ้าห่อตัวเด็กแรกเกิด #ผ้าห่อตัวทารก #ผ้าห่มเด็ก | #ผ้าห่อตัวเด็ก #ผ้าห่อตัวแรกเกิด #ผ้าห่มทารก | #ผ้าห่อตัวเด็กอ่อน #ผ้าห่อตัวลายส้ม #ผ้าห่มเด็กแรกเกิด
1729827555457730717,#เครื่องตัดหญ้า #เครื่องตัดหญ้าไร้สาย #ตัดหญ้าไร้สาย | #เครื่องตัดหญ้าอนเซ็น #ตัดหญ้าอนเซ็น #เครื่องตัดหญ้าONMW42 | #เครื่องตัดหญ้าแบตเตอรี่ #ตัดหญ้าแบตเตอรี่ #เครื่องตัดหญ้าพกพา
1736407623392593075,#เสื้อยืด #เสื้อยืดคอวี #เสื้อยืดลายทาง | #เสื้อผ้าแฟชั่น #เสื้อเกาหลี #เสื้อสาวอวบ | #เสื้อใส่สบาย #เสื้อผ้าผู้หญิง #เสื้อสไตล์เกาหลี
1733007597324830459,#หม้อทอดลม #หม้อทอดไร้น้ำมัน #หม้อทอด5ลิตร | #หม้อทอดไฟฟ้า #หม้อทอดไร้น้ำมัน5ลิตร #หม้อทอดอเนกประสงค์ | #หม้อทอดSmato #หม้อทอดไร้น้ำมันSmato #หม้อทอดขนาดใหญ่
1731401966342933085,#พาวเวอร์แบงค์UGREEN #แบตสำรองUGREEN #พาวเวอร์แบงค์20W | #พาวเวอร์แบงค์ชาร์จเร็ว #แบตสำรองไอโฟน #พาวเวอร์แบงค์20000mah | #พาวเวอร์แบงค์10000mah #แบตสำรองของแท้ #พาวเวอร์แบงค์พกพา
1731965220510468840,#TurboFan #พัดลมมือถือ #BladelessPocketFan | #พัดลมพกพา #พัดลมมินิ #พัดลมไร้ใบพัด | #พัดลมมือถือพกพา #พัดลมพกพาจิ๋ว #พัดลมพกพา100ระดับ
1731810000374237864,#กระเป๋าเดินทางTpartner #กระเป๋าเดินทางRimway #Tpartnerกระเป๋าเดินทาง | #กระเป๋าเดินทางล้อลาก #กระเป๋าเดินทางเฟรมซิป #กระเป๋าเดินทางไซส์ใหญ่ | #กระเป๋าเดินทางขึ้นเครื่อง #กระเป๋าเดินทางแฟชั่น #กระเป๋าเดินทางของแท้
1732002842998966754,#ไดร์เป่าผมเลอซาช่า #ไดร์เป่าผมLESASHA #ไดร์เป่าผมพกพา | #ไดร์เป่าผมแห้งไว #ไดร์เป่าผมเสียงเบา #ไดร์เป่าผมราคาถูก | #เลอซาช่าชิคไลฟ์ลี่ #ไดร์เป่าผมมินิ #ไดร์เป่าผมแฟชั่น
1733000510738826403,#Powerbank10000mAh #พาวเวอร์แบงค์UKIKI #แบตสำรองบางเบา | #พาวเวอร์แบงค์ราคาถูก #แบตสำรองพกพา #พาวเวอร์แบงค์ของแท้ | #แบตสำรอง10000mAh #Powerbankบาง #พาวเวอร์แบงค์ชาร์จไว
1734966158383612963,#ลำโพงบลูทูธAcer #ลำโพงOSK293 #ลำโพงบลูทูธ15w | #ลำโพงพกพาแท้ #ลำโพงเบสหนัก #ลำโพงสเตอริโอ | #ลำโพงบลูทูธเสียงดี #ลำโพงบลูทูธไร้สาย #ลำโพงAcerแท้
1733232014081623224,#ลำโพงบลูทูธ #ลำโพงไร้สาย #ลำโพงพกพา | #JMAX2PRO #ลำโพงบลูทูธเบสแน่น #ลำโพงบลูทูธเสียงดี | #ลำโพงบลูทูธ20W #ลำโพงบลูทูธของแท้ #ลำโพงบลูทูธสายหนัง
1732466302661854340,#พัดลมติดเอว #พัดลมพกพา #พัดลมUSB | #พัดลมกลางแจ้ง #พัดลมแคมป์ปิ้ง #พัดลมมือถือ | #พัดลมZOLURA #พัดลมทำงานกลางแจ้ง #พัดลมพกพาZOLURA
1731779260665596183,#เต็นท์ปิกนิก #เต็นท์สปริง #เต็นท์กางเอง | #เต็นท์4คน #เต็นท์5คน #เต็นท์แคมป์ปิ้ง | #เต็นท์กันฝน #เต็นท์เดินป่า #เต็นท์สนาม
1732925528786961622,#กล้องวงจรปิด #กล้องวงจรปิดในบ้าน #กล้องวงจรปิดไร้สาย | #กล้องวงจรปิด5MP #กล้องวงจรปิดwifi #กล้องวงจรปิดคมชัด | #กล้องวงจรปิดดูผ่านมือถือ #กล้องวงจรปิดราคาถูก #กล้องวงจรปิดยอดฮิต
1731220318281893356,#ถ้วยใส่อาหารสัตว์ #ชามอาหารแมว #ชามสุนัข | #ถ้วยอาหารหมา #ชามข้าวแมว #ชามสัตว์เลี้ยง | #ถ้วยอาหารสัตว์ #ชามอาหารสัตว์ #ชามแมวปรับระดับ
1731776995749168545,#CommyPowerbank #พาวเวอร์แบงค์10000mAh #แบตสำรองชาร์จเร็ว | #พาวเวอร์แบงค์บางเบา #แบตสำรองขนาดเล็ก #CommyA001 | #พาวเวอร์แบงค์ของแท้ #แบตสำรองพกพา #พาวเวอร์แบงค์ราคาถูก
1735027806444815965,#UGREENCharger65W #หัวชาร์จUGREEN #อุกรีนชาร์จเร็ว | #GaNCharger65W #หัวชาร์จ65W #หัวชาร์จTypeC | #อะแดปเตอร์ชาร์จเร็ว #หัวชาร์จมือถือ #ที่ชาร์จUGREEN
1731416839689439787,#โซฟานั่งพื้น #LazySofa #BeanBagSofa | #โซฟาเบาะนุ่ม #โซฟาคอนโด #โซฟามินิมอล | #โซฟาห้องนอน #โซฟาห้องนั่งเล่น #โซฟาเม็ดโฟม
1731747992163093028,#โถส้วมเคลื่อนที่ #สุขภัณฑ์เคลื่อนที่ #เก้าอี้นั่งถ่าย | #โถส้วมผู้สูงอายุ #สุขภัณฑ์ผู้ป่วย #เก้าอี้คนแก่ | #โถส้วมพลาสติก #สุขภัณฑ์ABS #เก้าอี้สุขภัณฑ์
1731677490338892402,#ชุดกล่องเก็บเครื่องมือ #กล่องเก็บเครื่องมือ #กล่องเครื่องมือ | #กล่องเครื่องมือOSUKA #ชุดกล่องเครื่องมือOSUKA #กล่องเก็บเครื่องมือOSUKA | #กล่องใส่อุปกรณ์ช่าง #กล่องเครื่องมือช่าง #ลังเก็บเครื่องมือ
1731165296604252841,#ยางปีนไต่ฟุตบาท #ยางปีนฟุตบาท #ยางไต่ฟุตบาท | #ยางสามเหลี่ยม #ยางปีนไต่ #ยางไต่ทางเท้า | #ยางปีนฟุตบาทหนา #ยางปีนไต่PE #ยางสามเหลี่ยมฟุตบาท
1734412256695912074,#ทางลาด #ยางปีนขอบฟุตบาท #ยางปีนฟุตบาท | #ทางลาดรถเข็น #ยางไต่ระดับ #ทางลาดสำเร็จรูป | #ยางปีนไต่ฟุตบาท #ทางลาดยางขึ้นฟุตบาท #ทางขึ้นฟุตบาท
1730369331385829834,#แว่นตาVR #VRPARKJ20 #แว่นVR3D | #แว่นตาเสมือนจริง #แว่นVRมือถือ #แว่นเล่นเกมVR | #แว่นVRดูหนัง #แว่นVRพร้อมหูฟัง #แว่นVRราคาถูก
1733896525304137533,#ที่นอนในรถ #iRemaxAirBed #ที่นอนเบาะหลังรถ | #เตียงลมในรถยนต์ #เบาะนอนกลางแจ้ง #ที่นอนเด็กในรถ | #เตียงลมพกพา #ที่นอนรถยนต์ #เบาะรองนอนในรถ
1734001621836859341,#หุ่นยนต์สุนัข #หุ่นยนต์สุนัขอัจฉริยะ #หุ่นยนต์สุนัขบังคับ | #หุ่นยนต์บังคับวิทยุ #หุ่นยนต์ของเล่น #หุ่นยนต์เด็ก | #หุ่นยนต์สุนัขแปดล้อ #หุ่นยนต์ผาดโผน #หุ่นยนต์รีโมท
1731573935233730861,#ไฟควบคุมเสียง #แถบไฟควบคุมเสียง #ไฟควบคุมเสียงRGB | #ไฟจังหวะดนตรี #แถบไฟจังหวะดนตรี #ไฟเพลงตามจังหวะ | #ไฟLEDควบคุมเสียง #ไฟRGBควบคุมเสียง #ไฟดนตรีLED
1731374196782172457,#เครื่องดูดฝุ่นไร้สาย #เครื่องดูดฝุ่นOUYILI #เครื่องดูดฝุ่น130000PA | #เครื่องดูดฝุ่นในบ้าน #เครื่องดูดฝุ่นรถยนต์ #เครื่องดูดฝุ่นพกพา | #เครื่องดูดฝุ่นพลังสูง #เครื่องดูดฝุ่นอัจฉริยะ #เครื่องดูดฝุ่นแห้งเปียก
1733210313808839725,#นาฬิกาอัจฉริยะ #นาฬิกาส마트워치 #นาฬิกาผู้ชาย | #นาฬิกาผู้หญิง #นาฬิกาโทรได้ #สมาร์ทวอทช์ | #นาฬิกาออกกำลังกาย #นาฬิกาแฟชั่น #นาฬิกาข้อมือ
1732010483425707781,#โปรเจคเตอร์4k #โปรเจคเตอร์wifi #โปรเจคเตอร์android | #โปรเจคเตอร์พกพา #โปรเจคเตอร์จอใหญ่ #โปรเจคเตอร์มินิ | #โปรเจคเตอร์ไร้สาย #โปรเจคเตอร์มือถือ #โปรเจคเตอร์ราคาถูก
1733974615370466805,#ไมโครโฟนไร้สาย #ไมค์ลอยคู่ #ไมค์โครโฟนUHF | #ไมโครโฟนพกพา #ไมค์ร้องคาราโอเกะ #ไมค์ไร้สายคู่ | #ไมโครโฟนบลูทูธ #ไมค์ไลฟ์สด #ไมค์ออกงาน
1729549913619270022,#เตาแก๊สKashiwa #เตาแก๊สอินฟาเรด #เตาแก๊สหัวเดี่ยว | #เตาแก๊สหน้ากระจก #เตาแก๊สประหยัดไฟ #เตาแก๊สทำอาหาร | #เตาแก๊สพกพา #เตาแก๊สทนทาน #เตาแก๊สบ้าน ๆ
1729609715343788346,#เครื่องทำขนมครกญี่ปุ่น #เครื่องทำทาโกะยากิ #เตาทาโกะยากิ | #เครื่องทำขนมครก #เตาทำขนมครก #เครื่องทำขนมครกไฟฟ้า | #CASIKO #เครื่องทาโกะยากิ #เตาขนมครกญี่ปุ่น
1729625319906379781,#กระติกน้ำร้อน #กระติกน้ำร้อนไฟฟ้า #Kashiwa | #กระติกน้ำร้อน2.5ลิตร #กาน้ำร้อนไฟฟ้า #กระติกต้มน้ำ | #เครื่องใช้ไฟฟ้าในครัว #กระติกน้ำร้อนKashiwa #กาน้ำร้อน
1729659107101019065,#ถังข้าวสาร #ลังใส่ของ #กล่องเก็บข้าวสาร | #ถังข้าวสารกันแมลง #กล่องข้าวสาร #ถังใส่ข้าวสาร | #ลังพลาสติก #กล่องพลาสติก #ถังเก็บข้าวสาร
1729720326814337295,#หวดนึ่งข้าว #มวยนึ่งข้าว #หวดนึ่งข้าวเหนียว | #มวยซิ่ง #หวดนึ่งข้าวมีฝา #หวดนึ่งข้าวไม้ไผ่ | #อุปกรณ์นึ่งข้าว #เครื่องครัวพื้นบ้าน #หวดนึ่งข้าวขนาดเล็ก
1729857713198566331,#ฟิล์มติดกระจก #ฟิล์มกระจกสุญญากาศ #ฟิล์มติดกระจกลายลอนแก้ว | #สติ๊กเกอร์ติดกระจก #ฟิล์มติดกระจกกันคนมอง #ฟิล์มติดกระจกห้องนอน | #ฟิล์มติดกระจกบ้าน #ฟิล์มติดกระจกออฟฟิศ #ฟิล์มติดกระจก90x200
1729935740426029918,#กล่องใส่นาฬิกา #กล่องเก็บนาฬิกา #กล่องนาฬิกา | #กล่องใส่นาฬิกา6เรือน #กล่องใส่นาฬิกาไม้ #กล่องใส่นาฬิกากระจก | #กล่องใส่นาฬิกาล็อคได้ #กล่องใส่นาฬิกาสวยหรู #กล่องใส่นาฬิกาพรีเมียม
1730406410883468062,#หม้อเกาหลี #หม้อหินเกาหลี #หมวดเกาหลีราคาถูก | #หม้อเกาหลีพร้อมถาด #หม้อดินเผาเกาหลี #หม้อหินทำอาหาร | #ชามหินเกาหลี #ชามเกาหลีบิบิมบับ #หม้อหินเกาหลีแท้
1730759363410889016,#กล่องแสดงหมวกกันน็อค #กล่องอะคริลิ -โชว์ #กล่องเก็บหมวกกันน็อค | #ตู้โชว์หมวกกันน็อค #กล่องโชว์หมวกกันน็อค #กล่องใส่หมวกกันน็อค | #กล่องแสดงผลอะคริลิค #กล่องเก็บของสะสม #ชั้นวางหมวกกันน็อค
1730869360079965129,#ชั้นวางของครัว #ชั้นวางของมินิมอล #ชั้นวางของในครัว | #ชั้นวางของอเนกประสงค์ #ชั้นวางของโลหะ #ชั้นวางของราคาถูก | #ชั้นวางของห้องนั่งเล่น #ชั้นวางของแต่งบ้าน #ชั้นวางของประหยัดพื้นที่
1731329781078526739,#ชามก๋วยเตี๋ยว #ชามราเมน #ชามเซรามิก | #ชามญี่ปุ่น #ชามใส่ก๋วยเตี๋ยว #ชามพอร์ซเลน | #ชามหม้อไฟ #ชามสีดำ #ชามสวยๆ
1731414523400915126,#เขียงพลาสติก #เขียงหนาพิเศษ #เขียงPE | #เขียงแอนตี้แบคทีเรีย #เขียงพลาสติกใหญ่ #เขียงพลาสติกหนา | #เขียงทรงสี่เหลี่ยม #เขียงประกอบอาหาร #เขียงอเนกประสงค์
1731532630934652526,#ฟองน้ำล้างจาน #ฟองน้ำล้างจาน20ชิ้น #ฟองน้ำอเนกประสงค์ | #ฟองน้ำทำความสะอาด #ฟองน้ำล้างจานราคาถูก #ฟองน้ำล้างจานราคาส่ง | #ฟองน้ำล้างจานหนา #ฟองน้ำล้างจานใช้ดี #ฟองน้ำล้างจานคุณภาพดี
1731601615466957688,#กระจกตกแต่งผนัง #กระจกติดผนัง #กระจกอะคริลิค | #กระจกแต่งห้อง #กระจกห้องน้ำ #กระจกห้องนอน | #กระจกมินิมอล #กระจกแต่งบ้าน #กระจกติดผนังไร้กรอบ
1732160990278420535,#ชั้นวางเครื่องปรุง #ชั้นวางของ #ชั้นวางเครื่องเทศ | #ชั้นวางขวดเครื่องปรุง #ชั้นวางในครัว #ชั้นวางของในครัว | #ชั้นวางเครื่องปรุง3ชั้น #ชั้นวางขวดโหล #ชั้นวางของอเนกประสงค์
1732181567757650262,#เครื่องพ่นอโรม่า #เครื่องพ่นไอน้ำ #เครื่องทำความชื้น | #เครื่องพ่นน้ำหอม #Airhumidifier #เครื่องพ่นอโรม่า3000ml | #เครื่องพ่นไอน้ำอโรมา #เครื่องพ่นอโรม่าปรับอากาศ #เครื่องพ่นไอน้ำเพิ่มความชื้น
1732213125383883503,#ผ้าเช็ดครัว #ผ้าเช็ดจาน #ผ้าไมโครไฟเบอร์ | #ผ้าทำความสะอาด #ผ้าเช็ดโต๊ะ #ผ้าอเนกประสงค์ | #ผ้าดูดซับน้ำ #ผ้าเช็ดคราบ #ผ้าหนาพิเศษ
1732278801862658083,#เครื่องซีลสูญญากาศ #เครื่องสูญญากาศ #เครื่องซีล | #เครื่องซีลปิดปากถุง #เครื่องซีลถุง #เครื่องซีลอเนกประสงค์ | #ซีลสูญญากาศ #ถุงซีลสูญญากาศ #เครื่องซีลอาหาร
1732395812223288765,#กล่องใส่เครื่องประดับ #กล่องเก็บต่างหู #กล่องใส่แหวน | #กล่องเครื่องประดับ3ชั้น #กล่องเก็บเครื่องประดับ #กล่องใส่เครื่องประดับหนังPU | #กล่องเครื่องประดับ #กล่องเก็บของมีค่า #กล่องใส่เครื่องประดับมีล็อค
1732551223901455756,#ผ้าม่านกั้นห้อง #ผ้าม่านกันแอร์ #ผ้าม่านราคาถูก | #ม่านกั้นห้อง #ม่านกันแอร์ #ม่านห้องนอน | #ผ้าม่านสวยๆ #ม่านแต่งห้อง #ผ้าม่านมินิมอล
1733078990513866144,#เชือกซักผ้า #เชือกตากผ้า #เชือกสแตนเลส | #เชือกตากผ้าสแตนเลส #ราวตากผ้าคอนโด #ที่ตากผ้าพับได้ | #เชือกตากผ้ากันลม #ไม้แขวนผ้าสแตนเลส #ที่ตากผ้าประหยัดพื้นที่
1733122050890171773,#SUNชั้นวางของบนโต๊ะ #ชั้นวางของบนโต๊ะ #ชั้นวางของมินิมอล | #ชั้นจัดระเบียบบนโต๊ะทำงาน #ชั้นเก็บของบนโต๊ะ #ที่วางของบนโต๊ะ | #ชั้นวางหนังสือบนโต๊ะ #ชั้นวางของพลาสติก #ชั้นวางของไม้
1733356026887242975,#เซ็ตน้ำชา #ของขวัญปีใหม่ #ของชำร่วย | #ชุดน้ำชาพรีเมียม #ของขวัญวันเกิด #ของรับไหว้ | #ชุดน้ำชาเซรามิก #ของขวัญผู้ใหญ่ #ของชำร่วยงานแต่ง
1733552600556340619,#ตัวล็อคสายไฟ #ที่เก็บสายไฟ #คลิปเก็บสายไฟ | #ตัวหนีบสายไฟ #ตัวยึดสายไฟ #ตัวล็อกสายไฟ | #ที่จัดระเบียบสายไฟ #คลิปล็อคสายไฟ #ที่หนีบสายไฟ
1733634467377350314,#ชั้นวางหมวกกันน็อก #ที่วางหมวกกันน็อก #ที่แขวนหมวกกันน็อก | #ชั้นวางหมวก #ที่แขวนหมวก #ที่เก็บหมวกกันน็อก | #ชั้นวางหมวกติดผนัง #ที่แขวนหมวกติดผนัง #ที่วางหมวกมอเตอร์ไซค์
1733638180311631667,#รถเข็นจัดเก็บ #รถเข็นสไตล์จีน #รถเข็นหลายชั้น | #รถเข็นข้างโซฟา #รถเข็นข้างเตียง #รถเข็นล้อหมุน | #ชั้นวางของมีล้อ #โต๊ะข้างเตียง #เฟอร์นิเจอร์แต่งห้อง
1734018840973444946,#ชั้นเก็บกุญแจ #ที่แขวนกุญแจ #ตะขอแขวนกุญแจ | #ที่แขวนกุญแจติดผนัง #ชั้นวางติดผนัง #ที่แขวนของติดผนัง | #แต่งบ้านมินิมอล #ของแต่งบ้าน #แต่งผนังบ้าน
1734258683443119714,#ชั้นวางรองเท้า #ราวแขวนเสื้อผ้า #ชั้นวางของ | #ชั้นวางรองเท้า2in1 #ราวแขวนผ้า #ชั้นวางของอเนกประสงค์ | #ชั้นวางรองเท้าเหล็ก #ราวแขวนผ้าอเนกประสงค์ #ชั้นวางของ4ชั้น
1734582567115326547,#ราวตากผ้า #ราวตากผ้าพกพา #ราวตากผ้าไนลอน | #ราวตากผ้าคอนโด #ราวตากผ้าเดินทาง #ราวตากผ้ากันลื่น | #ราวตากผ้า10เมตร #ราวตากผ้า5เมตร #ราวตากผ้าสนุก
1734626816135038534,#แปรงล้างหม้อไม้ไผ่ #แปรงล้างหม้อ #แปรงทำความสะอาดครัว | #แปรงล้างจาน #แปรงอเนกประสงค์ #แปรงขัดหม้อ | #แปรงด้ามจับแข็งแรง #แปรงไม้ไผ่ธรรมชาติ #แปรงขจัดคราบ
1734949438049846788,#เชือกตากผ้า #ลวดสลิงตากผ้า #ราวตากผ้าสลิง | #เชือกราวตากผ้า #ลวดสลิงแขวน #สลิงตากผ้า | #เชือกตากผ้ากลางแจ้ง #ลวดสลิงกันสนิม #ราวตากผ้าสแตนเลส
1734956365612746214,#กล่องเก็บเครื่องสำอาง #กล่องจัดระเบียบ #ชั้นวางเครื่องสำอาง | #กล่องเก็บของโต๊ะทำงาน #กล่องเครื่องสำอางมีลิ้นชัก #กล่องใส่ลิปสติก | #กล่องเก็บของสีดำ #ชั้นวางของอเนกประสงค์ #กล่องจัดระเบียบโต๊ะทำงาน
1734999314552817654,#โครงย่าง #โครงย่างอเนกประสงค์ #โครงย่างในบ้าน | #อุปกรณ์ปิ้งย่าง #เตาปิ้งย่าง #อุปกรณ์ทำอาหาร | #ย่างเนื้อ #ย่างปลา #ย่างหมู
1735177883040581238,#กล่องใส่เครื่องประดับ #กล่องเก็บเครื่องประดับ #กล่องเครื่องประดับ | #กล่องใส่แหวน #กล่องใส่ต่างหู #กล่องใส่สร้อย | #กล่องเครื่องประดับหนังPU #กล่องใส่เครื่องประดับมีล็อค #กล่องเก็บเครื่องประดับ2ชั้น
1735213350183470987,#ชั้นวางของในห้องครัว #ชั้นวางของมีล้อ #ชั้นวางของเหล็ก | #ชั้นวางไมโครเวฟ #ชั้นวางของอเนกประสงค์ #ชั้นวางของในครัว | #ชั้นวางของหลายชั้น #ชั้นวางของราคาถูก #ชั้นวางของล้อเลื่อน
1735694209263633836,#โต๊ะรีดผ้า #โต๊ะรีดผ้าพับได้ #โต๊ะรีดผ้าสะท้อนความร้อน | #โต๊ะรีดผ้าขาu #โต๊ะรีดผ้าขนาดเล็ก #โต๊ะรีดผ้านั่งรีด | #โต๊ะรีดผ้าพกพา #โต๊ะรีดผ้าคอนโด #โต๊ะรองรีดผ้า
1735761825927103946,#เครื่องทำวาฟเฟิล #เครื่องทำวาฟเฟิลมินิ #เครื่องอบวาฟเฟิล | #เครื่องทำขนมไข่ #เครื่องทำโดนัท #เครื่องอาหารเช้า | #เครื่องครัว #ทำขนม #พกพา
1736290781714351842,#กล่องเก็บข้าวสาร #ถังเก็บข้าวสาร #กล่องใส่ข้าวสาร | #กล่องเก็บอาหารแห้ง #ถังใส่ข้าวสาร #กล่องข้าวสาร | #ที่เก็บข้าวสาร #ถังข้าวสาร #กล่องเก็บของในครัว
1736540310644426165,#ตะกร้าเสื้อผ้า #ตะกร้าผ้าสกปรก #ตะกร้าพลาสติก | #ตะกร้ามีหูหิ้ว #ตะกร้าอเนกประสงค์ #ตะกร้าจัดเก็บ | #ตะกร้าใส่ผ้า #ตะกร้าผ้าหนา #ตะกร้าสไตล์มินิมอล
1731474011755742883,#เข่งพลาสติก #เข่งพลาสติกเบอร์7 #เข่งดำจิ๋ว | #เข่งปลูกต้นไม้ #เข่งใส่ของ #เข่งพลาสติกราคาถูก | #เข่งจิ๋ว #เข่งดํา #เข่งพลาสติกเกรดB
1733520013731268032,#ขาครก #ขาครกไม้ #ขาตั้งครก | #ขาครกส้มตำ #ขาครกราคาถูก #ขาครกสวยๆ | #ขาครก80ซม #ขาครกทรงสูง #ขาครกไม้ไผ่
1732552225725056440,#Kashiwa #พัดลมตั้งพื้น #พัดลม18นิ้ว | #พัดลมKashiwa #พัดลมขนาด18นิ้ว #พัดลมไฟฟ้า | #พัดลมราคาถูก #พัดลมตั้งพื้น18นิ้ว #พัดลมมินิมอล
1733656040373978360,#ตู้เสื้อผ้าพลาสติก #ตู้เสื้อผ้าพับได้ #ตู้เก็บของพลาสติก | #ตู้เสื้อผ้ามีล้อ #ตู้เก็บเสื้อผ้า #ตู้ใส่เสื้อผ้า | #ตู้เสื้อผ้าประหยัดพื้นที่ #ตู้เสื้อผ้าคอนโด #ตู้เสื้อผ้าหอพัก
1734719647988942345,#ฝาครอบตาข่ายอาหาร #ตะกร้าเก็บของ #ถาดตะกร้าหอทอมือ | #ฝาครอบอาหารตาข่าย #ตะกร้าเก็บของมินิมอล #ถาดตะกร้าสาน | #ฝาครอบอาหารกันแมลง #ตะกร้าใส่ผลไม้ #ถาดตะกร้าปิกนิก
1732615876178838777,#กล่อง65ลิตร #กล่องพลาสติก #กล่องเก็บของ | #กล่องมีล้อ #กล่องมีฝาปิด #กล่องเก็บของมีล้อ | #กล่องพลาสติกมีฝา #กล่องเก็บของ65ลิตร #กล่องใส่ของ
1730418121644345658,#Topper #ท็อปเปอร์ #ฟูกนอน | #ที่นอนท็อปเปอร์ #เบาะรองนอน #ท็อปเปอร์หนาๆ | #ท็อปเปอร์หนา8นิ้ว #ท็อปเปอร์ใย4ชั้น #ที่นอนนุ่มๆ
1729659734286174407,#เปลหัวไม้ #เปลญวน #เปลญวนหัวไม้ | #เปลนอน #เปลผ้า #เปลญวนเด็ก | #เปลไกว #เปลญวนผู้ใหญ่ #เปลญวนราคาถูก
1732972002328609972,#ลิ้นชักพลาสติก #ลิ้นชักเก็บของ #ลิ้นชัก3ชั้น | #ลิ้นชัก5ชั้น #ลิ้นชัก7ชั้น #ลิ้นชักใส่เสื้อผ้า | #ตู้เก็บของ #โต๊ะข้างเตียง #ตู้เสื้อผ้าเด็ก
1736190445257262633,#ชั้นวางชามช้อน #ชั้นวางจานชาม #ชั้นวางของในครัว | #ที่วางจานชาม #ที่เก็บจานชาม #ชั้นวางชามพลาสติก | #ชั้นวางจานมีฝาปิด #ชั้นวางเครื่องครัว #ที่คว่ำจานชาม
1731257217912046627,#หม้อ #หม้อสตูว์ #หม้อสแตนเลส | #หม้อทรงสูง #หม้อสแตนเลสแท้ #หม้อสตูล | #หม้อต้มน้ำท่อม #หม้อน้ำซุป #หม้อต้มอาหาร
1731577697311097997,#ตู้เก็บของอะคริลิก #ตู้เก็บของพับได้ #ตู้เก็บของมินิมอล | #ตู้เก็บเครื่องสำอาง #ตู้เก็บของตั้งโต๊ะ #ตู้เก็บของกันฝุ่น | #ตู้ใส่อุปกรณ์ออฟฟิศ #ตู้โชว์โมเดลใส #ตู้เก็บของหลายชั้น
1730476567231498273,#กระติกน้ำแข็ง #กระติก15ลิตร #กระติกPicnic | #กระติกน้ำ15ลิตร #กระติกน้ำพกพา #กระติกน้ำสีน้ำเงิน | #กระติกเก็บความเย็น #กระติกน้ำปิคนิค #กระติกน้ำแข็ง15ลิตร
1730340691008653439,#TOPPER #ท็อปเปอร์หนาๆ #ที่นอนท็อปเปอร์ | #TOPPERเกรดพรีเมี่ยม #ท็อปเปอร์นุ่มๆ #ฟูกที่นอน | #TOPPERปองกันปวดหลัง #ที่นอนหนาพิเศษ #ท็อปเปอร์ราคาถูก
1735141543517389978,#หูฟังบลูทูธ #หูฟังไร้สาย #หูฟังMINISO | #หูฟังบลูทูธไร้สาย #หูฟังเบสหนัก #หูฟังเกมมิ่ง | #หูฟังTWS #หูฟังออกกำลังกาย #หูฟังเสียงดี
1733348913294640342,#กล้องวงจรปิด #กล้องวงจรปิดไร้สาย #กล้องวงจรปิดwifi | #กล้องวงจรปิด2เลนส์ #กล้องวงจรปิด4K #กล้องวงจรปิดกันน้ำ | #กล้องวงจรปิดดูผ่านมือถือ #กล้องวงจรปิดบ้าน #กล้องวงจรปิดรักษาความปลอดภัย
1736086594482636335,#รถเข็น #โต๊ะข้างเตียง #รถเข็น3ชั้น | #รถเข็นมีล้อ #โต๊ะข้างเตียงมีล้อ #ชั้นวางของมีล้อ | #รถเข็นเก็บของ #โต๊ะวางของ #ชั้นวางของ3ชั้น
1734021895737804448,#หูฟังบลูทูธJeep #หูฟังTWS #หูฟังไร้สาย | #หูฟังบลูทูธ6.0 #หูฟังตัดเสียงรบกวน #หูฟังเกม밍 | #หูฟังโทรศัพท์Jeep #หูฟังบลูทูธเสียงดี #หูฟังไร้สายTWS
1730698298031311584,#ตู้เสื้อผ้า #ตู้เสื้อผ้า2บล็อค #ตู้เสื้อผ้าDIY | #ตู้เสื้อผ้าอเนกประสงค์ #ตู้เสื้อผ้าโครงเหล็ก #ตู้เสื้อผ้าประกอบ | #ตู้เสื้อผ้าสวยๆ #ตู้เสื้อผ้าพกพา #ตู้เสื้อผ้าแฟชั่น
1734021419891132064,#หูฟังบลูทูธ #หูฟังไร้สาย #หูฟังJEEP | #หูฟังบลูทูธJEEP #หูฟังไร้สายJEEP #หูฟังบลูทูธเสียงดี | #หูฟังไร้สายบลูทูธ #หูฟังJEEPEW138 #หูฟังบลูทูธไร้สาย
1729579032008887001,#ผ้ากั้นห้อง #ผ้าม่าน #ผ้ากั้นแอร์ | #ผ้ากั้นห้องราคาถูก #ผ้าม่านกันแดด #ผ้ากั้นห้องนอน | #ผ้าม่านห้องแต่งตัว #ผ้ากั้นห้องแต่งห้อง #ผ้าม่านมินิมอล
1735646520906188611,#PhilipsTAT1120 #หูฟังบลูทูธPhilips #หูฟังไร้สายPhilips | #หูฟังTrueWireless #หูฟังบลูทูธเสียงดี #หูฟังInEar | #หูฟังไร้สายBluetooth #หูฟังตัดเสียงรบกวน #หูฟังบลูทูธแท้
1734093064881800610,#กล่องเครื่องมือช่าง #กล่องเครื่องมือ #กล่องเก็บเครื่องมือ | #กล่องพลาสติก #กล่องใส่เครื่องมือ #กล่องเครื่องมือพลาสติก | #กล่องเครื่องมือราคาถูก #กล่องเครื่องมือพกพา #กล่องเครื่องมือช่างเหลืองดำ
